employee_id,task_id,skill_match,skill_proficiency,active_tasks,active_tickets,task_priority,days_until_deadline,completion_rate,on_time_rate,avg_completion_hours,qa_pass_rate,similar_task_success_rate,successful_completion
52,1,0.963,3,3,4,2,8,0.876,0.931,21.09,0.963,0.931,1
93,2,0.852,2,4,0,3,7,0.844,0.728,32.85,0.837,0.976,1
15,3,0.761,0,5,1,1,1,0.696,0.759,45.13,0.762,0.98,1
72,4,0.762,2,4,0,3,8,0.977,0.817,41.03,0.792,0.904,1
61,5,0.816,2,2,0,3,6,0.806,0.617,26.66,0.812,0.73,1
21,6,0.601,1,4,1,2,7,0.671,0.779,53.05,0.593,0.729,0
83,7,0.945,3,7,1,3,6,0.923,0.758,32.73,0.955,0.936,1
87,8,0.743,2,3,1,2,10,0.825,0.854,34.59,0.811,0.896,1
75,9,0.811,2,3,1,2,2,0.825,0.787,31.67,0.882,0.99,1
75,10,0.638,1,3,1,2,10,0.62,0.704,45.82,0.674,0.69,1
88,11,0.788,1,1,2,1,9,0.784,0.596,43.3,0.831,0.865,1
100,12,0.679,3,1,1,3,3,0.871,0.935,33.9,0.781,0.861,1
24,13,0.74,2,10,1,3,5,0.75,0.669,50.69,0.871,0.831,1
3,14,0.55,2,1,0,2,6,0.767,0.747,33.93,0.635,0.741,1
22,15,0.819,2,2,0,2,8,1.0,0.935,29.83,0.881,0.863,1
53,16,0.768,3,4,0,2,11,0.795,0.823,42.09,0.874,0.777,1
2,17,0.517,2,3,1,2,3,0.803,0.616,38.06,0.714,0.812,1
88,18,0.621,1,1,2,1,8,0.662,0.83,37.94,0.649,0.747,0
30,19,0.874,2,2,0,2,2,0.999,0.866,25.14,0.885,0.927,1
38,20,0.753,2,3,4,1,13,0.936,0.862,40.93,0.722,0.834,1
2,21,0.706,3,6,2,2,3,0.794,0.82,42.32,0.965,0.794,1
64,22,0.832,2,3,4,2,4,0.824,0.719,44.31,0.859,0.812,0
60,23,0.743,1,7,0,3,10,0.8,0.706,51.39,0.804,0.831,0
21,24,0.88,1,6,2,2,2,0.786,0.737,42.59,0.855,0.891,0
33,25,0.752,2,1,1,3,14,0.753,0.877,32.62,0.924,0.944,1
76,26,0.715,2,3,2,2,2,0.813,0.677,37.92,0.817,0.813,0
58,27,0.827,1,4,3,1,10,0.655,0.686,41.28,0.642,0.877,1
22,28,0.777,2,3,1,2,1,0.848,0.594,36.61,0.859,0.952,1
89,29,0.761,3,4,0,3,1,0.963,0.784,41.23,0.923,0.92,1
49,30,0.381,1,3,4,3,12,0.758,0.784,51.79,0.559,0.753,0
91,31,0.89,2,3,1,2,9,0.796,0.692,30.48,0.818,0.942,1
59,32,0.925,0,3,1,2,3,0.747,0.615,49.12,0.695,0.855,1
42,33,0.464,0,3,1,2,1,0.642,0.733,48.46,0.609,0.729,0
92,34,0.381,0,5,3,2,10,0.509,0.65,56.99,0.57,0.66,0
60,35,0.399,2,4,0,2,8,0.732,0.812,48.09,0.693,0.765,1
80,36,0.61,3,4,1,2,9,0.764,0.728,31.48,0.75,0.95,0
15,37,0.715,2,4,4,2,12,0.665,0.826,33.98,0.869,0.971,1
62,38,0.713,1,2,1,1,12,0.737,0.869,36.01,0.644,0.82,1
62,39,0.788,0,2,1,1,2,0.849,0.771,41.73,0.626,0.764,1
47,40,0.751,2,1,1,2,11,0.815,0.786,27.73,0.835,0.835,1
62,41,0.937,0,3,0,2,4,0.675,0.661,39.07,0.927,0.886,1
51,42,0.738,2,7,5,2,9,0.638,0.689,47.63,0.766,0.913,0
55,43,0.849,1,1,2,2,12,0.876,0.807,36.21,0.861,0.813,1
64,44,0.893,1,5,2,1,3,0.831,0.812,44.02,0.776,0.91,1
3,45,0.858,1,0,2,3,11,0.844,0.774,30.11,0.819,0.964,1
51,46,0.575,2,1,0,2,11,0.742,0.742,37.75,0.838,0.743,1
7,47,0.673,1,1,2,2,14,0.861,0.807,36.72,0.803,0.869,1
21,48,0.815,1,5,3,2,12,0.777,0.722,50.91,0.831,0.818,1
73,49,0.529,2,7,3,3,14,0.715,0.643,53.8,0.819,0.806,1
39,50,0.469,2,4,4,2,7,0.744,0.693,40.3,0.735,0.845,0
18,51,0.755,3,3,0,2,7,0.861,0.793,44.94,0.887,0.897,1
4,52,0.736,1,2,2,2,5,0.707,0.694,39.53,0.771,0.795,1
89,53,0.839,0,3,2,1,5,0.601,0.677,38.02,0.729,0.839,1
60,54,0.947,2,2,1,2,6,0.792,0.736,28.09,0.744,0.862,0
14,55,0.586,1,2,4,1,1,0.598,0.775,39.34,0.658,0.749,1
9,56,0.441,2,2,1,3,12,0.801,0.596,42.33,0.534,0.843,0
90,57,0.848,1,2,2,1,13,0.662,0.727,32.6,0.834,0.846,1
53,58,0.851,3,1,2,3,9,0.879,0.706,23.65,0.9,0.97,1
2,59,0.747,1,3,0,2,2,0.742,0.777,43.23,0.798,0.807,1
84,60,0.535,2,3,1,1,10,0.769,0.703,36.52,0.765,0.817,1
92,61,0.608,3,7,3,2,4,0.812,0.794,42.31,0.828,0.833,1
60,62,0.509,3,3,1,2,4,0.828,0.828,30.36,0.851,0.782,1
71,63,0.351,2,5,0,2,2,0.56,0.678,44.19,0.778,0.616,1
44,64,0.476,3,4,2,2,1,0.704,0.722,35.07,0.758,0.715,0
8,65,0.754,2,5,1,2,2,0.769,0.784,49.35,0.758,0.796,0
47,66,0.602,1,5,2,1,4,0.722,0.729,49.24,0.686,0.65,0
35,67,0.223,3,6,1,3,4,0.869,0.622,52.73,0.686,0.691,0
78,68,0.677,2,1,1,2,8,0.778,0.829,25.19,0.746,0.923,1
81,69,0.778,1,2,2,2,1,0.647,0.658,35.79,0.797,0.794,1
36,70,0.569,2,3,2,2,1,0.848,0.683,47.32,0.759,0.824,1
50,71,0.368,2,3,1,2,11,0.565,0.579,41.33,0.606,0.748,0
4,72,0.604,3,0,2,3,4,0.829,0.831,19.27,0.824,0.702,1
2,73,0.923,3,1,1,1,14,0.895,0.828,19.54,0.931,0.918,1
6,74,0.664,1,5,0,2,3,0.692,0.603,51.26,0.665,0.831,0
54,75,0.896,1,3,0,1,7,0.639,0.832,31.22,0.687,0.801,1
4,76,0.466,2,5,1,1,3,0.629,0.59,49.05,0.676,0.83,0
54,77,0.864,2,3,0,2,11,0.791,0.744,36.41,0.721,0.896,1
93,78,0.476,0,2,0,1,12,0.617,0.775,39.85,0.609,0.765,0
63,79,0.595,1,6,0,2,12,0.655,0.667,54.24,0.743,0.782,1
18,80,0.654,1,5,2,3,12,0.642,0.673,49.0,0.802,0.782,1
90,81,0.676,2,0,0,2,8,0.97,0.747,16.79,0.748,0.83,1
44,82,0.67,0,2,2,2,1,0.688,0.752,47.13,0.672,0.8,0
34,83,0.506,1,4,4,1,3,0.639,0.738,52.71,0.892,0.796,0
74,84,0.568,2,0,0,2,12,0.81,0.675,27.62,0.787,0.668,1
62,85,0.871,1,3,1,2,3,0.758,0.748,51.88,0.76,0.779,1
100,86,0.67,1,1,3,3,9,0.864,0.847,41.74,0.747,0.823,1
14,87,0.746,3,1,0,1,8,0.808,0.705,20.21,0.99,0.899,1
95,88,0.602,2,1,0,2,7,0.751,0.851,31.05,0.79,0.809,1
48,89,0.656,1,2,1,2,8,0.702,0.639,38.0,0.877,0.849,1
15,90,0.682,3,6,1,2,7,0.694,0.761,46.43,0.945,0.786,1
72,91,0.853,1,4,0,2,5,0.772,0.759,47.84,0.724,0.862,0
78,92,0.902,2,1,2,3,1,0.899,0.877,23.16,0.956,0.957,1
87,93,0.686,1,3,2,2,14,0.511,0.714,41.21,0.771,0.764,1
62,94,0.783,2,3,2,2,7,0.879,0.713,38.01,0.891,1.0,1
40,95,0.69,1,6,2,2,6,0.807,0.731,47.52,0.723,0.795,0
85,96,0.404,1,0,1,1,4,0.833,0.854,42.77,0.703,0.772,1
80,97,0.687,2,3,1,2,6,0.669,0.72,34.16,0.76,0.886,1
82,98,0.745,2,1,1,2,10,0.86,0.842,28.8,0.881,0.938,1
53,99,0.599,2,3,3,1,8,0.803,0.744,31.46,0.699,0.83,1
24,100,0.557,2,2,1,1,4,0.622,0.761,41.99,0.675,0.74,1
26,101,0.875,2,6,1,3,8,0.757,0.729,42.57,0.851,0.905,1
89,102,0.57,2,3,1,1,8,0.702,0.718,38.48,0.72,0.87,0
60,103,0.54,2,2,2,2,13,0.711,0.727,41.46,0.72,0.725,1
41,104,0.868,1,4,1,1,9,0.83,0.94,36.72,0.84,0.882,1
29,105,0.726,3,6,0,2,4,0.925,0.758,46.68,0.842,0.88,0
15,106,0.741,3,2,2,2,3,0.99,0.79,32.34,0.932,0.961,1
45,107,0.888,3,2,1,1,12,0.902,0.725,27.92,0.949,0.931,1
65,108,0.744,2,2,0,2,2,0.862,0.738,31.65,0.789,0.871,1
89,109,0.857,2,3,0,2,5,0.665,0.843,28.41,0.783,0.83,1
71,110,0.596,3,5,2,2,1,0.753,0.628,41.51,0.735,0.804,0
9,111,0.529,0,4,1,2,8,0.582,0.657,50.44,0.618,0.819,1
88,112,0.651,3,0,2,3,12,0.791,0.624,22.4,0.815,0.962,1
1,113,0.83,1,1,1,2,8,0.876,0.889,41.27,0.768,0.846,1
8,114,0.94,0,5,2,1,7,0.664,0.777,54.04,0.722,0.788,0
88,115,0.56,1,1,0,3,11,0.607,0.819,48.84,0.727,0.611,1
63,116,0.664,2,3,3,3,6,0.71,0.728,34.52,0.814,0.899,0
11,117,0.608,0,4,1,2,4,0.554,0.715,56.31,0.647,0.889,0
81,118,0.986,0,1,1,2,4,0.739,0.694,28.64,0.911,0.821,1
8,119,0.48,2,2,0,2,4,0.842,0.822,30.34,0.693,0.769,1
35,120,0.451,2,4,1,1,14,0.859,0.806,33.54,0.714,0.796,1
35,121,0.931,3,5,0,3,3,0.85,0.714,33.49,0.825,0.921,1
33,122,0.626,1,2,1,3,2,0.558,0.682,38.72,0.7,0.832,1
5,123,0.719,1,4,0,2,3,0.732,0.621,52.34,0.707,0.881,0
41,124,0.517,0,1,1,3,6,0.656,0.806,43.8,0.653,0.668,0
28,125,0.578,2,2,0,3,3,0.757,0.651,39.12,0.744,0.859,1
7,126,0.831,1,3,0,2,4,0.784,0.671,35.77,0.799,0.903,1
73,127,0.682,1,3,1,2,13,0.737,0.625,34.32,0.847,0.84,1
72,128,0.377,2,1,1,1,6,0.79,0.865,37.97,0.68,0.724,0
12,129,0.852,3,3,1,2,8,0.838,0.691,38.04,0.856,0.941,1
34,130,0.841,1,2,1,2,10,0.85,0.88,35.51,0.752,0.923,1
33,131,0.893,2,3,1,2,13,0.725,0.716,32.77,0.837,0.838,1
48,132,0.652,1,6,1,2,4,0.758,0.718,60.12,0.708,0.867,0
23,133,0.618,1,4,3,2,11,0.68,0.651,51.32,0.795,0.76,0
62,134,0.593,1,4,1,2,2,0.758,0.588,45.12,0.662,0.929,0
88,135,0.832,2,5,0,3,12,0.71,0.432,40.8,1.0,0.804,1
37,136,0.65,2,2,3,2,13,0.832,0.68,37.0,0.804,0.865,1
99,137,0.642,3,3,2,2,1,0.878,0.71,35.48,0.779,0.837,0
44,138,0.642,3,1,0,2,11,0.704,0.833,33.46,1.0,0.783,1
86,139,0.589,2,2,2,3,8,0.851,0.75,36.68,0.806,0.81,1
91,140,0.486,1,4,2,2,12,0.665,0.531,45.15,0.856,0.764,1
35,141,0.95,3,4,2,3,8,0.932,0.665,37.61,0.775,1.0,1
65,142,0.804,2,6,0,2,1,0.687,0.683,53.68,0.896,0.877,1
99,143,0.842,2,4,1,3,11,0.69,0.639,37.19,0.8,0.97,1
47,144,0.68,0,4,0,2,14,0.602,0.685,46.84,0.743,0.794,1
78,145,0.861,2,2,0,3,6,0.866,0.606,30.42,0.889,0.946,0
3,146,0.849,3,2,2,1,1,0.841,0.75,27.57,0.868,0.836,1
1,147,0.532,2,2,0,2,12,0.854,0.737,44.01,0.773,0.746,1
5,148,0.466,2,3,1,2,7,0.709,0.772,36.34,0.69,0.824,1
90,149,0.394,2,7,1,2,10,0.637,0.641,45.84,0.648,0.829,1
14,150,0.683,2,3,0,2,3,0.903,0.913,38.82,0.844,0.94,1
27,151,0.783,3,3,1,2,12,0.924,0.784,33.77,0.799,0.936,1
9,152,0.446,2,4,1,2,13,0.66,0.765,45.64,0.772,0.744,0
79,153,0.819,3,2,1,1,12,0.867,0.858,34.42,0.835,0.861,0
15,154,0.6,3,1,1,2,13,0.771,0.83,29.37,0.778,0.827,1
90,155,0.81,2,2,0,3,12,0.784,0.711,27.5,0.822,0.857,1
42,156,0.883,0,6,2,3,10,0.737,0.617,44.84,0.659,0.916,0
77,157,0.662,0,1,1,2,10,0.824,0.865,37.09,0.696,0.914,1
51,158,0.702,3,1,0,2,8,0.869,0.793,23.21,0.741,0.816,1
63,159,0.898,1,0,2,1,13,0.895,0.851,26.58,0.805,0.952,1
96,160,0.709,1,3,0,2,8,0.677,0.572,36.84,0.788,0.927,1
52,161,0.829,2,1,3,3,2,0.817,0.683,36.21,0.764,0.842,0
96,162,0.703,1,4,0,2,10,0.723,0.639,47.96,0.702,0.883,1
4,163,0.763,2,2,1,3,13,0.975,0.797,34.91,0.809,0.885,1
94,164,0.619,2,2,1,2,11,0.854,0.92,42.77,0.885,0.855,1
23,165,0.573,1,2,0,3,7,0.722,0.927,34.67,0.84,0.801,1
15,166,0.947,2,5,0,1,12,0.723,0.561,33.18,0.86,0.944,1
43,167,0.591,2,3,2,1,10,0.73,0.734,35.58,0.735,0.863,1
29,168,0.572,2,5,1,1,1,0.808,0.866,33.28,0.647,0.868,1
36,169,0.76,1,4,1,2,11,0.692,0.756,40.95,0.733,0.834,1
13,170,0.545,3,1,2,1,2,0.862,0.723,30.2,0.906,0.862,1
32,171,0.539,2,3,1,2,1,0.577,0.683,40.63,0.732,0.815,1
71,172,0.981,1,0,2,3,4,0.847,0.838,24.78,0.803,1.0,1
59,173,0.928,2,2,3,3,10,0.809,0.763,27.46,0.873,0.919,0
86,174,0.769,3,4,0,1,6,0.93,0.838,32.73,1.0,0.854,1
28,175,0.851,2,2,2,2,1,0.796,0.733,32.24,0.619,0.897,1
66,176,0.697,2,2,1,2,14,0.952,0.803,33.34,0.968,0.87,1
42,177,0.938,2,5,1,2,1,0.776,0.694,39.41,0.695,0.968,1
45,178,0.696,1,3,3,1,10,0.777,0.774,43.17,0.789,0.809,1
62,179,0.825,1,2,2,3,4,0.719,0.84,31.89,0.699,0.892,1
57,180,0.727,1,0,1,2,10,0.748,0.703,31.14,0.719,0.861,1
6,181,0.962,0,4,1,2,2,0.59,0.808,46.61,0.773,0.801,0
28,182,0.73,2,2,3,1,6,0.889,0.944,26.57,0.713,0.864,1
28,183,0.964,1,7,1,2,4,0.701,0.666,50.93,0.769,0.846,0
44,184,0.778,3,4,2,2,11,0.919,0.764,35.62,0.79,0.9,1
84,185,0.781,3,3,0,2,13,0.93,0.757,26.36,0.839,0.762,1
30,186,0.85,2,2,0,3,2,1.0,0.748,27.63,0.826,0.966,1
62,187,0.937,2,1,3,1,8,0.952,0.793,33.35,0.844,1.0,0
75,188,0.753,1,3,1,1,7,0.826,0.693,31.09,0.771,0.889,1
92,189,0.392,2,5,4,2,3,0.702,0.647,52.76,0.662,0.815,0
89,190,0.816,2,1,1,2,1,0.906,0.854,29.53,0.798,0.942,1
62,191,0.618,1,6,0,2,7,0.699,0.639,51.88,0.822,0.834,0
97,192,0.952,1,1,1,3,5,0.829,0.755,23.21,0.945,0.948,1
1,193,0.764,2,0,0,2,7,0.876,0.673,33.46,0.769,0.854,1
27,194,0.897,2,6,1,2,3,0.71,0.644,48.33,0.86,0.775,0
62,195,0.975,2,4,0,3,1,0.941,0.847,24.99,0.95,0.991,1
77,196,0.931,3,2,1,2,4,0.776,0.759,20.43,0.943,0.926,1
3,197,0.529,2,5,2,2,12,0.711,0.742,43.4,0.787,0.737,1
70,198,0.939,1,3,0,2,4,0.771,0.833,33.32,0.817,0.966,1
72,199,0.855,2,3,1,2,9,0.827,0.986,37.68,0.787,0.924,1
27,200,0.967,2,2,1,1,1,0.836,0.845,23.35,0.843,0.923,1
9,201,0.931,2,1,0,3,12,0.787,0.814,27.5,0.918,0.868,1
62,202,0.89,3,3,4,3,3,1.0,0.679,28.77,0.773,0.942,1
37,203,0.975,1,4,2,2,9,0.784,0.497,42.24,0.829,0.927,1
97,204,0.636,1,4,2,1,8,0.778,0.682,47.3,0.653,0.749,1
51,205,0.34,2,6,0,2,2,0.703,0.699,46.11,0.849,0.61,0
44,206,0.705,0,1,1,1,9,0.681,0.679,47.91,0.632,0.853,0
24,207,0.563,2,2,1,2,1,0.724,0.723,39.02,0.646,0.73,1
79,208,0.917,2,2,3,1,12,0.823,0.671,32.73,0.969,1.0,1
59,209,0.696,1,6,2,2,4,0.73,0.741,47.53,0.739,0.822,0
32,210,0.8,2,3,0,1,2,0.833,0.738,37.75,0.737,0.879,0
96,211,0.94,2,4,1,2,4,0.803,0.644,42.04,1.0,0.912,0
88,212,0.865,0,3,1,2,10,0.83,0.834,43.61,0.798,0.901,0
52,213,0.752,2,3,1,2,14,0.842,0.774,37.82,0.714,0.826,1
62,214,0.676,2,5,1,2,10,0.739,0.771,43.56,0.7,0.906,1
58,215,0.366,2,2,2,1,11,0.751,0.641,40.98,0.785,0.702,1
52,216,0.529,2,4,0,3,7,0.752,0.699,43.78,0.668,0.757,0
12,217,0.915,2,3,2,3,2,0.766,0.717,28.97,0.914,0.945,1
39,218,0.717,0,4,1,3,9,0.723,0.705,36.65,0.579,0.79,1
2,219,0.699,2,2,1,2,4,0.709,0.618,34.37,0.785,0.764,1
3,220,0.783,2,3,2,3,1,0.799,0.726,32.0,0.832,0.941,1
56,221,0.868,2,0,2,1,4,0.816,0.847,24.91,0.787,0.805,1
81,222,0.862,1,5,1,2,7,0.661,0.648,42.02,0.849,0.814,0
59,223,0.914,1,3,0,2,3,0.756,0.819,35.25,0.821,0.963,1
2,224,0.891,3,3,4,1,4,0.821,0.713,32.56,0.952,0.953,1
2,225,0.242,1,2,2,3,10,0.604,0.674,40.34,0.604,0.761,0
92,226,0.845,2,1,1,2,12,0.81,0.857,23.33,0.761,0.86,1
54,227,0.745,2,6,1,3,10,0.823,0.722,48.23,0.824,0.833,1
87,228,0.707,2,2,0,2,3,0.683,0.751,38.85,0.676,0.751,0
96,229,0.868,0,5,2,3,9,0.733,0.756,47.26,0.766,0.889,1
97,230,0.73,1,5,0,2,6,0.703,0.736,46.19,0.727,0.838,0
1,231,0.885,0,1,1,2,6,0.716,0.775,32.5,0.691,0.896,1
19,232,0.896,2,7,1,3,14,0.885,0.786,47.17,0.903,0.935,1
2,233,0.572,3,4,0,2,8,0.896,0.857,32.57,0.83,0.915,1
53,234,0.543,1,3,1,3,14,0.838,0.716,46.46,0.689,0.849,0
44,235,0.536,2,6,1,2,4,0.723,0.585,41.04,0.819,0.888,0
90,236,0.98,1,5,1,2,9,0.624,0.692,41.07,0.811,0.903,0
32,237,0.966,3,3,0,2,13,0.936,0.749,24.56,0.95,1.0,1
70,238,0.685,2,2,3,3,3,0.752,0.691,44.78,0.962,0.901,1
32,239,0.675,1,1,2,1,7,0.757,0.714,37.66,0.814,0.845,0
68,240,0.747,2,3,3,2,13,0.933,0.727,37.65,0.799,0.942,1
55,241,0.619,2,1,2,1,8,0.809,0.794,27.79,0.858,0.828,1
75,242,0.888,1,2,3,3,1,0.878,0.799,34.11,0.843,0.862,1
56,243,0.956,0,2,1,3,7,0.695,0.763,38.69,0.644,0.92,1
17,244,0.874,1,2,1,3,2,0.81,0.644,38.03,0.776,0.93,0
38,245,0.874,2,2,3,2,3,0.765,0.756,34.25,0.714,0.817,1
24,246,0.873,3,0,0,3,13,0.832,0.725,25.47,0.785,0.946,1
69,247,0.613,1,3,0,3,2,0.672,0.748,40.56,0.642,0.829,0
98,248,0.736,2,7,2,3,11,0.679,0.76,48.12,0.818,0.919,0
70,249,0.826,0,1,2,2,8,0.762,0.905,38.52,0.773,0.874,1
86,250,0.903,1,8,3,1,12,0.615,0.682,53.52,0.756,0.841,0
11,251,0.838,2,3,0,3,5,0.775,0.835,33.6,0.871,1.0,1
16,252,0.855,2,5,3,3,5,0.641,0.547,39.73,0.752,0.914,0
97,253,0.932,0,0,2,2,10,0.648,0.717,32.7,0.779,0.81,1
73,254,0.624,2,7,1,2,3,0.617,0.627,37.82,0.723,0.798,0
59,255,0.676,1,4,2,3,10,0.723,0.75,41.9,0.715,0.815,0
70,256,0.47,2,4,0,2,4,0.711,0.665,49.13,0.683,0.73,1
80,257,0.784,2,3,1,1,9,0.909,0.816,35.55,0.729,0.89,1
93,258,0.907,1,2,0,1,6,0.884,0.737,37.91,0.897,1.0,1
3,259,0.657,2,3,0,1,11,0.844,0.685,31.62,0.781,0.78,1
20,260,0.882,1,1,2,2,9,0.894,0.64,26.77,0.884,1.0,1
59,261,0.497,1,2,3,1,4,0.571,0.757,33.42,0.472,0.696,1
36,262,0.672,0,5,2,3,10,0.628,0.713,51.99,0.705,0.863,0
19,263,0.929,1,2,2,2,5,0.826,0.689,23.64,0.742,0.869,0
90,264,0.607,0,2,0,2,11,0.679,0.689,42.09,0.71,0.822,1
67,265,0.369,2,5,2,3,10,0.685,0.736,45.59,0.73,0.646,1
19,266,0.682,0,0,3,1,9,0.581,0.715,34.56,0.764,0.796,0
20,267,0.839,1,3,0,2,12,0.696,0.707,38.18,0.747,0.879,1
96,268,0.467,3,1,2,2,2,0.686,0.619,31.48,0.726,0.842,0
71,269,0.822,2,2,1,1,7,0.975,0.969,24.06,0.797,0.885,1
52,270,0.823,1,2,2,2,6,0.77,0.824,28.9,0.781,0.827,1
33,271,0.716,2,2,3,2,3,0.76,0.766,42.19,0.796,0.929,1
40,272,0.81,2,2,1,2,5,0.866,0.768,20.57,0.834,0.931,1
39,273,0.786,1,2,0,1,9,0.837,0.834,40.87,0.766,0.889,1
82,274,0.522,1,1,2,3,14,0.809,0.879,51.66,0.698,0.788,1
1,275,0.828,3,4,2,1,6,0.899,0.756,32.77,0.966,0.966,1
11,276,0.729,2,3,3,2,7,0.94,0.705,44.41,0.817,0.883,1
92,277,0.663,2,1,1,2,1,0.741,0.79,38.45,0.729,0.778,1
57,278,0.385,2,3,1,2,11,0.605,0.766,45.22,0.724,0.667,0
89,279,0.393,2,0,2,3,11,0.731,0.702,32.03,0.722,0.759,1
50,280,0.667,2,1,3,1,1,0.814,0.893,27.49,0.842,0.904,1
23,281,0.681,2,2,0,3,14,0.71,0.561,39.09,0.847,0.861,1
31,282,0.841,2,2,2,1,6,0.853,0.65,33.85,0.749,0.894,1
94,283,0.88,0,2,0,2,1,0.748,0.681,36.22,0.665,0.947,0
42,284,0.772,2,3,1,2,14,0.748,0.843,38.98,0.855,0.792,1
99,285,0.822,2,1,2,2,2,0.931,0.851,25.66,0.76,0.871,1
7,286,0.883,0,2,0,1,1,0.771,0.769,38.41,0.783,0.861,1
16,287,0.693,2,6,0,2,10,0.81,0.758,41.99,0.807,0.819,1
90,288,0.745,3,4,1,2,4,0.692,0.69,27.39,0.87,0.854,1
60,289,0.655,3,4,3,2,9,0.801,0.924,40.81,0.85,0.726,0
2,290,0.615,2,3,1,1,4,0.801,0.724,34.81,0.884,0.828,1
1,291,0.73,1,3,2,2,11,0.783,0.694,39.15,0.809,0.856,0
48,292,0.721,1,3,0,2,12,0.671,0.754,40.46,0.736,0.875,1
12,293,0.683,1,4,2,1,3,0.64,0.577,48.98,0.832,0.944,1
69,294,0.895,2,2,1,2,11,0.961,0.726,25.44,0.933,0.88,1
37,295,0.875,2,5,0,2,14,0.82,0.687,38.28,0.82,1.0,1
32,296,0.745,3,3,2,1,6,0.801,0.616,30.35,0.903,0.79,1
9,297,0.435,3,3,2,1,14,0.773,0.663,34.17,0.802,0.72,1
99,298,0.908,0,6,0,1,1,0.757,0.68,63.84,0.793,0.916,1
19,299,0.859,1,2,2,2,1,0.768,0.776,32.6,0.771,0.879,1
48,300,0.798,3,4,0,2,2,0.97,0.802,32.37,0.812,0.942,0
80,301,0.76,3,3,2,1,2,0.978,0.781,36.18,0.887,0.948,1
3,302,0.558,2,0,1,3,6,0.768,0.73,27.64,0.703,0.872,0
20,303,0.725,2,3,3,2,11,0.736,0.754,41.59,0.744,0.895,1
24,304,0.788,2,4,1,1,9,0.833,0.665,37.48,0.819,0.744,1
54,305,0.723,2,2,2,3,2,0.814,0.812,38.92,0.902,0.899,1
33,306,0.589,1,2,0,2,5,0.775,0.775,40.42,0.668,0.778,0
24,307,0.636,2,4,2,2,14,0.692,0.668,40.83,0.838,0.807,1
75,308,0.341,2,4,0,1,7,0.804,0.772,42.03,0.845,0.767,0
72,309,0.44,1,1,1,2,6,0.804,0.767,43.04,0.698,0.799,1
36,310,0.968,3,4,0,1,8,0.792,0.697,31.21,0.944,0.894,1
38,311,0.658,1,4,0,2,14,0.688,0.698,48.26,0.8,0.935,1
84,312,0.94,2,2,1,2,11,0.874,0.822,33.46,0.976,1.0,1
99,313,0.598,2,1,1,2,3,0.785,0.928,32.75,0.828,0.816,0
89,314,0.845,2,5,0,2,5,0.807,0.717,38.72,0.791,0.941,0
99,315,0.627,1,3,0,2,9,0.708,0.674,41.26,0.628,0.817,1
25,316,0.726,2,5,3,2,1,0.613,0.753,43.54,0.754,0.751,0
93,317,0.837,0,3,1,3,7,0.655,0.613,40.66,0.78,0.801,1
18,318,0.39,1,1,2,2,9,0.65,0.688,41.11,0.596,0.706,0
82,319,0.844,1,2,1,3,6,0.712,0.835,37.98,0.776,0.791,1
66,320,0.598,1,1,0,2,5,0.76,0.74,40.77,0.708,0.773,0
54,321,0.943,3,3,2,3,13,0.931,0.785,29.93,0.849,0.917,1
35,322,0.979,2,3,1,3,7,0.926,0.788,24.12,0.869,1.0,1
80,323,0.594,1,7,0,1,1,0.652,0.711,56.53,0.778,0.771,1
61,324,0.675,3,1,2,2,13,0.916,0.836,33.88,0.859,0.839,1
41,325,0.927,1,3,2,2,4,0.817,0.758,29.94,0.81,0.876,1
100,326,0.835,1,2,1,3,11,0.712,0.67,22.21,0.734,0.969,1
33,327,0.725,1,1,1,2,1,0.726,0.842,35.79,0.593,0.779,0
68,328,0.705,2,2,1,2,1,0.782,0.834,25.14,0.797,0.941,1
33,329,0.29,2,2,0,1,11,0.607,0.597,40.34,0.637,0.64,0
14,330,0.339,0,4,0,3,13,0.436,0.531,44.58,0.686,0.714,1
21,331,0.505,0,4,3,2,11,0.614,0.686,52.95,0.557,0.723,1
48,332,0.628,2,3,1,3,9,0.698,0.66,40.23,0.745,0.84,1
20,333,0.878,2,4,3,2,5,0.984,0.851,34.23,0.862,0.971,1
8,334,0.924,3,4,1,2,2,0.85,0.748,27.99,0.884,0.928,1
7,335,0.723,2,1,3,3,5,0.801,0.744,24.35,0.838,0.894,1
67,336,0.71,2,1,2,3,13,0.728,0.701,27.66,0.847,0.845,1
17,337,0.603,2,3,1,1,7,0.769,0.76,31.23,0.817,0.742,1
33,338,0.366,2,3,0,2,1,0.635,0.697,42.46,0.74,0.678,0
48,339,0.865,1,4,0,1,1,0.851,0.68,29.87,0.856,0.859,0
76,340,0.712,1,2,0,2,10,0.709,0.626,37.3,0.697,0.749,1
59,341,0.852,2,4,1,2,14,0.778,0.811,34.82,0.829,1.0,0
86,342,0.657,2,4,2,2,9,0.8,0.834,52.0,0.816,0.885,1
22,343,0.72,1,6,1,1,5,0.882,0.789,45.79,0.811,0.817,1
30,344,0.509,2,3,2,2,2,0.829,0.816,44.72,0.684,0.867,1
38,345,0.729,1,3,3,3,8,0.756,0.818,44.62,0.764,0.838,1
51,346,0.888,1,3,1,2,5,0.983,0.861,33.26,0.895,0.984,1
54,347,0.562,1,3,0,3,5,0.622,0.689,45.18,0.58,0.852,0
8,348,0.818,1,4,1,3,5,0.9,0.781,37.97,0.72,0.958,1
27,349,0.572,2,1,2,2,2,0.775,0.665,33.78,0.821,0.854,1
27,350,0.355,1,4,1,1,1,0.544,0.656,57.63,0.645,0.753,0
98,351,0.682,2,4,0,2,8,0.862,0.849,41.94,0.744,0.869,1
21,352,0.842,0,4,1,2,7,0.731,0.543,39.17,0.649,0.871,1
30,353,0.944,2,2,1,2,3,0.771,0.816,32.29,0.899,0.969,1
97,354,0.667,0,4,1,2,6,0.718,0.636,43.74,0.674,0.835,0
28,355,0.805,1,1,1,3,10,0.955,0.77,29.61,0.764,0.866,1
64,356,0.828,2,1,1,3,1,0.88,0.796,34.6,0.86,0.904,1
97,357,0.759,2,3,1,2,13,0.812,0.86,41.81,0.667,0.827,1
69,358,0.749,2,6,1,1,11,0.734,0.704,49.05,0.699,0.809,1
61,359,0.802,0,6,2,3,7,0.706,0.64,61.27,0.592,0.818,0
48,360,0.55,2,2,2,1,5,0.892,0.923,39.26,0.787,0.808,1
19,361,0.934,1,0,1,3,3,0.971,0.831,27.38,0.824,0.933,1
4,362,0.763,2,3,1,2,10,0.633,0.614,36.97,0.669,0.878,0
35,363,0.959,1,2,0,2,7,0.81,0.76,35.09,0.745,0.93,1
64,364,0.862,2,2,3,2,2,0.801,0.815,31.45,0.9,0.85,0
49,365,0.626,2,3,3,3,5,0.806,0.742,35.95,0.706,0.814,1
17,366,0.919,2,5,2,2,11,0.765,0.592,44.02,0.921,0.874,1
44,367,0.898,3,2,2,2,4,0.933,0.659,26.69,0.836,1.0,1
92,368,0.514,3,2,0,2,6,0.867,0.755,40.92,0.919,0.883,1
30,369,0.502,2,2,2,2,5,0.689,0.962,33.94,0.626,0.767,1
93,370,0.363,3,2,0,2,8,0.762,0.77,31.05,0.825,0.734,1
46,371,0.758,1,4,0,1,4,0.812,0.858,41.69,0.731,0.888,0
6,372,0.592,0,4,0,2,2,0.639,0.613,47.4,0.576,0.838,0
99,373,0.876,2,4,1,3,5,0.871,0.739,31.28,0.914,0.973,1
37,374,0.929,3,3,0,3,11,0.845,0.678,32.54,0.968,1.0,1
24,375,0.66,2,2,0,2,7,0.831,0.809,43.17,0.807,0.824,1
93,376,0.633,1,0,2,1,2,0.741,0.847,31.65,0.88,0.793,1
46,377,0.628,2,1,0,2,4,0.743,0.576,30.77,0.762,0.733,1
53,378,0.885,0,2,3,1,9,0.879,0.659,33.08,0.818,0.91,1
95,379,0.863,2,3,1,2,7,0.874,0.654,40.93,0.843,0.897,1
99,380,0.713,1,2,1,1,5,0.784,0.801,40.12,0.743,0.774,0
60,381,0.842,0,4,2,1,12,0.639,0.642,30.15,0.794,0.789,1
97,382,0.942,1,6,2,2,11,0.788,0.791,45.41,0.732,0.863,1
63,383,0.789,2,5,0,2,7,0.81,0.692,42.1,0.735,0.788,1
85,384,0.844,2,1,0,2,12,0.836,0.791,23.14,0.873,0.905,1
32,385,0.875,0,2,0,3,8,0.71,0.849,41.47,0.699,0.759,1
87,386,0.953,2,4,1,2,2,0.951,0.713,34.74,0.915,0.968,1
33,387,0.807,2,1,2,3,14,0.805,0.789,29.39,0.741,0.923,1
67,388,0.742,3,2,1,2,10,0.854,0.753,25.3,0.894,0.825,0
18,389,0.76,3,2,1,3,4,0.853,0.811,29.61,0.897,0.943,1
25,390,0.308,0,1,5,2,13,0.645,0.696,53.08,0.659,0.596,0
95,391,0.8,1,8,1,1,1,0.765,0.797,54.52,0.9,0.857,0
54,392,0.589,1,0,1,2,2,0.718,0.708,39.14,0.764,0.909,1
58,393,0.884,2,2,0,2,2,0.757,0.625,21.99,0.798,0.784,1
67,394,0.858,2,3,1,2,10,0.961,0.95,34.19,0.752,0.906,1
46,395,0.811,1,2,1,2,3,0.685,0.681,36.24,0.877,0.96,1
24,396,0.872,3,3,2,2,10,0.769,0.733,37.3,0.789,0.936,1
32,397,0.712,2,4,0,2,2,0.891,0.841,41.36,0.628,0.973,1
47,398,0.776,2,1,0,2,4,0.741,0.789,24.03,0.808,0.866,0
86,399,0.318,2,1,0,2,6,0.828,0.826,43.31,0.816,0.785,1
23,400,0.71,2,3,2,1,6,0.78,0.701,35.64,0.563,0.782,1
66,401,0.867,2,4,2,2,8,0.839,0.795,38.01,0.895,0.963,1
27,402,0.959,3,3,5,2,9,0.863,0.799,25.59,0.936,0.997,1
2,403,0.445,1,1,0,1,1,0.595,0.681,38.19,0.825,0.765,0
90,404,0.799,2,5,3,2,9,0.679,0.716,44.38,0.743,0.914,1
17,405,0.961,1,2,0,1,7,0.851,0.71,35.78,0.717,0.881,1
33,406,0.776,2,2,2,2,13,0.821,0.865,33.74,0.744,0.919,1
9,407,0.864,2,1,1,3,1,0.705,0.892,21.86,0.75,0.91,1
43,408,0.705,0,1,3,1,6,0.738,0.642,37.07,0.739,0.95,1
48,409,0.911,1,4,1,1,11,0.789,0.732,43.56,0.828,0.858,1
39,410,0.765,0,5,2,2,2,0.606,0.601,48.88,0.699,0.811,1
93,411,0.134,1,3,1,3,11,0.356,0.459,42.8,0.579,0.531,0
42,412,0.308,2,4,3,2,2,0.719,0.7,49.19,0.61,0.542,0
26,413,0.729,3,1,0,2,13,0.75,0.723,30.99,0.913,0.916,0
99,414,0.517,1,1,0,2,4,0.708,0.799,38.28,0.654,0.709,1
50,415,0.705,1,6,1,3,4,0.683,0.772,46.28,0.665,0.888,1
25,416,0.871,2,7,1,2,11,0.606,0.624,51.14,0.911,0.913,1
24,417,0.87,1,2,5,2,9,0.898,0.913,30.41,0.947,1.0,1
13,418,0.845,0,10,1,3,2,0.672,0.617,54.15,0.749,0.89,0
60,419,0.649,2,7,0,2,10,0.656,0.679,55.03,0.718,0.764,0
7,420,0.64,3,2,1,2,5,0.807,0.818,25.3,0.836,0.811,1
57,421,0.928,3,3,1,1,7,0.955,0.88,40.08,0.853,0.985,1
36,422,0.843,1,1,1,1,14,0.741,0.817,32.12,0.747,0.792,1
45,423,0.794,1,1,1,2,1,0.727,0.703,25.55,0.674,0.91,1
20,424,0.738,2,2,0,2,5,0.958,0.899,28.86,0.75,0.953,1
65,425,0.98,1,5,0,2,6,0.623,0.754,40.71,0.815,0.953,0
8,426,0.808,2,4,1,1,5,0.922,0.809,32.05,0.883,0.955,1
16,427,0.614,2,3,2,3,4,0.814,0.77,35.36,0.715,0.834,1
14,428,0.45,0,0,3,2,10,0.612,0.728,39.86,0.736,0.733,1
76,429,0.656,1,2,2,2,5,0.826,0.872,41.89,0.833,0.742,1
87,430,0.373,3,2,2,3,13,0.762,0.701,36.39,0.726,0.787,1
15,431,0.638,2,4,2,2,13,0.691,0.639,38.42,0.854,0.743,1
92,432,0.701,2,3,1,1,13,0.663,0.64,37.59,0.816,0.769,1
98,433,0.785,2,5,1,2,12,0.765,0.726,38.57,0.899,0.947,1
66,434,0.761,2,5,1,2,2,0.829,0.696,39.17,0.913,0.87,1
32,435,0.493,1,6,0,2,11,0.728,0.679,54.91,0.837,0.852,1
87,436,0.873,2,4,0,1,2,0.824,0.755,39.44,0.849,0.943,1
63,437,0.78,2,1,1,3,8,0.766,0.884,29.3,0.721,0.824,1
86,438,0.747,0,3,2,2,14,0.613,0.565,45.06,0.85,0.774,1
51,439,0.754,1,9,3,2,1,0.617,0.544,51.5,0.849,0.857,0
25,440,0.852,2,2,1,2,4,0.769,0.819,24.91,0.838,0.821,0
58,441,0.87,2,3,1,2,4,0.97,0.959,29.03,0.884,0.966,1
63,442,0.6,2,1,1,2,3,0.713,0.795,34.56,0.838,0.769,1
62,443,0.736,2,4,3,2,1,0.823,0.673,44.78,0.807,0.84,1
22,444,0.657,2,2,1,2,2,0.854,0.829,27.29,0.847,0.884,1
58,445,0.768,2,5,1,3,2,0.881,0.806,41.83,0.776,0.845,1
58,446,0.829,2,2,3,3,6,0.897,0.863,32.64,0.913,0.975,1
86,447,0.635,0,2,3,1,7,0.785,0.793,35.77,0.754,0.808,1
49,448,0.625,1,9,0,2,8,0.615,0.686,58.48,0.737,0.728,0
52,449,0.737,2,2,0,3,12,0.855,0.851,22.75,0.853,0.818,0
42,450,0.77,2,6,1,2,13,0.623,0.697,48.28,0.707,0.677,1
70,451,0.682,3,2,1,3,4,0.937,0.882,31.95,0.785,0.843,1
15,452,0.877,2,5,0,2,3,0.872,0.74,34.35,0.857,1.0,1
54,453,0.895,2,1,1,1,5,0.926,0.779,26.65,0.897,0.92,1
60,454,0.5,1,3,3,2,14,0.768,0.616,44.42,0.778,0.783,1
97,455,0.559,2,3,2,3,9,0.647,0.756,46.21,0.811,0.869,0
8,456,0.817,0,2,2,3,14,0.855,0.578,38.76,0.912,0.891,1
53,457,0.92,2,4,1,2,1,0.864,0.808,36.61,0.872,0.986,1
60,458,0.72,0,3,0,3,1,0.683,0.612,42.25,0.796,0.878,1
5,459,0.58,1,5,1,2,11,0.775,0.627,52.71,0.831,0.861,0
68,460,0.727,2,5,0,2,7,0.821,0.683,47.15,0.883,0.84,1
6,461,0.845,0,6,0,2,4,0.661,0.738,50.16,0.663,0.899,0
96,462,0.679,2,1,1,2,10,0.844,0.828,37.36,0.803,0.902,1
94,463,0.589,2,3,0,2,2,0.752,0.749,38.97,0.69,0.699,0
47,464,0.704,2,3,1,1,11,0.882,0.786,28.74,0.745,0.8,1
99,465,0.745,0,0,1,1,3,0.823,0.77,34.48,0.64,0.758,1
55,466,0.807,0,1,1,2,3,0.611,0.588,28.29,0.754,0.816,0
40,467,0.774,2,1,1,2,4,0.852,0.801,24.15,0.79,0.965,1
52,468,0.828,1,1,2,1,11,0.808,0.768,30.68,0.723,0.824,1
16,469,0.948,3,2,0,3,8,0.892,0.734,24.29,1.0,0.959,1
13,470,0.618,1,2,2,3,14,0.74,0.855,35.65,0.729,0.809,0
30,471,0.703,2,3,2,2,8,0.825,0.814,34.69,0.816,0.865,1
19,472,0.751,1,3,0,2,1,0.736,0.672,28.83,0.694,0.714,1
17,473,0.544,2,1,1,3,10,0.814,0.869,38.67,0.735,0.86,1
63,474,0.845,3,4,1,2,6,0.868,0.876,26.63,0.883,0.982,1
19,475,0.482,2,0,0,1,8,0.774,0.744,33.25,0.641,0.783,1
92,476,0.945,2,4,2,3,12,0.869,0.806,39.1,0.839,0.988,1
58,477,0.87,1,2,0,1,13,0.683,0.735,35.17,0.759,0.803,1
55,478,0.476,3,2,2,2,8,0.868,0.651,36.55,0.846,0.801,1
90,479,0.636,2,0,3,2,6,0.885,0.793,27.39,0.861,0.909,1
90,480,0.7,1,5,1,2,8,0.757,0.78,44.79,0.852,0.768,1
62,481,0.863,0,3,1,2,8,0.772,0.751,39.73,0.774,0.939,1
23,482,0.642,0,4,3,2,7,0.64,0.758,54.09,0.727,0.753,1
9,483,0.96,0,2,3,2,4,0.829,0.792,32.39,0.852,0.981,1
12,484,0.335,3,2,1,1,14,0.659,0.684,33.01,0.753,0.658,1
1,485,0.903,1,1,0,2,5,0.801,0.885,35.99,0.783,0.802,1
58,486,0.955,1,5,0,3,2,0.823,0.706,41.96,0.774,0.993,0
1,487,0.646,2,4,3,1,11,0.738,0.71,53.22,0.798,0.749,0
34,488,0.934,2,3,1,1,5,0.854,0.88,34.08,0.894,0.905,1
96,489,0.872,1,3,2,1,3,0.76,0.93,42.63,0.931,0.89,1
48,490,0.772,0,4,1,2,1,0.802,0.809,46.5,0.669,0.807,1
89,491,0.465,1,3,1,1,13,0.736,0.718,46.56,0.639,0.786,1
1,492,0.779,2,3,1,2,11,0.85,0.735,35.9,0.917,1.0,1
16,493,0.771,1,6,3,2,10,0.863,0.658,52.84,0.852,0.822,1
61,494,0.774,3,4,1,3,6,0.812,0.853,36.29,0.872,0.907,1
64,495,0.953,2,6,2,2,10,0.871,0.832,38.81,0.794,0.959,0
63,496,0.835,2,4,1,3,10,0.808,0.702,43.71,0.748,0.874,1
69,497,0.586,3,4,2,2,8,0.814,0.711,38.71,0.83,0.867,1
22,498,0.828,2,2,0,3,13,0.882,0.712,40.21,0.806,0.906,1
93,499,0.918,2,4,0,2,13,0.857,0.691,31.33,0.963,1.0,1
67,500,0.587,1,3,1,3,13,0.792,0.719,43.96,0.683,0.741,1
76,501,0.61,2,1,1,2,14,0.754,0.759,32.19,0.787,0.855,1
26,502,0.656,1,2,2,2,10,0.783,0.886,38.66,0.681,1.0,1
16,503,0.61,2,2,0,2,1,0.65,0.659,44.97,0.849,0.901,0
51,504,0.866,2,8,2,2,13,0.766,0.816,38.84,0.779,0.874,1
86,505,0.871,2,1,1,3,10,0.876,0.82,23.68,0.922,0.901,1
57,506,0.917,3,5,0,2,10,0.916,0.623,33.27,0.842,0.872,1
29,507,0.823,2,4,0,3,1,0.663,0.774,30.5,0.758,0.739,0
78,508,0.672,1,2,0,2,1,0.754,0.631,34.51,0.856,0.761,1
92,509,0.834,2,1,2,3,11,0.892,0.966,31.32,0.887,0.903,1
69,510,0.866,3,6,2,3,9,0.918,0.812,42.4,0.854,0.919,1
47,511,0.608,2,1,1,2,14,0.941,0.937,25.53,0.758,0.891,1
94,512,0.699,1,4,1,2,12,0.676,0.631,51.2,0.823,0.877,0
62,513,0.701,3,1,2,2,8,0.783,0.728,34.13,0.906,0.795,1
69,514,0.799,1,2,2,2,14,0.795,0.765,38.36,0.711,0.923,1
76,515,0.8,3,5,0,3,7,0.814,0.726,36.47,0.827,0.85,1
16,516,0.878,1,2,0,2,11,0.905,0.774,40.01,0.915,0.941,1
90,517,0.564,3,2,0,2,2,0.864,0.628,40.01,0.811,0.855,1
90,518,0.57,0,3,1,1,3,0.567,0.724,47.1,0.647,0.794,0
48,519,0.829,2,5,2,2,5,0.934,0.805,39.34,0.665,0.823,1
85,520,0.938,2,7,0,1,7,0.805,0.837,44.91,0.935,0.786,1
39,521,0.759,2,6,1,2,12,0.579,0.574,49.81,0.883,0.866,1
100,522,0.587,2,4,0,3,1,0.752,0.706,51.61,0.712,0.815,0
33,523,0.848,2,0,1,1,10,0.935,0.854,25.69,0.969,0.98,1
94,524,0.504,0,4,2,1,6,0.571,0.648,48.92,0.533,0.869,0
23,525,0.419,1,2,2,2,12,0.666,0.668,46.04,0.622,0.694,1
10,526,0.335,2,5,2,2,7,0.57,0.63,49.71,0.715,0.643,1
69,527,0.743,2,5,0,2,3,0.732,0.774,44.34,0.803,0.904,1
100,528,0.473,1,2,2,2,3,0.645,0.757,48.15,0.734,0.678,1
34,529,0.621,1,1,3,1,14,0.66,0.805,42.96,0.629,0.843,1
52,530,0.81,2,3,1,3,2,0.891,0.718,35.41,0.806,0.895,0
95,531,0.754,2,2,3,2,2,0.838,0.799,38.38,0.783,0.797,1
10,532,0.815,3,1,2,2,4,0.777,0.697,17.78,0.796,0.887,1
19,533,0.777,0,0,5,2,9,0.641,0.81,32.28,0.749,0.82,1
58,534,0.682,3,4,0,1,9,0.824,0.891,39.78,0.869,0.872,1
96,535,0.93,3,1,0,1,3,0.892,0.806,16.5,0.807,0.903,1
1,536,0.78,0,3,0,1,6,0.679,0.612,42.05,0.665,0.807,1
69,537,0.875,2,3,3,2,14,0.752,0.673,29.13,0.87,0.881,1
4,538,0.66,2,7,1,2,12,0.822,0.609,54.98,0.72,0.73,1
16,539,0.56,2,3,4,2,4,0.83,0.73,45.52,0.702,0.762,1
24,540,0.841,2,3,2,2,13,0.8,0.794,31.68,0.824,0.904,1
80,541,0.734,2,4,1,2,10,0.77,0.698,41.18,0.741,0.834,0
2,542,0.842,1,3,0,2,1,0.617,0.56,36.5,0.763,0.906,0
92,543,0.741,0,3,2,2,12,0.655,0.754,49.66,0.717,0.766,1
32,544,0.526,1,3,0,2,6,0.615,0.578,44.63,0.542,0.605,0
91,545,0.781,2,3,0,2,2,0.868,0.897,30.88,0.834,0.842,1
84,546,0.452,1,2,0,2,3,0.825,0.765,34.42,0.609,0.692,1
24,547,0.217,3,1,3,3,1,0.7,0.746,28.8,0.657,0.79,1
12,548,0.909,2,1,3,1,4,0.768,0.86,36.31,0.809,0.92,0
50,549,0.772,2,1,1,2,3,0.88,0.938,38.23,0.886,0.851,1
35,550,0.605,3,1,1,2,6,0.609,0.587,28.04,0.863,0.836,1
33,551,0.868,1,2,0,2,5,0.648,0.523,33.23,0.758,0.76,0
33,552,0.671,1,6,4,2,14,0.555,0.658,57.7,0.802,0.755,1
61,553,0.651,3,5,4,2,7,0.724,0.797,44.29,0.888,0.788,0
51,554,0.946,2,3,1,2,13,0.9,0.767,31.73,0.937,1.0,1
43,555,0.965,1,7,0,2,5,0.746,0.799,46.13,0.911,0.835,1
12,556,0.754,1,4,2,2,14,0.806,0.851,48.13,0.857,0.869,1
67,557,0.995,3,4,1,2,14,0.932,0.979,30.16,0.984,0.985,1
65,558,0.694,2,2,0,1,11,0.816,0.795,33.13,0.765,0.818,1
33,559,0.964,1,4,1,1,7,0.898,0.605,38.08,0.761,1.0,1
40,560,0.967,3,5,1,2,1,0.816,0.706,39.01,0.914,0.892,0
74,561,0.624,2,2,0,3,3,0.77,0.841,34.53,0.782,0.888,1
43,562,0.702,3,3,1,2,11,0.792,0.836,33.53,0.87,0.88,1
44,563,0.926,1,4,2,1,4,0.75,0.662,32.15,0.653,1.0,1
29,564,0.963,2,2,0,3,13,0.865,0.794,34.04,0.885,0.913,1
13,565,0.45,1,6,0,3,9,0.596,0.628,56.55,0.798,0.705,1
12,566,0.911,2,4,1,3,4,0.878,0.698,41.21,1.0,0.948,1
95,567,0.9,1,3,1,2,1,0.792,0.8,39.61,0.956,0.866,1
46,568,0.923,1,3,1,1,13,0.799,0.703,36.32,0.852,0.91,1
2,569,0.782,1,2,1,1,4,0.832,0.751,43.44,0.774,0.901,1
35,570,0.875,1,2,1,3,10,0.88,0.697,31.79,0.75,0.854,1
87,571,0.67,3,3,1,3,9,0.782,0.882,32.54,0.82,0.826,1
81,572,0.771,0,4,1,2,1,0.687,0.741,52.7,0.74,0.792,1
90,573,0.829,2,3,0,1,7,0.825,0.779,41.8,0.804,0.872,1
8,574,0.432,2,5,0,1,8,0.751,0.691,48.0,0.726,0.676,1
93,575,0.824,2,0,1,1,8,0.908,0.794,26.29,0.755,0.841,1
26,576,0.841,2,7,2,2,5,0.878,0.844,52.62,0.813,0.932,0
74,577,0.596,2,0,2,3,9,0.837,0.626,22.79,0.666,0.883,1
90,578,0.949,3,6,3,2,11,0.924,0.84,31.84,0.942,1.0,1
34,579,0.787,2,3,0,3,11,0.881,0.74,30.41,0.789,0.956,0
7,580,0.747,3,3,0,3,4,0.826,0.76,32.02,0.882,0.86,1
68,581,0.864,2,1,3,2,7,0.819,0.905,30.2,0.784,0.876,1
58,582,0.758,2,4,0,2,2,0.689,0.863,36.86,0.858,0.781,1
75,583,0.932,2,5,0,2,4,0.871,0.85,37.69,0.837,1.0,1
29,584,0.85,1,4,0,2,7,0.762,0.687,45.57,0.851,0.802,1
36,585,0.731,1,2,2,2,7,0.762,0.691,33.06,0.7,0.913,1
89,586,0.644,1,4,1,1,2,0.534,0.831,45.77,0.649,0.804,0
21,587,0.844,1,4,0,3,8,0.873,0.656,47.97,0.765,0.996,0
36,588,0.453,2,2,2,2,11,0.711,0.661,33.95,0.708,0.761,1
10,589,0.902,1,5,1,2,11,0.77,0.749,42.4,0.804,0.849,1
73,590,0.902,2,2,0,2,13,0.803,0.867,26.99,0.821,0.889,1
24,591,0.652,3,8,1,3,8,0.558,0.577,38.56,0.822,0.746,0
64,592,0.504,2,2,1,2,3,0.635,0.659,42.88,0.703,0.668,1
99,593,0.797,1,1,0,2,11,0.889,0.728,30.93,0.844,0.911,1
49,594,0.315,1,5,2,3,6,0.63,0.692,48.16,0.765,0.632,0
99,595,0.843,3,5,3,2,1,0.822,0.71,33.69,1.0,0.891,0
36,596,0.863,3,2,1,2,5,0.724,0.638,26.54,0.878,0.851,1
82,597,0.615,3,4,0,2,10,0.845,0.865,38.07,0.869,0.861,1
96,598,0.725,1,5,0,1,1,0.785,0.831,45.35,0.678,0.786,0
24,599,0.75,1,2,3,1,14,0.783,0.846,40.5,0.781,0.98,1
23,600,0.723,3,2,1,2,1,0.801,0.688,34.19,0.776,0.816,1
62,601,0.795,1,2,0,2,8,0.795,0.87,39.5,0.795,0.85,1
96,602,0.773,1,4,0,2,12,0.738,0.69,49.04,0.718,0.742,0
37,603,0.562,1,2,3,1,5,0.818,0.767,34.02,0.746,0.817,1
12,604,0.677,3,3,0,3,4,0.944,0.815,27.48,0.799,0.912,1
55,605,0.69,2,1,1,2,11,0.936,0.88,29.83,0.814,0.924,1
13,606,0.717,3,2,0,2,8,0.935,0.814,37.25,0.795,0.94,0
23,607,0.712,1,3,0,3,3,0.78,0.757,36.34,0.694,0.883,1
89,608,0.952,2,6,2,2,6,0.755,0.65,43.01,0.84,0.777,0
99,609,0.85,0,3,1,2,14,0.723,0.728,47.33,0.805,0.853,1
30,610,0.78,1,3,1,1,7,0.753,0.678,39.81,0.836,0.921,1
17,611,0.717,2,3,1,2,2,0.806,0.731,34.63,0.737,0.844,1
62,612,0.823,2,2,0,2,7,0.96,0.948,35.62,0.806,0.891,1
84,613,0.814,2,2,3,3,14,0.958,0.836,28.42,0.929,1.0,1
89,614,0.657,3,6,3,2,11,0.702,0.739,49.96,0.785,0.75,1
86,615,0.707,0,6,2,3,1,0.625,0.678,56.41,0.742,0.711,0
13,616,0.453,1,3,3,3,7,0.611,0.811,43.76,0.718,0.713,0
59,617,0.819,2,3,0,1,12,0.853,0.589,30.84,0.908,0.968,1
19,618,0.822,3,4,2,3,1,0.933,0.795,38.62,0.879,0.876,1
49,619,0.573,2,4,0,1,9,0.817,0.775,40.15,0.804,0.712,1
100,620,0.575,2,5,1,1,13,0.794,0.766,42.43,0.721,0.924,1
12,621,0.378,2,2,1,2,14,0.579,0.649,40.17,0.755,0.796,1
61,622,0.749,1,1,0,2,10,0.73,0.71,25.8,0.913,0.899,1
19,623,0.869,0,4,2,2,14,0.698,0.757,48.53,0.67,0.803,0
76,624,0.377,2,1,1,2,5,0.882,1.0,33.24,0.794,0.767,0
9,625,0.728,3,3,0,3,8,0.765,0.696,19.05,0.893,0.978,1
71,626,0.727,2,3,1,2,14,0.786,0.836,39.19,0.848,0.821,1
28,627,0.648,2,5,2,1,7,0.708,0.612,51.52,0.837,0.827,0
78,628,0.831,2,2,1,3,5,0.7,0.514,34.24,0.861,0.882,1
95,629,0.445,2,4,0,1,3,0.618,0.604,42.73,0.73,0.825,0
52,630,0.784,3,3,0,2,3,0.766,0.762,32.76,0.976,0.883,1
83,631,0.433,2,2,0,2,13,0.74,0.797,37.8,0.76,0.651,1
16,632,0.844,0,4,3,2,2,0.739,0.636,50.66,0.765,0.882,0
69,633,0.593,2,3,2,2,13,0.781,0.746,35.43,0.799,0.775,0
99,634,0.401,2,2,0,2,6,0.796,0.703,42.41,0.71,0.793,1
12,635,0.543,2,1,1,2,9,0.696,0.629,34.61,0.829,0.678,1
25,636,0.874,3,0,0,3,10,0.837,0.684,13.05,0.836,0.931,1
52,637,0.677,1,0,0,1,8,0.695,0.806,28.78,0.791,0.785,1
85,638,0.778,2,4,1,3,1,0.734,0.599,39.77,0.927,0.838,0
100,639,0.302,2,2,1,2,8,0.758,0.815,45.32,0.671,0.616,0
53,640,0.632,1,1,1,2,2,0.714,0.84,44.2,0.685,0.862,0
23,641,0.696,3,2,3,2,6,0.824,0.627,33.45,0.788,0.865,1
16,642,0.618,2,1,0,3,10,0.75,0.824,39.23,0.726,0.85,1
57,643,0.745,2,7,2,2,11,0.67,0.626,52.98,0.721,0.791,0
39,644,0.913,3,3,0,1,8,0.803,0.698,24.06,0.854,1.0,1
53,645,0.545,1,1,2,3,5,0.678,0.713,41.74,0.778,0.69,1
42,646,0.672,2,2,0,1,1,0.758,0.732,43.1,0.725,0.859,1
58,647,0.504,2,1,0,2,2,0.796,0.765,31.47,0.822,0.849,0
39,648,0.582,3,6,1,2,1,0.753,0.606,41.4,0.701,0.873,0
14,649,0.685,2,2,0,1,8,0.862,0.835,25.1,0.848,0.866,1
95,650,0.918,2,8,1,1,1,0.783,0.801,47.66,0.63,0.844,0
5,651,0.225,0,0,2,3,1,0.611,0.713,33.93,0.611,0.683,0
35,652,0.81,3,1,0,2,6,1.0,0.856,29.57,0.896,0.948,1
87,653,0.874,2,1,1,2,6,0.936,0.802,24.74,0.77,0.886,1
93,654,0.752,2,1,0,2,6,0.805,0.757,27.22,0.86,0.919,1
75,655,0.594,1,3,1,3,3,0.549,0.667,42.37,0.647,0.697,0
18,656,0.223,2,2,1,3,8,0.71,0.706,40.06,0.537,0.677,0
76,657,0.901,0,5,2,2,1,0.718,0.87,48.44,0.714,0.858,0
9,658,0.758,3,2,1,2,4,0.833,0.799,27.6,0.734,0.931,1
74,659,0.894,3,3,3,2,9,1.0,0.852,30.57,0.883,0.884,1
58,660,0.77,1,2,0,3,10,0.888,0.73,41.45,0.729,0.91,1
17,661,0.839,2,6,3,2,11,0.793,0.823,51.16,0.8,0.906,1
7,662,0.437,2,6,2,2,7,0.783,0.699,45.06,0.714,0.816,0
46,663,0.564,3,4,0,1,3,0.85,0.664,42.51,0.859,0.883,1
13,664,0.885,2,7,0,2,13,0.848,0.683,42.69,0.783,0.833,1
40,665,0.93,3,1,0,2,14,0.912,0.943,21.14,0.934,0.904,1
42,666,0.839,1,4,1,1,9,0.69,0.731,45.85,0.835,0.897,1
9,667,0.603,1,5,3,3,14,0.832,0.704,45.72,0.652,0.836,1
50,668,0.747,2,2,0,2,11,0.803,0.669,30.16,0.81,0.834,1
27,669,0.601,2,3,3,3,6,0.848,0.955,48.0,0.764,0.849,0
66,670,0.947,1,2,1,2,11,0.768,0.729,35.4,0.803,0.9,1
5,671,0.976,1,4,1,2,4,0.731,0.703,41.59,0.69,0.869,1
29,672,0.902,3,0,3,1,5,0.942,0.674,18.23,0.974,1.0,1
37,673,0.794,2,5,2,3,2,0.901,0.792,42.19,0.811,0.897,0
38,674,0.536,1,2,1,3,2,0.711,0.649,42.6,0.613,0.774,1
83,675,0.659,3,1,4,1,13,0.959,0.816,26.4,0.855,0.859,1
8,676,0.904,1,1,1,2,6,0.845,0.826,32.71,0.787,0.92,1
65,677,0.613,1,2,1,2,5,0.614,0.81,35.09,0.763,0.768,1
86,678,0.5,1,1,2,3,2,0.587,0.723,36.21,0.635,0.707,0
17,679,0.766,3,6,0,2,5,0.914,0.753,47.58,0.851,0.818,1
71,680,0.822,2,4,0,2,12,0.842,0.853,42.37,0.755,0.93,0
89,681,0.627,1,2,0,2,12,0.769,0.769,33.89,0.635,0.762,0
45,682,0.933,1,3,1,2,8,0.826,0.808,35.99,0.846,0.863,0
4,683,0.528,2,4,0,2,2,0.644,0.8,43.3,0.774,0.769,0
36,684,0.55,2,2,2,2,1,0.793,0.68,42.35,0.757,0.84,0
70,685,0.809,3,3,1,3,7,0.727,0.758,26.45,0.819,0.877,1
31,686,0.676,2,2,0,3,9,0.865,0.851,42.72,0.819,0.8,0
19,687,0.855,1,2,0,2,4,0.843,0.722,40.11,0.797,0.857,1
61,688,0.819,2,3,2,1,14,0.911,0.924,26.13,0.814,0.908,1
54,689,0.954,1,3,1,1,3,0.815,0.789,28.78,0.922,1.0,1
39,690,0.513,3,3,0,2,11,0.778,0.832,34.01,0.741,0.779,1
91,691,0.802,0,2,0,1,10,0.897,0.73,35.96,0.702,0.89,1
74,692,0.812,1,1,0,2,1,0.832,0.645,30.88,0.684,0.857,0
90,693,0.605,2,4,1,2,2,0.798,0.674,35.92,0.751,0.758,1
19,694,0.522,0,0,0,1,9,0.569,0.86,39.68,0.753,0.701,1
39,695,0.689,1,5,2,1,12,0.72,0.606,47.2,0.701,0.71,1
67,696,0.739,2,5,2,2,7,0.64,0.644,39.73,0.765,0.821,1
45,697,0.59,2,0,1,2,11,0.938,0.841,27.01,0.836,0.741,1
13,698,0.712,2,2,1,2,1,0.799,0.795,39.12,0.694,0.843,0
92,699,0.666,3,2,1,1,13,0.765,0.739,25.0,0.753,0.857,1
58,700,0.657,2,2,4,1,13,0.796,0.814,35.52,0.856,0.763,1
20,701,0.899,3,3,1,2,7,0.923,0.791,23.11,0.959,1.0,1
92,702,0.439,1,2,1,3,4,0.714,0.789,31.87,0.55,0.746,0
72,703,0.685,1,4,1,2,14,0.789,0.684,45.23,0.893,0.891,0
61,704,0.432,2,4,2,2,2,0.591,0.774,50.17,0.778,0.765,0
39,705,0.783,1,1,3,2,6,0.705,0.743,33.37,0.752,0.784,1
1,706,0.473,1,3,0,2,10,0.649,0.773,42.53,0.68,0.753,0
3,707,0.735,3,3,2,3,11,0.81,0.731,36.96,0.875,0.96,1
77,708,0.82,2,2,1,1,6,0.81,0.655,30.56,0.882,0.992,1
92,709,0.931,1,5,1,2,13,0.911,0.838,45.07,0.931,1.0,1
62,710,0.91,2,3,1,2,8,0.778,0.67,35.43,0.903,0.82,1
63,711,0.8,0,4,2,2,13,0.75,0.75,49.07,0.717,0.868,1
25,712,0.901,2,3,3,2,5,0.984,0.8,43.65,0.896,0.984,1
56,713,0.399,0,3,2,2,5,0.634,0.636,46.52,0.625,0.768,0
33,714,0.771,1,6,1,3,6,0.7,0.556,45.89,0.756,0.801,0
38,715,0.967,0,0,1,2,9,0.706,0.727,23.04,0.68,1.0,1
6,716,0.565,3,4,1,1,10,0.723,0.732,32.07,0.678,0.785,0
58,717,0.844,0,4,1,2,10,0.689,0.677,45.33,0.611,0.796,1
44,718,0.502,2,0,3,2,7,0.645,0.712,30.0,0.689,0.724,0
45,719,0.697,1,1,0,3,3,0.79,0.879,39.83,0.743,0.906,1
32,720,0.498,1,1,0,3,9,0.901,0.899,34.27,0.638,0.86,1
45,721,0.615,2,3,1,2,1,0.812,0.755,35.41,0.7,0.854,1
61,722,0.593,2,2,1,2,9,0.701,0.748,28.31,0.806,0.797,1
47,723,0.561,2,3,0,3,13,0.772,0.721,39.5,0.825,0.754,1
21,724,0.711,3,0,0,2,6,0.898,0.726,22.08,0.893,0.893,1
80,725,0.601,1,4,0,2,2,0.722,0.623,48.45,0.738,0.826,0
85,726,0.768,0,8,1,2,1,0.73,0.804,52.5,0.757,0.858,1
75,727,0.467,3,7,1,2,13,0.58,0.527,44.16,0.841,0.818,1
36,728,0.744,3,3,2,2,8,0.857,0.835,18.33,0.804,0.821,1
99,729,0.459,2,4,1,1,4,0.804,0.716,42.17,0.797,0.73,0
19,730,0.632,2,2,0,2,14,0.795,0.718,38.3,0.786,0.774,1
20,731,0.543,1,3,3,1,11,0.598,0.633,43.08,0.658,0.673,0
57,732,0.779,2,2,2,3,14,0.774,0.718,28.27,0.833,0.844,1
18,733,0.708,1,2,2,2,8,0.824,0.867,39.88,0.746,0.881,0
47,734,0.451,3,8,0,2,7,0.719,0.594,58.47,0.928,0.881,0
49,735,0.916,1,3,2,2,5,0.771,0.835,40.38,0.745,0.844,1
14,736,0.823,1,0,0,1,12,0.699,0.707,29.45,0.803,0.84,1
15,737,0.791,2,5,1,3,4,0.573,0.699,35.2,0.814,0.848,0
31,738,0.63,1,2,1,2,14,0.818,0.819,45.0,0.76,0.933,1
1,739,0.623,2,2,2,1,4,0.721,0.826,32.92,0.885,0.924,0
54,740,0.797,3,3,1,2,7,0.761,0.86,36.43,0.803,0.868,1
3,741,0.601,2,9,1,1,8,0.679,0.614,52.98,0.817,0.815,1
16,742,0.908,3,2,1,2,14,0.831,0.725,28.48,0.913,1.0,1
87,743,0.624,0,3,2,2,8,0.804,0.6,42.83,0.677,0.761,0
57,744,0.698,1,5,0,3,7,0.649,0.536,45.86,0.715,0.957,1
75,745,0.579,3,1,2,3,1,0.958,0.715,32.65,0.807,0.752,0
12,746,0.328,1,3,0,1,1,0.634,0.737,41.02,0.621,0.551,1
74,747,0.634,2,3,0,2,1,0.847,0.72,29.68,0.83,0.873,1
96,748,0.753,2,3,0,3,14,0.804,0.721,31.44,0.993,0.861,1
16,749,0.592,2,2,1,2,11,0.834,0.845,32.44,0.792,0.824,1
72,750,0.343,2,2,2,2,3,0.739,0.805,40.65,0.872,0.705,0
76,751,0.96,2,6,0,1,3,0.885,0.768,50.11,0.925,0.908,1
24,752,0.69,3,4,0,2,1,0.883,0.597,36.84,0.905,0.906,1
28,753,0.818,1,1,2,1,12,0.843,0.761,38.01,0.78,0.803,1
8,754,0.571,2,4,2,1,12,0.661,0.708,41.44,0.778,0.862,0
92,755,0.356,1,6,2,1,5,0.498,0.622,56.67,0.678,0.628,0
36,756,0.489,2,4,2,3,8,0.801,0.749,49.93,0.907,0.736,0
90,757,0.752,1,2,2,3,13,0.904,0.825,39.59,0.904,0.904,1
8,758,0.914,2,2,1,3,2,0.831,0.634,30.17,0.877,0.993,1
58,759,0.691,1,4,1,3,7,0.601,0.699,46.18,0.675,0.786,1
60,760,0.743,1,2,0,2,11,0.799,0.934,32.77,0.826,0.922,1
50,761,0.694,2,5,1,2,3,0.744,0.652,44.56,0.956,0.878,1
28,762,0.855,1,4,1,3,10,0.742,0.715,38.65,0.825,0.811,1
92,763,0.306,2,4,2,3,2,0.786,0.622,48.07,0.68,0.772,1
41,764,0.633,2,3,0,2,6,0.607,0.759,32.91,0.66,0.713,0
100,765,0.478,0,1,0,1,10,0.593,0.657,39.39,0.784,0.785,1
64,766,0.766,1,2,0,1,14,0.758,0.787,39.54,0.779,0.875,0
27,767,0.867,3,4,1,2,5,0.748,0.786,34.1,0.951,0.877,1
63,768,0.428,3,3,1,1,10,0.844,0.734,38.34,0.739,0.676,1
17,769,0.947,1,4,3,2,13,0.835,0.843,36.88,0.795,1.0,1
73,770,0.374,0,1,0,3,8,0.735,0.694,50.36,0.559,0.721,0
33,771,0.905,1,5,2,1,7,0.822,0.726,45.53,0.909,0.994,0
84,772,0.934,2,0,1,1,7,0.887,0.741,28.78,0.705,0.939,1
77,773,0.285,2,5,1,3,1,0.501,0.816,49.52,0.603,0.696,1
92,774,0.825,1,2,1,2,6,0.768,0.753,33.62,0.749,0.89,1
29,775,0.829,1,2,1,2,14,0.685,0.657,33.23,0.803,0.861,1
13,776,0.359,3,2,1,2,6,0.833,0.804,32.61,0.825,0.614,1
46,777,0.387,2,2,1,3,5,0.767,0.705,34.49,0.653,0.708,1
35,778,0.513,2,2,2,2,5,0.783,0.738,43.73,0.862,0.785,1
6,779,0.694,1,1,1,2,13,0.63,0.708,40.92,0.866,0.748,1
82,780,0.635,2,3,2,2,2,0.79,0.803,31.07,0.811,0.787,0
69,781,0.722,2,5,2,2,6,0.806,0.803,30.49,0.779,0.804,0
47,782,0.745,2,3,1,3,9,0.806,0.716,44.75,0.709,0.802,1
25,783,0.74,2,4,2,2,2,0.629,0.616,34.25,0.772,0.877,1
66,784,0.74,2,0,1,2,1,0.696,0.91,22.54,0.903,0.754,1
10,785,0.651,2,2,1,2,3,0.884,0.873,36.16,0.804,0.744,1
56,786,0.655,1,5,0,2,10,0.697,0.716,40.27,0.827,0.886,0
30,787,0.829,3,1,0,2,14,1.0,0.908,24.24,0.84,0.935,0
5,788,0.886,3,1,1,2,7,0.947,0.859,23.55,0.828,1.0,1
33,789,0.659,2,3,1,2,9,0.707,0.829,42.97,0.731,0.783,1
65,790,0.889,0,0,3,2,7,0.789,0.664,33.24,0.772,0.97,1
18,791,0.769,1,4,4,1,12,0.648,0.733,44.67,0.691,0.844,1
96,792,0.752,3,5,1,2,12,0.9,0.754,38.93,0.839,0.765,1
49,793,0.493,3,1,1,3,10,0.91,0.77,28.85,0.753,0.837,1
11,794,0.616,1,3,2,2,10,0.763,0.808,46.54,0.625,0.843,1
85,795,0.761,2,3,2,3,10,0.747,0.728,31.51,0.862,0.886,1
26,796,0.693,2,3,0,2,3,0.638,0.688,37.64,0.714,0.778,1
63,797,0.687,1,5,0,3,5,0.659,0.711,56.26,0.889,0.762,1
89,798,0.886,2,1,0,2,12,0.659,0.747,26.99,0.94,0.91,1
86,799,0.858,2,5,0,2,13,0.792,0.646,38.98,0.891,0.893,1
59,800,0.968,1,6,2,2,3,0.769,0.681,49.27,0.866,0.952,1
27,801,0.746,1,3,1,2,6,0.721,0.716,42.02,0.777,0.847,1
49,802,0.804,0,4,0,1,6,0.787,0.746,48.37,0.711,0.927,1
77,803,0.803,3,4,0,3,8,0.82,0.772,38.83,0.934,0.817,1
33,804,0.643,2,4,2,3,7,0.778,0.689,34.45,0.758,0.777,1
98,805,0.615,2,4,0,2,2,0.791,0.749,38.51,0.808,0.961,1
99,806,0.813,2,3,1,2,1,0.873,0.868,38.3,0.792,0.892,1
1,807,0.533,3,2,1,2,6,0.805,0.882,30.91,0.796,0.789,1
21,808,0.927,1,2,1,2,10,0.857,0.748,30.05,0.809,0.903,1
55,809,0.549,1,4,2,1,4,0.699,0.692,58.76,0.757,0.713,0
6,810,0.806,1,3,2,2,9,0.867,0.721,36.49,0.816,0.862,1
92,811,0.701,3,3,1,3,13,0.964,0.658,30.06,0.795,0.803,1
81,812,0.834,2,2,2,1,2,0.822,0.798,23.73,0.905,0.893,1
69,813,0.654,2,7,0,2,6,0.838,0.756,51.74,0.731,0.908,1
95,814,0.572,1,3,1,3,1,0.744,0.703,48.17,0.796,0.826,0
5,815,0.82,2,7,2,2,10,0.717,0.672,42.49,0.839,0.98,1
3,816,0.97,1,2,2,3,8,0.821,0.868,26.46,0.751,0.992,1
53,817,0.891,2,1,0,3,1,0.866,0.877,25.73,0.867,0.909,1
23,818,0.944,1,4,1,2,9,0.885,0.661,38.39,0.789,1.0,1
53,819,0.551,2,1,1,2,10,0.699,0.701,30.75,0.702,0.714,1
37,820,0.825,2,3,0,3,14,0.904,0.751,35.13,0.906,1.0,1
74,821,0.884,3,5,0,3,5,0.846,0.69,39.52,0.872,0.881,1
74,822,0.653,1,2,0,2,11,0.899,0.838,33.58,0.753,0.754,1
83,823,0.556,2,6,1,2,7,0.668,0.671,43.78,0.678,0.71,0
17,824,0.827,3,1,3,3,7,0.799,0.839,19.68,0.908,0.942,1
85,825,0.862,1,3,1,1,9,0.866,0.879,42.46,0.831,0.853,1
78,826,0.747,2,3,1,2,4,0.805,0.754,31.28,0.854,0.937,1
73,827,0.784,2,2,1,3,10,0.755,0.706,28.88,0.773,0.909,1
1,828,0.964,1,0,1,3,9,0.842,0.799,21.96,0.738,0.867,1
51,829,0.814,0,4,1,3,8,0.694,0.84,42.15,0.726,0.781,1
45,830,0.944,1,4,0,2,8,0.698,0.638,37.7,0.884,0.877,0
77,831,0.848,2,3,3,2,11,0.807,0.837,36.03,0.854,0.9,1
4,832,0.865,1,7,1,2,1,0.649,0.704,39.42,0.86,0.852,1
62,833,0.918,1,1,1,3,8,0.692,0.637,24.4,0.771,0.939,0
65,834,0.808,2,5,2,2,9,0.855,0.7,51.52,0.766,0.798,1
32,835,0.816,1,1,0,2,1,0.765,0.766,32.81,0.683,0.899,1
34,836,0.667,0,3,2,2,3,0.592,0.718,49.87,0.752,0.754,0
92,837,0.818,1,3,1,2,1,0.771,0.722,35.51,0.859,0.761,1
95,838,0.649,3,6,0,2,11,0.767,0.634,38.61,0.842,0.837,1
72,839,0.905,1,3,1,2,10,0.82,0.59,32.54,0.793,0.818,1
39,840,0.805,1,6,1,2,14,0.767,0.606,57.24,0.818,0.858,0
26,841,0.856,1,5,0,2,11,0.825,0.758,42.87,0.86,0.959,1
34,842,0.894,1,1,5,2,13,0.867,0.899,34.52,0.851,0.982,1
54,843,0.421,2,1,3,2,4,0.768,0.865,38.25,0.708,0.72,1
3,844,0.717,3,2,2,3,8,0.816,0.803,30.6,0.921,0.846,1
50,845,0.69,2,1,1,3,5,0.774,0.746,31.16,0.907,0.845,1
12,846,0.74,2,6,2,2,12,0.815,0.608,38.35,0.715,0.832,1
65,847,0.777,1,5,3,2,7,0.835,0.767,38.56,0.861,0.752,1
54,848,0.902,0,6,2,1,7,0.871,0.555,50.55,0.799,0.908,1
5,849,0.904,0,1,0,1,2,0.776,0.64,27.53,0.753,0.886,1
94,850,0.672,2,2,1,2,1,0.865,0.764,29.1,0.749,0.83,0
94,851,0.555,2,0,3,2,13,0.877,0.815,28.04,0.753,0.771,1
57,852,0.721,0,2,1,2,14,0.695,0.805,43.87,0.724,0.678,1
17,853,0.578,1,3,2,2,7,0.643,0.641,49.51,0.707,0.811,1
47,854,0.311,1,5,2,2,8,0.662,0.753,61.05,0.713,0.712,1
23,855,0.737,2,3,0,2,8,0.978,0.727,34.81,0.789,0.951,0
79,856,0.906,2,5,1,2,13,0.813,0.831,32.37,0.837,0.867,0
85,857,0.531,2,2,2,1,5,0.823,0.796,40.29,0.676,0.914,0
14,858,0.921,2,4,0,3,11,0.956,0.673,27.97,0.917,0.99,1
66,859,0.817,0,2,0,3,1,0.714,0.668,37.61,0.667,0.85,0
75,860,0.531,3,4,2,2,4,0.784,0.604,38.48,0.874,0.784,0
51,861,0.877,1,1,2,1,7,0.893,0.923,27.92,0.848,0.874,1
38,862,0.84,1,1,3,1,14,0.659,0.789,23.99,0.759,0.763,1
64,863,0.403,3,2,0,1,10,0.749,0.791,36.04,0.725,0.804,1
98,864,0.78,1,3,1,2,12,0.757,0.677,40.47,0.844,0.849,1
38,865,0.95,2,3,2,2,4,0.911,0.851,32.87,0.859,0.88,1
50,866,0.803,3,3,1,2,1,0.802,0.648,34.73,0.931,0.967,1
98,867,0.595,2,6,3,1,14,0.845,0.668,42.48,0.861,0.845,1
82,868,0.641,1,2,0,2,7,0.798,0.636,30.75,0.839,0.914,0
30,869,0.747,2,4,0,1,13,0.73,0.793,33.91,0.885,0.852,1
79,870,0.334,3,3,2,2,3,0.766,0.929,34.6,0.715,0.798,1
91,871,0.702,2,1,0,2,3,0.623,0.774,35.36,0.787,1.0,1
51,872,0.836,2,2,2,1,6,0.851,0.895,35.56,0.96,0.889,1
63,873,0.627,3,2,1,3,8,0.772,0.606,23.75,0.894,0.883,1
98,874,0.723,3,0,3,1,11,0.897,0.895,14.37,0.863,0.829,1
52,875,0.726,2,0,2,1,8,1.0,0.805,32.12,0.793,1.0,1
38,876,0.415,0,6,1,2,5,0.612,0.562,69.95,0.569,0.71,0
97,877,0.592,2,2,1,2,2,0.934,0.895,29.46,0.792,0.925,1
88,878,0.912,1,3,3,3,12,0.79,0.694,35.67,0.688,0.92,1
79,879,0.352,2,1,1,1,4,0.735,0.722,36.29,0.714,0.686,0
30,880,0.859,1,7,0,2,9,0.756,0.773,45.68,0.695,0.997,1
51,881,0.828,2,3,0,2,1,0.79,0.811,29.73,0.716,0.954,1
81,882,0.72,1,2,2,2,12,0.642,0.668,35.21,0.777,0.794,1
5,883,0.665,3,2,1,2,13,0.907,0.749,29.21,0.917,0.871,1
29,884,0.888,1,3,1,2,5,0.744,0.747,40.01,0.783,0.959,1
4,885,0.408,0,4,1,3,2,0.617,0.621,47.57,0.474,0.758,0
10,886,0.881,2,2,0,1,4,1.0,0.857,35.38,0.801,0.973,1
56,887,0.845,2,4,0,2,4,0.825,0.791,32.48,0.839,0.929,1
17,888,0.386,2,3,0,2,14,0.656,0.784,46.57,0.677,0.76,0
74,889,0.887,3,4,2,3,5,0.833,0.838,27.17,0.956,0.986,0
17,890,0.5,2,5,0,2,6,0.655,0.683,52.45,0.583,0.634,1
84,891,0.808,2,2,1,2,6,0.915,0.878,28.07,0.818,0.904,1
88,892,0.83,0,3,1,3,8,0.664,0.622,40.05,0.608,0.807,1
69,893,0.863,2,2,1,2,2,0.933,0.824,29.98,0.751,1.0,1
34,894,0.759,1,3,2,1,3,0.738,0.768,43.44,0.689,0.807,1
6,895,0.796,2,2,1,2,3,0.718,0.8,27.51,0.842,0.823,1
53,896,0.883,3,3,1,3,9,0.824,0.748,25.32,0.985,0.937,1
66,897,0.785,2,4,1,1,11,0.736,0.544,41.13,0.864,0.875,1
77,898,0.564,3,8,0,3,9,0.784,0.868,41.58,0.936,0.894,1
43,899,0.738,2,1,0,2,10,0.945,0.77,35.85,0.862,0.963,1
75,900,0.717,2,3,2,3,10,0.704,0.79,40.04,0.859,0.861,0
23,901,0.826,2,3,0,1,1,0.737,0.812,32.59,0.839,0.879,1
55,902,0.513,2,3,2,2,7,0.631,0.739,33.91,0.898,0.786,1
80,903,0.527,0,2,1,2,12,0.566,0.782,43.52,0.603,0.687,1
95,904,0.729,0,6,2,3,3,0.577,0.491,47.42,0.646,0.872,0
75,905,0.322,0,1,1,2,4,0.653,0.816,52.88,0.576,0.691,0
16,906,0.516,3,3,2,2,2,0.923,0.652,29.24,0.823,0.789,1
8,907,0.598,1,5,1,2,1,0.723,0.696,45.31,0.718,0.861,0
4,908,0.593,2,5,1,3,2,0.786,0.857,40.98,0.6,0.875,0
4,909,0.689,2,3,0,2,2,0.801,0.741,45.25,0.728,0.845,1
56,910,0.608,2,3,1,3,8,0.829,0.788,32.48,0.707,0.771,1
25,911,0.795,2,3,1,2,9,0.91,0.616,35.49,0.883,0.894,1
67,912,0.855,1,4,0,1,3,0.957,0.884,43.17,0.81,0.963,0
96,913,0.755,3,2,0,2,3,0.854,0.785,22.77,0.941,0.885,1
67,914,0.778,3,1,0,2,11,0.89,1.0,20.85,0.976,0.836,1
27,915,0.832,2,6,1,2,13,0.743,0.573,48.28,0.825,0.859,1
93,916,0.691,3,3,2,3,14,0.924,0.736,37.02,0.889,0.824,1
32,917,0.582,0,5,3,2,8,0.635,0.589,62.93,0.689,0.782,1
50,918,0.748,1,4,1,2,9,0.829,0.865,32.38,0.692,0.819,1
61,919,0.302,2,3,3,3,8,0.8,0.754,37.74,0.689,0.693,0
51,920,0.204,3,3,1,1,8,0.725,0.9,44.93,0.723,0.696,1
19,921,0.958,1,2,1,2,10,0.65,0.691,37.58,0.887,0.936,1
21,922,0.909,2,2,0,2,11,0.855,0.732,33.71,0.859,0.996,1
5,923,0.775,0,2,1,2,5,0.779,0.799,41.32,0.715,0.893,1
82,924,0.729,3,2,2,1,2,0.971,0.874,24.34,0.759,0.929,1
92,925,0.945,2,2,1,2,8,0.931,0.803,32.31,0.881,0.837,1
42,926,0.438,1,3,0,2,13,0.749,0.859,47.41,0.618,0.798,1
61,927,0.901,3,5,0,2,7,0.996,0.646,33.31,0.882,0.964,1
22,928,0.78,0,3,1,3,8,0.74,0.63,42.0,0.749,0.775,1
21,929,0.868,2,2,1,2,13,0.879,0.909,28.77,0.819,0.915,1
70,930,0.638,0,5,4,2,3,0.633,0.664,54.67,0.6,0.63,0
1,931,0.714,1,4,1,1,5,0.77,0.782,43.37,0.693,0.822,1
5,932,0.88,1,5,1,2,6,0.714,0.622,42.19,0.823,0.902,0
12,933,0.917,1,7,1,1,4,0.713,0.686,51.5,0.928,0.98,0
90,934,0.668,3,3,2,1,9,0.79,0.772,40.11,0.745,0.813,1
46,935,0.623,2,2,0,1,9,0.744,0.833,36.16,0.735,0.741,1
34,936,0.689,1,2,2,1,5,0.535,0.622,38.57,0.622,0.829,1
49,937,0.87,2,4,2,2,10,0.75,0.808,34.1,0.957,0.96,1
78,938,0.76,2,3,1,2,10,0.755,0.602,31.59,0.807,0.827,1
90,939,0.19,3,2,1,1,5,0.837,0.731,37.04,0.763,0.715,1
45,940,0.555,2,3,2,2,6,0.799,0.809,37.53,0.858,0.904,0
27,941,0.555,2,9,3,1,1,0.81,0.674,69.27,0.694,0.721,0
73,942,0.528,1,1,0,2,2,0.672,0.782,39.1,0.756,0.776,1
26,943,0.721,1,5,1,1,6,0.661,0.759,52.05,0.588,0.935,1
47,944,0.866,2,7,1,1,7,0.743,0.615,44.31,0.753,0.848,1
86,945,0.968,2,4,0,2,11,0.895,0.694,21.95,0.842,1.0,1
56,946,0.404,2,1,1,2,8,0.771,0.923,39.28,0.702,0.72,1
94,947,0.711,2,2,3,2,4,0.862,0.803,38.97,0.839,0.727,0
63,948,0.802,2,3,0,2,8,0.754,0.899,37.18,0.805,0.82,1
48,949,0.886,3,9,0,2,2,0.87,0.632,44.59,0.96,0.959,1
61,950,0.75,3,2,0,3,7,0.879,0.771,30.87,0.85,0.885,1
81,951,0.896,2,1,0,2,2,0.866,0.732,27.91,0.981,0.92,0
26,952,0.791,2,1,1,2,7,0.849,0.77,25.94,0.828,0.916,1
36,953,0.723,2,1,2,2,5,0.905,0.884,37.0,0.876,1.0,1
1,954,0.662,1,1,4,3,4,0.794,0.791,30.69,0.833,0.779,1
8,955,0.523,3,7,3,2,6,0.667,0.694,57.63,0.797,0.732,0
99,956,0.862,0,2,1,1,10,0.628,0.634,37.07,0.683,0.891,1
52,957,0.525,2,2,1,2,1,0.746,0.693,36.41,0.784,0.726,0
79,958,0.941,1,3,2,1,14,0.781,0.699,28.02,0.888,0.985,1
47,959,0.648,2,2,0,3,9,0.859,0.802,29.89,0.715,0.858,1
56,960,0.827,1,5,1,3,14,0.673,0.798,43.87,0.799,0.807,1
86,961,0.601,3,2,1,2,3,0.811,0.678,34.51,0.804,0.734,1
14,962,0.833,1,3,0,2,9,0.631,0.827,40.1,0.789,0.855,1
90,963,0.52,3,2,0,2,10,0.884,0.725,32.72,0.781,0.773,1
28,964,0.799,3,2,0,2,1,0.765,0.708,27.09,0.847,0.833,0
87,965,0.713,2,4,1,2,1,0.722,0.492,44.68,0.939,0.881,0
78,966,0.512,2,2,0,2,4,0.704,0.594,39.41,0.817,0.787,1
88,967,0.602,1,2,2,2,9,0.644,0.78,40.46,0.677,0.726,1
2,968,0.939,3,8,2,3,2,0.813,0.67,29.12,0.868,0.896,0
26,969,0.622,2,4,5,1,8,0.841,0.806,47.75,0.773,0.822,0
14,970,0.422,1,4,0,2,7,0.635,0.67,46.02,0.613,0.739,1
59,971,0.867,2,4,2,2,7,0.712,0.654,31.3,0.824,0.785,1
56,972,0.958,0,2,3,2,2,0.751,0.876,33.57,0.762,0.819,0
7,973,0.748,2,6,0,1,1,0.727,0.506,50.63,0.817,0.842,1
3,974,0.785,1,1,0,1,11,0.653,0.76,27.02,0.711,0.899,1
23,975,0.846,2,5,2,2,4,0.968,0.738,47.62,0.842,0.878,1
18,976,0.452,2,2,3,2,4,0.748,0.735,37.32,0.717,0.787,1
38,977,0.937,1,0,1,1,2,0.805,0.764,20.8,0.851,0.913,1
99,978,0.737,3,1,2,2,4,0.909,0.81,30.18,0.836,0.819,1
15,979,0.876,2,4,1,2,12,0.876,0.56,33.17,0.767,0.93,1
64,980,0.675,2,2,2,2,3,0.89,0.897,23.21,0.834,0.841,1
89,981,0.879,3,2,2,1,4,0.804,0.724,28.36,0.933,1.0,1
28,982,0.729,3,4,1,1,11,0.802,0.53,23.89,0.799,0.939,1
74,983,0.827,2,1,0,2,9,0.782,0.69,28.43,0.89,0.907,1
39,984,0.864,1,2,1,1,4,0.85,0.799,32.8,0.755,0.774,1
57,985,0.698,2,4,2,2,1,0.555,0.589,43.86,0.844,0.822,1
17,986,0.431,3,2,0,2,1,0.76,0.853,35.43,0.734,0.67,1
86,987,0.648,2,3,0,3,5,0.834,0.815,44.44,0.704,0.787,0
90,988,0.837,2,3,1,1,7,0.949,0.803,36.38,1.0,0.971,1
44,989,0.741,3,4,4,2,3,0.904,0.642,43.22,0.843,0.825,0
25,990,0.589,0,3,1,2,3,0.595,0.614,48.62,0.614,0.758,0
17,991,0.695,0,3,0,2,11,0.759,0.791,40.33,0.622,0.711,1
13,992,0.876,3,2,1,2,5,1.0,0.778,29.92,0.788,0.901,1
84,993,0.77,0,3,1,2,6,0.731,0.696,46.99,0.726,0.817,1
25,994,0.596,1,4,1,1,11,0.74,0.666,42.92,0.739,0.837,1
68,995,0.749,3,3,2,3,6,0.923,0.806,32.28,0.798,0.88,1
10,996,0.828,2,3,3,1,10,0.82,0.668,38.48,0.768,0.836,1
67,997,0.616,2,2,0,2,10,0.622,0.685,38.97,0.749,0.817,1
18,998,0.57,2,4,3,3,11,0.785,0.706,39.96,0.799,0.941,1
100,999,0.84,1,4,2,3,9,0.658,0.674,37.89,0.793,0.917,1
86,1000,0.718,2,5,1,3,1,0.793,0.79,47.34,0.775,0.904,0
34,1001,0.778,2,3,2,2,5,0.673,0.808,34.77,0.828,0.85,0
8,1002,0.746,1,4,3,1,6,0.666,0.586,40.34,0.952,0.857,1
40,1003,0.885,2,2,0,2,8,0.801,0.766,34.83,0.875,0.847,1
83,1004,0.878,1,0,3,2,5,0.83,0.625,25.45,0.798,0.76,1
42,1005,0.961,0,2,0,2,11,0.761,0.703,40.47,0.757,0.824,1
41,1006,0.704,1,3,0,2,5,0.829,0.754,45.35,0.668,0.917,1
6,1007,0.969,2,2,0,3,10,0.807,0.659,23.68,0.853,1.0,1
52,1008,0.6,3,3,2,2,10,0.908,0.691,32.49,0.828,0.894,1
26,1009,0.278,2,8,1,3,8,0.657,0.64,62.43,0.725,0.687,0
64,1010,0.882,0,4,1,3,10,0.832,0.854,42.65,0.761,0.88,1
98,1011,0.826,1,1,0,2,11,0.807,0.762,30.7,0.846,0.828,1
59,1012,0.753,2,3,3,3,10,0.74,0.627,36.98,0.838,0.877,1
56,1013,0.957,1,5,2,2,7,0.64,0.573,44.68,0.617,0.902,0
59,1014,0.674,0,4,1,3,9,0.554,0.681,43.37,0.58,0.75,1
70,1015,0.698,2,8,1,2,8,0.62,0.657,54.18,0.73,0.801,0
33,1016,0.783,2,1,1,3,13,0.888,0.782,25.12,0.796,0.908,1
53,1017,0.656,3,2,5,3,4,0.911,0.743,33.6,0.762,0.875,1
22,1018,0.675,3,3,1,3,4,0.863,0.73,34.44,0.973,0.82,1
21,1019,0.826,1,4,0,1,8,0.774,0.723,35.09,0.785,0.851,1
70,1020,0.465,2,2,0,2,1,0.844,0.746,42.72,0.744,0.701,1
70,1021,0.722,2,3,3,2,7,0.728,0.87,34.92,0.87,0.907,1
4,1022,0.689,0,3,0,1,2,0.715,0.684,42.41,0.668,0.798,1
94,1023,0.827,2,2,1,3,2,0.764,0.765,31.99,0.779,0.89,1
75,1024,0.833,0,3,1,2,6,0.693,0.713,38.11,0.719,0.922,1
62,1025,0.969,0,1,1,3,12,0.829,0.764,36.97,0.831,0.949,0
62,1026,0.79,0,0,3,2,9,0.82,0.788,35.7,0.791,0.924,1
94,1027,0.884,3,2,3,3,10,0.971,0.756,27.93,1.0,0.955,0
95,1028,0.884,3,2,1,3,10,0.857,0.846,23.93,0.991,0.902,1
24,1029,0.828,2,5,1,2,2,0.74,0.681,31.28,0.789,0.911,0
55,1030,0.529,1,2,1,2,5,0.851,0.831,39.68,0.641,0.829,1
9,1031,0.571,0,6,1,2,5,0.727,0.756,50.83,0.738,0.778,0
3,1032,0.928,2,1,0,3,3,0.97,0.873,30.4,0.795,0.923,1
31,1033,0.854,2,3,0,3,12,0.768,0.683,46.94,0.912,0.876,1
40,1034,0.57,2,4,2,2,1,0.779,0.795,43.16,0.769,0.849,1
36,1035,0.449,0,3,0,2,4,0.656,0.575,53.84,0.615,0.805,0
24,1036,0.541,2,2,1,2,11,0.778,0.634,40.33,0.843,0.779,1
95,1037,0.878,3,0,1,1,4,0.95,0.822,22.41,0.915,0.945,1
6,1038,0.772,1,3,0,3,5,0.766,0.798,37.87,0.868,0.928,1
66,1039,0.694,2,2,1,1,2,0.885,0.886,37.36,0.758,0.786,1
84,1040,0.753,1,3,1,3,2,0.575,0.739,47.55,0.739,0.853,0
92,1041,0.612,1,2,0,2,10,0.704,0.74,31.88,0.815,0.751,1
75,1042,0.877,3,1,1,3,7,0.981,0.846,15.44,1.0,0.892,1
4,1043,0.79,2,3,1,2,3,0.893,0.917,41.08,0.727,0.939,1
79,1044,0.824,2,2,2,1,2,0.939,0.636,33.74,0.737,0.938,1
6,1045,0.766,1,2,2,2,10,0.827,0.706,39.22,0.695,0.837,1
94,1046,0.823,3,5,1,3,13,0.904,0.662,27.59,0.768,1.0,1
51,1047,0.852,0,4,0,2,2,0.755,0.734,56.65,0.724,0.836,0
62,1048,0.678,1,3,2,1,6,0.741,0.808,34.17,0.622,0.741,0
57,1049,0.573,3,4,2,2,9,0.904,0.837,42.22,0.996,0.919,0
66,1050,0.496,3,2,0,3,11,0.805,0.789,33.97,0.911,0.855,1
79,1051,0.872,2,3,0,2,12,0.8,0.677,33.93,0.834,0.866,1
75,1052,0.855,2,2,0,3,1,0.746,0.901,27.2,0.905,0.929,1
8,1053,0.773,1,0,0,3,4,0.65,0.833,31.78,0.77,0.823,1
26,1054,0.885,3,0,0,1,7,0.836,0.888,26.24,0.895,0.945,1
51,1055,0.39,2,4,1,3,14,0.681,0.746,36.52,0.745,0.694,1
45,1056,0.504,1,1,1,2,12,0.641,0.714,34.73,0.576,0.691,1
44,1057,0.763,1,2,0,1,4,0.774,0.809,31.24,0.693,0.819,1
5,1058,0.492,0,1,1,3,2,0.709,0.714,34.33,0.718,0.735,0
70,1059,0.525,1,3,0,2,3,0.559,0.674,55.22,0.658,0.719,1
26,1060,0.587,1,3,0,2,13,0.643,0.675,33.16,0.723,0.765,1
68,1061,0.663,1,2,1,2,14,0.735,0.703,41.23,0.726,0.788,1
19,1062,0.938,0,6,2,2,13,0.638,0.687,52.49,0.706,0.9,1
84,1063,0.571,1,5,0,2,11,0.667,0.707,50.47,0.705,0.767,1
97,1064,0.796,1,2,3,2,1,0.789,0.802,31.62,0.818,0.811,1
20,1065,0.866,0,5,0,3,3,0.723,0.744,45.08,0.717,0.924,1
12,1066,0.758,1,2,1,1,4,0.803,0.699,45.87,0.736,0.858,1
47,1067,0.78,1,5,2,2,13,0.798,0.673,46.3,0.76,0.704,0
1,1068,0.715,2,7,0,1,8,0.865,0.806,48.07,0.882,0.863,0
90,1069,0.881,2,5,1,1,2,0.75,0.766,38.85,0.83,0.851,1
14,1070,0.43,1,4,1,3,13,0.584,0.786,52.97,0.608,0.658,0
64,1071,0.869,1,3,2,2,6,0.786,0.824,41.33,0.73,0.871,1
38,1072,0.878,3,3,1,2,7,0.939,0.852,20.83,0.882,0.877,1
37,1073,0.896,2,2,1,2,13,0.782,0.736,29.45,0.895,0.984,1
11,1074,0.447,2,1,3,3,12,0.733,0.792,23.24,0.771,0.817,1
100,1075,0.729,2,3,1,2,12,0.849,0.795,45.13,0.887,0.953,1
77,1076,0.77,1,3,1,2,13,0.684,0.646,41.59,0.684,0.916,1
3,1077,0.417,2,3,0,3,5,0.878,0.833,44.32,0.721,0.867,1
33,1078,0.827,2,1,3,3,9,0.941,0.887,25.21,0.853,0.972,0
6,1079,0.524,1,2,0,1,4,0.658,0.712,39.17,0.835,0.842,0
50,1080,0.681,2,1,0,2,14,0.872,0.893,32.23,0.823,0.777,1
10,1081,0.847,2,1,1,2,9,0.843,0.806,17.48,0.797,0.834,1
5,1082,0.895,1,2,2,2,9,0.827,0.837,33.37,0.803,0.779,1
23,1083,0.814,0,4,1,2,7,0.708,0.614,41.8,0.575,0.886,0
10,1084,0.597,1,3,1,3,10,0.64,0.659,36.8,0.788,0.798,0
44,1085,0.847,1,4,1,3,9,0.731,0.896,39.7,0.857,0.959,0
2,1086,0.505,1,7,1,3,4,0.687,0.696,51.32,0.729,0.735,0
13,1087,0.704,1,4,1,3,14,0.818,0.837,43.79,0.76,0.882,1
40,1088,0.773,1,3,2,2,12,0.865,0.751,39.05,0.756,0.826,1
2,1089,0.768,3,2,2,2,5,0.76,0.793,30.49,0.99,0.76,1
84,1090,0.707,2,5,2,2,9,0.564,0.616,41.43,0.816,0.758,1
65,1091,0.603,2,3,0,3,7,0.695,0.731,34.51,0.74,0.843,1
63,1092,0.794,0,1,0,3,2,0.74,0.914,33.81,0.772,0.833,1
73,1093,0.551,1,2,1,2,8,0.651,0.711,44.22,0.879,0.683,1
17,1094,0.828,2,2,0,2,11,0.791,0.71,29.65,0.905,0.88,1
9,1095,0.684,1,1,0,3,6,0.84,0.744,36.58,0.759,0.81,1
75,1096,0.831,0,5,2,3,13,0.663,0.66,44.63,0.762,0.913,0
15,1097,0.498,3,1,1,3,7,0.631,0.728,38.39,0.756,0.746,1
24,1098,0.699,1,2,2,3,8,0.804,0.682,31.47,0.864,0.81,1
38,1099,0.901,1,1,0,2,5,0.831,0.849,26.46,0.596,0.897,1
35,1100,0.658,3,2,1,1,2,0.952,0.869,29.57,0.716,0.783,1
94,1101,0.842,0,2,1,2,4,0.678,0.558,37.89,0.802,0.799,1
95,1102,0.78,2,0,2,3,8,0.796,0.916,23.84,0.889,0.91,1
49,1103,0.339,3,4,0,3,7,0.755,0.675,42.92,0.795,0.695,1
69,1104,0.655,0,3,1,3,10,0.718,0.536,41.36,0.701,0.823,1
62,1105,0.847,3,8,0,3,6,0.779,0.734,44.3,0.991,0.936,0
60,1106,0.575,2,6,1,2,10,0.604,0.762,46.31,0.85,0.7,0
50,1107,0.853,3,4,2,3,6,0.839,0.82,27.15,0.907,0.883,1
78,1108,0.87,1,2,1,2,4,0.885,0.716,43.38,0.705,0.933,1
75,1109,0.785,3,5,0,3,8,0.766,0.847,34.88,0.715,0.861,1
9,1110,0.644,2,4,0,2,5,0.719,0.819,30.63,0.821,0.862,1
34,1111,0.633,2,3,0,2,12,0.681,0.602,42.74,0.843,0.913,1
76,1112,0.793,3,4,3,1,11,0.905,0.881,31.19,0.951,0.94,1
99,1113,0.651,2,3,0,1,14,0.858,0.795,37.23,0.84,0.851,1
35,1114,0.85,1,1,1,3,1,0.811,0.713,28.05,0.8,0.813,0
1,1115,0.854,1,4,2,3,7,0.618,0.804,30.92,0.89,0.743,1
40,1116,0.662,1,3,1,2,7,0.748,0.825,39.83,0.75,0.727,1
64,1117,0.64,2,4,1,2,4,0.759,0.675,44.72,0.883,0.803,1
22,1118,0.605,3,3,2,3,3,0.783,0.816,35.01,0.831,0.859,1
60,1119,0.864,2,3,1,3,2,0.973,0.828,40.15,0.892,0.952,1
64,1120,0.792,2,1,2,1,3,0.812,0.794,25.21,0.785,0.917,1
93,1121,0.751,2,0,0,1,1,0.935,0.816,31.65,0.871,0.884,1
72,1122,0.773,1,4,0,3,13,0.706,0.723,34.23,0.788,0.836,0
11,1123,0.725,2,3,2,2,2,0.749,0.788,26.51,0.747,0.801,0
14,1124,0.816,1,1,3,2,11,0.759,0.746,46.25,0.844,0.833,1
60,1125,0.796,1,3,0,2,13,0.923,0.895,41.63,0.882,0.921,1
30,1126,0.947,2,3,1,2,11,0.846,0.874,22.51,0.82,0.953,1
35,1127,0.678,0,5,0,3,5,0.765,0.679,52.59,0.66,0.815,0
85,1128,0.571,1,2,0,3,11,0.815,0.664,40.4,0.727,0.846,0
37,1129,0.524,2,4,0,2,11,0.644,0.745,41.67,0.699,0.818,0
5,1130,0.864,2,1,0,2,10,0.897,0.694,24.62,0.811,0.894,1
83,1131,0.834,2,3,3,3,10,0.716,0.855,47.02,0.902,0.841,1
78,1132,0.838,3,4,0,2,6,0.833,0.8,27.32,0.9,0.904,1
26,1133,0.669,2,3,1,2,10,0.797,0.741,34.13,0.716,0.853,1
62,1134,0.809,2,2,4,3,3,0.903,0.758,32.44,0.852,0.864,1
4,1135,0.698,1,1,3,2,2,0.706,0.669,40.77,0.842,0.813,0
89,1136,0.652,2,6,1,2,11,0.812,0.718,53.31,0.877,0.903,0
42,1137,0.784,0,2,2,3,9,0.699,0.749,45.67,0.787,0.775,0
89,1138,0.834,2,4,0,2,7,0.832,0.762,34.77,0.86,0.877,1
18,1139,0.759,0,3,4,2,11,0.641,0.58,44.56,0.689,0.88,0
40,1140,0.676,1,4,2,2,11,0.652,0.693,41.18,0.702,0.928,1
72,1141,0.434,2,2,3,2,3,0.702,0.71,43.8,0.764,0.759,1
39,1142,0.686,2,3,2,1,7,0.761,0.725,31.75,0.804,0.812,1
14,1143,0.633,1,2,4,3,6,0.794,0.811,41.21,0.879,0.878,0
32,1144,0.756,2,8,2,3,5,0.807,0.716,45.43,0.844,0.893,1
51,1145,0.78,2,4,0,2,10,0.869,0.789,35.45,0.824,0.852,1
38,1146,0.663,2,3,3,2,11,0.884,0.794,37.66,0.779,0.833,1
97,1147,0.475,0,3,0,2,4,0.844,0.84,53.64,0.741,0.773,1
23,1148,0.564,2,5,2,2,6,0.705,0.678,37.94,0.844,0.769,1
63,1149,0.662,0,0,1,2,10,0.714,0.778,40.2,0.512,0.961,0
15,1150,0.84,1,2,1,1,10,0.746,0.763,34.17,0.878,0.876,1
97,1151,0.662,2,4,2,3,2,0.737,0.724,38.96,0.786,0.869,0
25,1152,0.724,0,3,2,2,10,0.733,0.745,41.92,0.643,0.793,0
17,1153,0.664,2,2,1,1,8,0.748,0.831,29.78,0.781,0.877,1
97,1154,0.714,3,0,2,2,14,0.901,0.888,30.75,0.789,0.798,1
66,1155,0.292,2,2,1,2,5,0.713,0.819,41.06,0.611,0.788,0
78,1156,0.805,2,2,4,1,8,0.803,0.862,27.66,0.894,0.791,1
53,1157,0.606,2,3,2,1,4,0.679,0.707,40.65,0.67,0.663,1
51,1158,0.812,3,4,0,1,6,0.756,0.761,49.58,0.99,1.0,1
39,1159,0.874,1,4,3,1,7,0.89,0.865,42.81,0.816,0.929,1
51,1160,0.701,2,3,3,1,12,0.812,0.71,40.68,0.778,0.844,1
70,1161,0.962,2,2,0,3,11,0.622,0.652,31.18,0.826,0.814,1
6,1162,0.868,3,5,0,3,7,0.984,0.785,28.26,0.967,0.924,1
67,1163,0.793,1,4,1,3,4,0.834,0.977,32.44,0.736,0.848,1
7,1164,0.678,0,2,1,1,14,0.641,0.722,42.15,0.63,0.779,0
51,1165,0.76,3,1,2,2,12,0.753,0.752,26.35,0.926,0.863,1
72,1166,0.553,0,2,0,3,6,0.496,0.668,49.03,0.624,0.792,1
42,1167,0.79,1,3,0,3,5,0.763,0.825,41.56,0.868,0.846,1
64,1168,0.936,2,3,2,1,7,0.809,0.721,39.51,0.652,0.768,1
15,1169,0.604,2,3,2,2,8,0.726,0.724,34.15,0.816,0.833,1
29,1170,0.668,3,7,1,2,7,0.846,0.715,45.35,0.842,0.742,0
33,1171,0.825,2,2,3,1,9,0.838,0.864,39.7,0.815,0.86,0
94,1172,0.61,2,1,0,1,7,0.842,0.832,34.02,0.766,0.775,1
27,1173,0.834,1,3,2,2,4,0.809,0.701,48.35,0.71,0.895,1
36,1174,0.762,2,1,1,2,12,0.582,0.556,34.81,0.809,0.911,1
29,1175,0.706,1,3,1,2,11,0.832,0.798,37.5,0.909,0.919,1
38,1176,0.671,0,1,1,2,8,0.619,0.774,38.7,0.672,0.858,0
57,1177,0.932,3,2,1,3,1,0.973,0.775,28.42,0.943,1.0,1
97,1178,0.337,0,2,1,2,13,0.715,0.767,38.77,0.562,0.719,1
27,1179,0.727,2,4,0,3,11,0.859,0.718,31.58,0.853,0.847,1
55,1180,0.737,3,2,1,3,1,1.0,0.729,29.85,0.816,0.821,1
33,1181,0.439,1,2,1,2,13,0.633,0.732,48.36,0.598,0.902,1
68,1182,0.949,1,4,1,3,6,0.903,0.846,42.53,0.86,0.903,1
86,1183,0.688,2,4,1,3,2,0.931,0.758,33.09,0.96,0.947,1
66,1184,0.557,1,4,1,3,12,0.774,0.745,41.24,0.75,0.798,1
10,1185,0.984,2,4,2,2,4,0.798,0.749,40.41,0.916,0.975,1
5,1186,0.862,1,4,1,3,8,0.7,0.695,46.45,0.807,0.939,1
74,1187,0.727,3,1,2,2,13,0.818,0.765,22.89,0.877,0.919,1
97,1188,0.771,3,3,2,2,2,0.839,0.745,28.37,0.98,0.85,1
38,1189,0.82,3,3,1,2,3,0.929,0.777,34.05,0.84,0.889,1
13,1190,0.668,0,0,2,3,8,0.704,0.665,29.94,0.875,0.773,1
31,1191,0.823,1,3,0,2,3,0.84,0.653,41.22,0.69,0.979,1
47,1192,0.808,1,4,1,2,8,0.827,0.783,38.84,0.646,1.0,1
100,1193,0.699,2,3,1,2,10,0.887,0.831,28.7,0.823,0.9,1
88,1194,0.777,0,4,2,2,3,0.561,0.805,51.01,0.539,0.772,0
52,1195,0.844,3,4,0,3,2,0.804,0.715,35.91,0.833,0.824,1
56,1196,0.665,2,4,3,3,9,0.651,0.67,39.42,0.704,0.933,0
15,1197,0.781,2,1,0,2,5,0.938,0.662,36.63,0.885,0.992,1
29,1198,0.891,2,5,1,2,4,0.767,0.761,49.16,0.938,0.895,0
8,1199,0.778,2,2,1,2,12,0.625,0.654,28.52,0.716,0.755,1
5,1200,0.8,1,7,1,3,13,0.757,0.638,43.8,0.843,0.87,1
29,1201,0.927,1,1,1,2,10,0.71,0.724,31.09,0.685,0.955,1
47,1202,0.737,2,2,0,1,14,0.715,0.745,38.19,0.775,0.84,1
68,1203,0.741,2,2,0,2,4,0.704,0.773,28.36,0.85,0.928,1
76,1204,0.737,1,1,0,3,6,0.713,0.733,41.32,0.847,0.868,1
45,1205,0.695,3,3,1,1,8,0.878,0.686,31.1,0.83,0.862,1
2,1206,0.806,3,5,3,2,9,0.911,0.765,40.61,0.954,0.924,1
27,1207,0.776,1,1,0,2,7,0.789,0.732,37.44,0.899,0.835,1
95,1208,0.675,2,4,2,1,1,0.929,0.769,34.27,0.884,0.904,0
36,1209,0.948,1,4,0,2,8,0.767,0.72,35.73,0.909,1.0,1
36,1210,0.743,1,3,0,3,9,0.635,0.696,43.46,0.746,0.77,1
26,1211,0.902,3,3,1,2,13,0.927,0.811,21.28,0.945,0.835,1
43,1212,0.683,3,1,0,1,7,0.916,0.736,25.72,0.831,0.865,1
27,1213,0.33,2,2,1,2,10,0.819,0.89,45.82,0.648,0.72,0
69,1214,0.781,3,4,4,2,11,0.859,0.776,24.11,0.92,0.942,1
20,1215,0.522,2,1,0,2,7,0.879,0.796,31.9,0.67,0.768,1
11,1216,0.91,2,5,0,1,5,0.798,0.65,43.79,0.926,1.0,1
74,1217,0.663,2,5,1,1,9,0.614,0.666,38.51,0.922,0.7,1
38,1218,0.907,1,2,3,1,3,0.838,0.86,33.22,0.842,0.907,1
6,1219,0.952,0,1,0,3,13,0.899,0.755,42.3,0.799,0.896,1
72,1220,0.648,2,5,3,2,8,0.819,0.692,40.97,0.732,0.797,0
23,1221,0.689,2,1,2,2,10,0.899,0.508,35.45,0.85,0.889,1
47,1222,0.662,2,0,1,1,6,0.89,0.737,28.8,0.768,0.887,1
90,1223,0.943,2,1,3,2,10,0.934,0.96,32.83,0.833,0.98,1
46,1224,0.459,1,7,1,3,2,0.665,0.644,67.81,0.667,0.762,0
12,1225,0.615,1,2,1,3,7,0.626,0.809,44.51,0.745,0.776,0
90,1226,0.687,2,2,0,1,5,0.663,0.645,36.52,0.87,0.666,1
13,1227,0.512,1,5,1,3,2,0.692,0.677,56.21,0.772,0.75,0
62,1228,0.924,3,2,2,1,1,0.804,0.71,29.03,0.976,0.909,1
82,1229,0.478,2,6,0,3,13,0.653,0.776,50.38,0.605,0.716,1
89,1230,0.847,0,4,3,1,11,0.763,0.814,58.37,0.829,0.882,0
97,1231,0.462,2,4,4,2,14,0.74,0.697,39.53,0.558,0.831,1
60,1232,0.667,2,3,4,3,6,0.695,0.653,34.44,0.771,0.883,1
43,1233,0.929,2,4,2,2,12,0.935,0.76,43.22,0.85,0.966,1
76,1234,0.896,3,5,2,1,12,0.914,0.699,36.11,1.0,0.966,1
100,1235,0.607,2,1,1,1,1,0.62,0.81,25.77,0.782,0.815,1
68,1236,0.901,3,3,2,2,7,0.99,0.774,25.02,0.946,0.962,1
5,1237,0.914,3,2,2,3,1,0.892,0.771,21.74,1.0,0.913,1
37,1238,0.587,1,0,1,2,11,0.654,0.675,33.63,0.734,0.774,1
72,1239,0.826,0,0,1,1,5,0.836,0.794,34.4,0.905,1.0,1
92,1240,0.514,2,2,0,2,1,0.8,0.804,40.5,0.717,0.768,1
31,1241,0.773,2,2,2,2,6,0.734,0.676,38.92,0.963,0.904,1
9,1242,0.84,3,4,1,1,12,0.923,0.805,16.75,0.962,0.964,1
51,1243,0.712,2,3,1,2,13,0.829,0.797,38.02,0.671,0.936,1
29,1244,0.793,2,2,2,3,8,0.874,0.572,32.0,0.821,0.89,0
78,1245,0.688,2,2,1,2,3,0.8,0.852,31.13,0.94,0.838,1
40,1246,0.419,2,5,0,3,14,0.575,0.648,46.31,0.623,0.647,0
41,1247,0.392,1,3,1,2,9,0.677,0.671,53.58,0.582,0.79,0
86,1248,0.818,1,1,2,2,14,0.829,0.678,38.51,0.768,0.913,1
11,1249,0.651,2,3,0,3,4,0.755,0.831,43.68,0.795,0.869,0
23,1250,0.342,2,2,0,2,8,0.747,0.785,42.95,0.64,0.725,1
1,1251,0.758,2,3,0,2,2,0.77,0.893,41.76,0.857,0.819,0
46,1252,0.993,1,3,1,3,1,0.846,0.767,34.7,0.845,0.907,1
21,1253,0.719,1,2,0,3,6,0.81,0.752,38.43,0.608,0.911,1
90,1254,0.847,2,2,0,2,2,0.931,0.763,26.68,0.988,1.0,1
36,1255,0.857,3,2,3,2,5,0.938,0.868,27.8,0.752,0.893,1
54,1256,0.917,3,4,3,2,8,0.939,0.849,40.96,0.873,0.949,1
87,1257,0.595,2,2,0,3,13,0.847,0.792,40.14,0.787,0.788,1
57,1258,0.756,3,3,0,2,3,0.847,0.765,40.34,0.835,0.785,1
1,1259,0.698,0,1,4,2,14,0.616,0.693,45.38,0.782,0.716,1
63,1260,0.387,3,3,0,1,8,0.601,0.704,35.86,0.804,0.648,1
54,1261,0.885,2,5,0,2,1,0.868,0.776,42.47,0.917,1.0,0
55,1262,0.716,2,2,0,2,5,0.853,0.933,28.04,0.808,0.848,1
40,1263,0.427,0,1,2,3,1,0.683,0.842,41.25,0.653,0.744,0
15,1264,0.738,3,3,0,2,12,0.686,0.64,32.4,0.928,0.936,1
21,1265,0.667,2,3,3,3,4,0.826,0.738,38.99,0.803,0.868,1
47,1266,0.729,1,5,0,1,14,0.71,0.848,52.63,0.644,0.753,1
73,1267,0.755,1,4,1,2,8,0.64,0.685,44.02,0.806,0.831,1
53,1268,0.583,1,2,2,2,8,0.843,0.841,42.21,0.722,0.924,0
9,1269,0.802,2,3,0,3,4,0.744,0.822,35.61,0.941,0.922,1
74,1270,0.766,1,3,0,3,1,0.826,0.814,38.29,0.757,0.808,0
52,1271,0.597,2,3,2,3,11,0.823,0.651,31.3,0.874,0.788,1
57,1272,0.928,3,2,0,2,7,0.942,0.844,25.34,1.0,0.986,1
26,1273,0.662,3,4,2,2,7,0.867,0.708,31.39,0.966,0.857,0
41,1274,0.515,1,3,0,1,11,0.693,0.629,41.2,0.747,0.802,1
35,1275,0.915,1,4,1,2,5,0.759,0.692,46.76,0.745,0.982,1
63,1276,0.671,1,5,1,3,14,0.817,0.816,52.72,0.68,0.864,1
25,1277,0.837,1,3,2,3,12,0.784,0.723,34.11,0.796,0.931,1
90,1278,0.839,3,3,0,3,8,0.894,0.757,34.56,0.972,0.828,1
75,1279,0.638,2,1,1,2,10,0.74,0.606,30.85,0.824,0.759,1
38,1280,0.906,2,3,1,2,5,0.82,0.835,23.58,0.87,0.865,1
2,1281,0.967,1,4,0,2,11,0.824,0.623,34.46,0.836,0.882,1
7,1282,0.617,2,8,1,2,9,0.666,0.553,59.52,0.675,0.741,0
82,1283,0.949,3,4,3,2,2,0.787,0.957,26.62,0.878,0.898,1
91,1284,0.802,2,3,2,2,7,0.879,0.692,43.75,0.795,0.931,1
34,1285,0.8,3,5,1,2,10,0.871,0.904,35.1,1.0,0.909,1
91,1286,0.495,0,5,2,2,13,0.529,0.771,61.2,0.634,0.674,1
17,1287,0.361,0,1,1,1,2,0.602,0.72,49.96,0.579,0.723,1
43,1288,0.877,3,1,0,3,13,0.833,0.756,21.68,0.939,0.949,1
59,1289,0.92,2,4,2,1,2,0.983,0.784,38.56,0.888,0.957,1
51,1290,0.726,1,5,1,3,9,0.675,0.644,46.52,0.777,0.856,1
54,1291,0.901,1,1,1,3,4,0.925,1.0,35.87,0.706,0.972,1
24,1292,0.451,2,6,2,2,2,0.557,0.568,42.92,0.699,0.706,1
25,1293,0.562,2,5,4,1,1,0.732,0.706,45.78,0.709,0.772,0
71,1294,0.905,3,2,1,1,12,0.855,0.8,30.44,1.0,0.998,1
52,1295,0.741,0,4,1,1,1,0.72,0.592,43.25,0.675,0.82,0
70,1296,0.78,2,2,3,3,12,0.805,0.824,24.73,0.773,0.97,1
88,1297,0.724,2,3,1,2,2,0.632,0.631,29.09,0.872,0.928,1
33,1298,0.769,2,3,2,1,4,0.834,0.763,38.29,0.814,0.959,1
49,1299,0.77,2,1,0,3,6,0.798,0.803,38.43,0.829,0.83,1
29,1300,0.839,2,5,2,2,8,0.781,0.803,39.59,0.721,0.88,1
63,1301,0.53,1,3,2,3,5,0.598,0.601,43.09,0.646,0.696,0
22,1302,0.626,2,2,0,2,12,0.811,0.737,20.94,0.828,0.872,1
26,1303,0.499,1,5,2,2,10,0.488,0.627,52.48,0.702,0.656,1
28,1304,0.891,0,0,2,1,13,0.724,0.843,32.15,0.709,0.898,1
85,1305,0.434,1,1,1,1,14,0.554,0.751,45.06,0.537,0.759,1
49,1306,0.721,0,3,2,2,13,0.632,0.552,49.08,0.737,0.767,1
71,1307,0.616,2,3,1,2,7,0.844,0.751,32.74,0.81,0.888,1
81,1308,0.884,0,3,0,2,7,0.713,0.651,40.32,0.682,0.866,0
84,1309,0.707,2,4,3,3,6,0.864,0.785,55.1,0.854,0.785,1
49,1310,0.816,3,2,3,3,12,0.912,0.804,30.78,0.819,0.769,1
20,1311,0.362,0,4,0,2,9,0.51,0.546,57.78,0.605,0.652,0
86,1312,0.564,1,6,1,2,9,0.674,0.656,50.14,0.584,0.761,1
92,1313,0.829,2,4,0,2,13,0.833,0.588,36.59,0.906,0.96,0
63,1314,0.695,1,2,4,3,1,0.524,0.716,37.81,0.755,0.731,0
61,1315,0.631,2,1,0,3,4,0.873,0.898,34.43,0.838,0.707,1
49,1316,0.715,1,1,5,3,14,0.823,0.821,43.09,0.769,0.878,1
71,1317,0.771,1,3,0,2,12,0.782,0.758,36.6,0.791,0.826,1
1,1318,0.727,3,4,1,2,13,0.769,0.549,35.54,0.887,0.773,1
96,1319,0.486,1,4,4,2,7,0.916,0.805,50.8,0.637,0.766,1
13,1320,0.8,1,2,0,2,7,0.772,0.886,33.4,0.817,0.847,1
94,1321,0.867,1,3,2,1,5,0.692,0.889,41.38,0.71,0.908,1
87,1322,0.559,1,3,2,3,1,0.622,0.794,48.67,0.846,0.779,0
51,1323,0.616,1,2,2,2,1,0.803,0.714,40.85,0.756,0.768,1
56,1324,0.764,1,2,0,2,10,0.774,0.761,30.71,0.856,0.945,1
83,1325,0.918,2,3,0,2,11,0.792,0.691,36.91,0.798,0.819,1
62,1326,0.673,2,8,4,3,11,0.743,0.714,54.85,0.818,0.755,0
32,1327,0.724,2,7,0,2,9,0.872,0.769,45.32,0.789,0.929,1
30,1328,0.726,2,3,2,2,13,0.645,0.645,40.14,0.814,0.854,1
29,1329,0.712,3,3,4,1,10,0.905,0.715,37.16,0.879,0.792,1
49,1330,0.767,3,4,0,2,9,0.948,0.814,34.59,0.897,0.919,1
45,1331,0.739,2,3,2,2,2,0.84,0.845,40.86,0.7,0.858,1
93,1332,0.682,3,3,1,2,11,0.907,1.0,37.98,0.891,0.779,1
30,1333,0.982,2,2,1,2,3,0.93,0.71,31.96,0.856,0.978,1
16,1334,0.862,2,2,1,1,1,0.987,0.904,26.32,0.854,0.872,0
40,1335,0.945,2,5,1,3,9,0.771,0.794,37.01,0.951,0.872,0
19,1336,0.619,3,3,0,2,8,0.748,0.777,42.37,0.77,0.716,0
18,1337,0.809,2,0,1,2,10,0.901,0.965,20.69,0.833,1.0,1
1,1338,0.744,2,3,1,2,9,0.624,0.634,32.2,0.884,0.804,0
78,1339,0.833,2,3,0,2,4,0.963,0.736,32.25,0.742,0.885,0
47,1340,0.628,3,1,1,2,9,0.824,0.638,23.09,0.86,0.801,1
66,1341,0.822,3,4,2,2,8,0.817,0.597,35.82,0.954,1.0,1
92,1342,0.501,1,3,0,2,3,0.606,0.538,48.22,0.8,0.635,0
94,1343,0.726,2,5,2,1,3,0.688,0.63,42.71,0.754,0.75,0
38,1344,0.664,0,3,1,1,10,0.607,0.786,45.26,0.674,0.865,1
51,1345,0.601,1,4,1,2,7,0.59,0.648,48.44,0.848,0.76,1
63,1346,0.591,3,4,1,2,9,0.839,0.781,37.23,0.758,0.736,1
4,1347,0.771,2,3,1,2,3,0.845,0.645,24.49,0.824,0.876,1
1,1348,0.734,1,1,1,2,4,0.672,0.738,25.63,0.896,0.888,0
8,1349,0.863,2,5,2,1,13,0.793,0.562,40.92,0.837,0.875,1
29,1350,0.864,2,2,1,3,1,0.875,0.716,33.13,0.789,0.841,1
55,1351,0.481,1,1,0,2,8,0.683,0.724,33.51,0.687,0.674,1
3,1352,0.9,1,1,2,1,12,0.705,0.686,25.87,0.856,0.882,1
32,1353,0.925,2,1,1,2,8,0.889,0.891,30.2,0.78,0.96,1
10,1354,0.89,1,8,3,3,4,0.77,0.536,46.37,0.764,0.957,0
74,1355,0.492,1,4,2,3,7,0.591,0.71,47.47,0.768,0.795,1
83,1356,0.56,1,2,2,1,2,0.745,0.723,38.26,0.805,0.751,0
34,1357,0.886,3,5,3,3,6,0.919,0.752,37.68,0.99,0.987,1
97,1358,0.591,0,4,0,2,14,0.434,0.787,39.7,0.478,0.661,0
87,1359,0.5,3,4,1,1,2,0.82,0.714,42.95,0.693,0.787,1
55,1360,0.894,2,2,1,3,2,0.896,0.742,35.72,0.873,0.887,1
92,1361,0.672,0,2,1,2,5,0.5,0.686,40.22,0.78,0.71,1
32,1362,0.678,2,0,2,1,11,0.726,0.722,30.4,0.919,0.803,1
50,1363,0.579,2,0,2,3,10,0.687,0.874,26.82,0.725,0.852,0
7,1364,0.949,3,4,1,3,8,0.855,0.714,34.04,0.777,0.871,1
93,1365,0.586,3,9,0,1,12,0.655,0.698,46.73,0.827,0.855,1
8,1366,0.64,1,4,2,2,8,0.696,0.687,40.5,0.799,0.791,1
65,1367,0.738,2,6,3,2,13,0.812,0.659,40.29,0.871,0.896,1
57,1368,0.722,1,2,0,2,8,0.802,0.703,39.48,0.749,0.912,0
67,1369,0.813,1,2,2,2,1,0.785,0.704,40.15,0.856,0.846,1
88,1370,0.647,1,2,2,3,11,0.698,0.774,29.06,0.826,0.828,1
87,1371,0.315,2,3,4,2,12,0.649,0.601,43.64,0.7,0.667,0
59,1372,0.793,1,5,0,1,2,0.623,0.69,44.48,0.835,0.88,0
72,1373,0.915,2,3,2,2,13,0.803,0.736,33.14,0.876,0.903,1
54,1374,0.967,3,2,0,3,6,0.967,0.852,26.47,0.764,0.889,0
67,1375,0.729,2,3,1,2,5,0.822,0.652,33.73,0.74,0.871,1
51,1376,0.942,3,0,0,1,6,0.973,0.856,15.12,0.879,1.0,1
97,1377,0.683,1,2,0,3,9,0.646,0.638,36.05,0.71,0.723,0
92,1378,0.846,2,3,2,2,11,0.739,0.817,37.49,0.844,0.867,1
8,1379,0.884,3,5,1,2,1,0.849,0.755,31.97,0.939,0.97,0
34,1380,0.797,0,1,0,2,7,0.732,0.742,41.14,0.658,0.894,1
35,1381,0.575,2,1,0,2,3,0.852,0.831,27.0,0.758,0.871,1
96,1382,0.419,1,5,0,1,9,0.712,0.822,47.33,0.685,0.664,1
88,1383,0.772,2,2,2,3,12,0.907,0.705,26.89,0.803,0.942,1
78,1384,0.598,2,1,2,3,11,0.923,0.81,22.7,0.752,0.796,1
32,1385,0.767,3,1,1,3,12,0.998,0.848,15.13,0.959,0.842,1
46,1386,0.767,2,1,2,1,8,0.89,0.77,34.43,0.948,0.915,1
16,1387,0.863,3,4,0,2,4,0.838,0.768,36.73,0.946,1.0,1
68,1388,0.756,0,3,1,2,10,0.66,0.574,40.87,0.607,0.858,1
37,1389,0.846,2,6,0,2,6,0.68,0.802,42.51,0.781,0.928,0
54,1390,0.883,2,7,1,2,14,0.789,0.678,34.07,0.698,0.874,1
85,1391,0.536,2,3,2,3,3,0.791,0.698,43.97,0.711,0.785,1
14,1392,0.408,2,3,1,3,5,0.743,0.7,30.48,0.78,0.737,0
95,1393,0.348,3,2,1,1,2,0.638,0.792,36.8,0.813,0.781,0
55,1394,0.652,0,2,2,2,6,0.594,0.716,42.69,0.672,0.785,0
48,1395,0.481,1,2,0,2,2,0.658,0.777,41.07,0.562,0.884,1
82,1396,0.709,3,3,0,2,12,0.745,0.813,28.61,0.904,0.831,1
7,1397,0.942,2,4,1,1,7,0.754,0.577,36.0,0.9,0.877,1
74,1398,0.877,2,4,1,1,3,0.809,0.834,34.31,0.758,0.843,1
7,1399,0.632,0,2,0,2,7,0.639,0.658,47.47,0.721,0.803,0
33,1400,0.772,1,0,1,2,4,0.692,0.721,33.66,0.75,0.864,0
23,1401,0.58,0,3,1,2,1,0.582,0.564,53.76,0.565,0.77,0
85,1402,0.87,1,4,1,2,9,0.741,0.752,36.17,0.756,0.859,1
19,1403,0.611,2,4,0,3,5,0.913,0.76,43.11,0.781,0.827,1
19,1404,0.983,2,1,1,1,11,0.872,0.823,24.05,0.893,0.97,1
36,1405,0.57,3,5,1,1,12,0.743,0.655,35.35,0.74,0.752,0
29,1406,0.755,1,6,0,2,4,0.624,0.755,43.28,0.731,0.752,1
60,1407,0.485,1,3,2,2,4,0.672,0.751,48.34,0.651,0.664,0
82,1408,0.745,2,1,1,1,7,0.81,0.834,26.94,0.84,0.932,1
2,1409,0.778,0,6,1,3,2,0.714,0.691,51.05,0.794,0.794,0
1,1410,0.933,3,3,1,2,9,0.941,0.796,22.87,0.931,0.995,1
47,1411,0.776,2,1,1,3,6,0.774,0.863,26.96,0.741,0.9,1
69,1412,0.762,3,3,2,2,6,0.916,0.81,25.99,1.0,0.897,1
20,1413,0.658,1,3,1,2,11,0.755,0.796,42.83,0.778,0.767,1
11,1414,0.849,1,3,0,1,13,0.757,0.663,40.39,0.849,1.0,1
2,1415,0.846,1,2,0,3,14,0.761,0.766,38.16,0.845,0.884,1
67,1416,0.556,1,5,2,1,2,0.754,0.741,37.31,0.601,0.748,0
87,1417,0.606,2,5,3,2,13,0.875,0.738,42.76,0.782,0.859,1
12,1418,0.858,3,4,1,2,4,0.914,0.82,34.81,0.839,0.951,1
20,1419,0.813,0,2,1,2,14,0.794,0.61,36.67,0.699,0.943,1
5,1420,0.788,1,2,1,1,2,0.784,0.646,37.86,0.796,0.973,0
37,1421,0.837,1,3,0,2,8,0.75,0.658,40.28,0.876,0.948,1
38,1422,0.716,2,4,2,2,8,0.768,0.694,44.91,0.78,0.839,0
94,1423,0.73,2,3,1,2,4,0.78,0.71,35.47,0.822,0.892,1
9,1424,0.42,2,2,0,2,6,0.571,0.708,37.88,0.656,0.635,1
98,1425,0.762,2,3,4,2,8,0.787,0.666,43.61,0.883,0.934,0
53,1426,0.689,2,3,0,2,12,0.772,0.752,34.6,0.828,0.81,1
44,1427,0.906,2,3,1,2,9,0.876,0.716,34.43,0.762,0.921,1
99,1428,0.849,3,2,2,3,5,0.82,0.793,28.26,0.97,0.867,1
86,1429,0.427,1,2,2,2,12,0.764,0.69,44.12,0.749,0.765,1
24,1430,0.886,0,2,3,2,8,0.879,0.755,38.21,0.871,0.956,0
81,1431,0.853,1,2,1,3,11,0.738,0.628,36.18,0.821,0.902,1
74,1432,0.782,0,3,1,1,14,0.81,0.668,44.1,0.809,0.913,1
30,1433,0.817,1,6,0,2,12,0.637,0.607,59.48,0.888,0.744,1
59,1434,0.614,1,3,0,2,5,0.742,0.693,39.89,0.711,0.821,1
87,1435,0.681,0,3,1,2,5,0.706,0.603,43.95,0.755,0.876,0
96,1436,0.633,2,5,2,1,11,0.742,0.718,54.18,0.714,0.85,1
81,1437,0.783,2,5,0,2,3,0.697,0.731,40.97,0.774,0.879,1
81,1438,0.593,1,3,1,2,1,0.747,0.811,43.77,0.649,0.882,1
14,1439,0.78,2,5,0,3,5,0.774,0.676,37.82,1.0,0.871,1
9,1440,0.877,2,6,0,1,6,0.858,0.723,38.66,0.841,0.957,1
40,1441,0.926,1,1,3,2,9,0.733,0.715,32.04,0.861,0.872,1
66,1442,0.723,3,1,5,2,7,0.724,0.615,20.84,0.791,0.763,1
25,1443,0.844,1,2,2,2,11,0.617,0.69,30.28,0.75,0.743,0
73,1444,0.876,2,3,0,2,11,0.801,0.805,35.45,0.987,0.924,1
22,1445,0.891,3,2,2,2,10,0.871,0.873,30.51,0.969,1.0,1
4,1446,0.377,2,6,0,2,12,0.648,0.66,45.02,0.599,0.839,0
26,1447,0.451,2,5,0,1,9,0.577,0.641,42.7,0.764,0.71,1
58,1448,0.869,3,3,0,2,8,0.896,0.854,37.87,0.865,0.917,1
29,1449,0.491,1,1,0,2,10,0.631,0.734,32.21,0.564,0.607,1
98,1450,0.725,1,1,1,3,10,0.729,0.765,33.42,0.763,0.711,0
87,1451,0.753,2,3,0,2,10,0.779,0.662,28.21,0.983,0.939,1
37,1452,0.547,3,4,0,3,8,0.805,0.536,37.63,0.848,0.693,1
75,1453,0.85,2,1,1,1,14,0.83,0.753,21.01,0.91,0.915,1
70,1454,0.929,3,2,1,3,8,0.979,0.688,31.52,0.899,0.963,1
18,1455,0.643,1,8,0,2,3,0.71,0.846,58.49,0.712,0.782,0
85,1456,0.666,3,0,3,2,10,0.833,0.778,26.59,0.917,0.855,1
42,1457,0.626,3,5,0,2,12,0.782,0.795,46.15,0.809,0.718,1
100,1458,0.926,2,2,0,2,2,0.862,0.798,23.06,0.848,0.825,1
41,1459,0.453,3,2,2,2,13,0.813,0.691,30.08,0.715,0.757,1
38,1460,0.898,1,4,1,2,6,0.801,0.77,34.85,0.742,0.848,1
34,1461,0.728,3,3,1,2,2,0.832,0.779,30.5,0.827,0.929,1
17,1462,0.7,3,3,1,2,3,0.805,0.741,26.33,0.823,0.885,1
37,1463,0.967,0,1,2,2,3,0.727,0.757,26.49,0.766,0.957,1
25,1464,0.675,2,6,1,3,5,0.662,0.643,48.81,0.841,0.835,0
76,1465,0.651,2,6,0,3,13,0.64,0.622,48.54,0.771,0.882,0
87,1466,0.649,0,4,6,2,5,0.733,0.808,46.33,0.662,0.739,1
86,1467,0.571,0,6,5,1,11,0.781,0.834,61.41,0.684,0.696,0
85,1468,0.928,0,2,1,2,12,0.745,0.732,41.91,0.782,0.915,1
27,1469,0.58,2,2,4,3,2,0.803,0.632,35.56,0.772,0.905,0
57,1470,0.623,2,1,1,2,6,0.843,0.833,33.39,0.729,0.867,1
31,1471,0.853,3,3,3,2,5,0.977,0.805,32.51,0.92,0.965,1
6,1472,0.696,1,0,1,3,10,0.675,0.785,25.04,0.677,0.856,1
91,1473,0.907,2,0,0,3,6,0.785,0.776,23.74,0.847,0.883,1
40,1474,0.637,0,5,1,3,2,0.696,0.802,49.47,0.642,0.809,0
98,1475,0.735,2,4,1,2,6,0.913,0.632,35.28,0.715,0.9,1
12,1476,0.873,3,3,0,1,7,0.91,0.809,37.32,0.934,0.806,1
53,1477,0.56,1,1,4,2,8,0.762,0.783,32.04,0.656,0.711,1
71,1478,0.69,1,3,3,2,14,0.652,0.723,39.39,0.653,0.913,1
10,1479,0.759,2,5,1,3,8,0.684,0.799,30.37,0.799,0.841,1
45,1480,0.393,1,0,0,2,1,0.77,0.785,39.29,0.667,0.834,1
17,1481,0.835,2,6,1,1,10,0.749,0.643,39.88,0.781,0.884,0
26,1482,0.692,1,2,3,2,1,0.68,0.785,40.71,0.82,0.967,1
85,1483,0.878,1,3,0,1,3,0.86,0.763,31.33,0.848,0.876,1
92,1484,0.434,2,8,0,3,10,0.609,0.644,56.32,0.817,0.765,0
62,1485,0.927,3,4,0,1,8,0.939,0.841,28.86,1.0,0.986,1
46,1486,0.968,2,5,1,2,12,0.763,0.732,50.5,0.899,0.939,1
64,1487,0.748,0,4,0,2,6,0.665,0.709,43.35,0.7,0.795,0
2,1488,0.776,1,4,2,2,2,0.659,0.556,44.16,0.819,0.794,1
54,1489,0.604,3,2,1,2,4,0.718,0.788,29.77,0.844,0.842,1
65,1490,0.504,3,4,2,2,3,0.675,0.737,38.8,0.855,0.694,1
51,1491,0.653,1,2,0,2,13,0.619,0.7,36.83,0.734,0.871,1
53,1492,0.375,3,2,1,2,11,0.76,0.805,40.78,0.841,0.716,1
36,1493,0.625,3,3,3,2,7,0.663,0.619,30.23,0.951,0.953,1
26,1494,0.583,1,2,0,2,14,0.751,0.832,46.2,0.75,0.822,1
29,1495,0.884,2,2,1,2,14,0.713,0.803,34.5,0.769,0.865,1
21,1496,0.474,2,1,1,2,3,0.62,0.593,36.7,0.817,0.724,1
11,1497,0.856,1,3,1,2,5,0.814,0.808,34.79,0.853,0.908,0
40,1498,0.884,1,5,2,3,12,0.863,0.679,51.7,0.789,0.932,1
11,1499,0.561,1,4,1,2,13,0.775,0.758,47.15,0.668,0.769,1
36,1500,0.868,3,3,2,2,8,0.838,0.824,35.32,0.786,0.944,1
59,1501,0.864,3,5,0,3,1,0.794,0.771,39.85,0.91,0.882,1
39,1502,0.689,1,1,2,1,9,0.716,0.845,34.44,0.772,0.817,1
99,1503,0.513,2,2,0,2,3,0.779,0.695,35.31,0.8,0.738,1
54,1504,0.774,2,6,0,1,6,0.718,0.733,48.83,0.927,0.767,1
98,1505,0.63,2,2,1,3,3,0.731,0.81,31.78,0.782,0.84,1
55,1506,0.816,2,0,0,2,10,0.726,0.865,18.91,0.703,0.929,1
24,1507,0.685,2,7,1,2,11,0.731,0.74,48.32,0.729,0.82,0
22,1508,0.74,1,2,2,2,10,0.827,0.748,33.64,0.799,0.846,1
69,1509,0.643,1,3,1,2,5,0.786,0.78,40.7,0.726,0.745,0
56,1510,0.785,2,3,2,3,6,0.737,0.674,29.35,0.818,0.932,0
33,1511,0.894,2,5,1,2,14,0.786,0.762,49.14,0.832,0.894,1
36,1512,0.633,2,4,1,3,5,0.712,0.708,43.6,0.864,0.806,0
20,1513,0.724,2,1,4,3,1,0.84,0.668,22.31,0.925,0.948,1
83,1514,0.737,2,3,1,3,9,0.687,0.698,29.98,0.811,0.955,1
99,1515,0.572,2,1,2,3,1,0.79,0.868,30.91,0.838,0.891,1
81,1516,0.857,3,2,3,1,3,0.947,0.837,21.12,0.911,1.0,0
62,1517,0.883,1,3,2,1,10,0.737,0.661,36.13,0.797,0.821,1
98,1518,0.859,3,1,0,2,7,0.788,0.799,18.08,0.887,0.888,1
73,1519,0.485,1,3,1,3,5,0.69,0.64,47.27,0.556,0.798,0
26,1520,0.642,2,3,1,1,5,0.899,0.783,40.79,0.697,0.802,0
66,1521,0.958,2,3,0,3,8,0.907,0.787,33.86,0.875,0.982,1
73,1522,0.39,1,3,1,1,14,0.583,0.654,47.97,0.704,0.69,1
73,1523,0.774,3,5,2,2,12,0.844,0.711,33.59,0.891,0.933,0
40,1524,0.483,1,5,2,3,13,0.671,0.639,51.54,0.638,0.931,0
17,1525,0.805,2,2,3,1,9,0.847,0.721,35.26,0.887,0.917,1
1,1526,0.813,3,2,0,2,11,0.943,0.766,27.24,0.877,0.925,1
89,1527,0.505,1,5,0,3,3,0.616,0.796,50.55,0.696,0.749,0
61,1528,0.631,3,4,2,2,4,0.807,0.733,31.73,0.843,0.85,1
43,1529,0.36,2,6,0,1,13,0.668,0.83,54.9,0.92,0.725,1
42,1530,0.216,3,3,2,2,3,0.518,0.769,45.67,0.637,0.655,0
25,1531,0.908,2,1,5,1,14,0.87,0.757,29.24,0.958,1.0,1
39,1532,0.587,2,2,1,1,8,0.827,0.801,37.17,0.669,0.714,1
35,1533,0.953,1,1,2,2,4,0.964,0.841,25.16,0.899,0.895,1
3,1534,0.833,2,3,1,3,4,0.921,0.8,37.55,0.938,0.904,1
44,1535,0.881,0,4,0,1,10,0.708,0.757,51.17,0.668,0.898,1
51,1536,0.948,2,6,1,2,10,0.873,0.669,30.2,0.928,0.993,1
94,1537,0.662,0,1,1,3,6,0.716,0.765,39.5,0.736,0.816,1
98,1538,0.799,1,6,3,2,4,0.792,0.66,48.93,0.735,0.906,1
12,1539,0.814,0,6,2,2,5,0.671,0.591,49.03,0.736,0.968,0
19,1540,0.672,3,2,1,2,14,0.796,0.89,35.49,0.83,1.0,1
44,1541,0.657,2,5,2,3,13,0.784,0.851,39.75,0.672,0.853,0
59,1542,0.27,2,4,2,1,11,0.661,0.809,43.52,0.526,0.629,1
49,1543,0.793,3,5,0,2,11,0.859,0.801,42.53,0.855,0.971,1
61,1544,0.707,2,2,0,2,9,0.807,0.67,33.73,0.849,0.818,1
17,1545,0.781,1,4,1,2,7,0.833,0.653,38.06,0.751,0.848,1
74,1546,0.767,2,6,1,3,9,0.671,0.816,47.22,0.812,0.882,1
57,1547,0.787,3,4,1,2,9,0.673,0.771,30.53,0.786,0.842,1
55,1548,0.566,1,3,2,2,13,0.782,0.661,40.59,0.858,0.787,1
47,1549,0.911,2,0,2,3,5,0.873,0.935,18.72,0.669,0.927,1
12,1550,0.856,2,0,1,2,12,0.935,0.758,24.59,1.0,0.98,0
62,1551,0.981,1,2,1,3,4,0.709,0.623,26.64,0.755,0.935,1
80,1552,0.884,3,1,0,1,3,0.862,0.822,27.67,0.969,0.834,1
88,1553,0.715,1,3,0,1,3,0.796,0.755,41.89,0.828,0.854,0
83,1554,0.856,0,7,0,1,9,0.795,0.767,51.42,0.823,0.938,1
8,1555,0.538,3,0,0,1,12,0.89,0.797,21.59,0.891,0.831,1
95,1556,0.557,2,6,4,2,7,0.673,0.586,47.45,0.731,0.741,0
21,1557,0.311,1,5,2,2,4,0.628,0.651,49.11,0.595,0.626,1
81,1558,0.469,1,1,2,3,14,0.729,0.736,36.79,0.742,0.668,1
87,1559,0.859,3,3,1,2,1,0.989,0.807,25.31,0.987,0.969,1
80,1560,0.71,1,3,1,1,8,0.712,0.748,45.75,0.569,0.856,1
70,1561,0.678,2,3,2,1,2,0.748,0.691,41.44,0.924,0.885,1
72,1562,0.936,1,1,1,2,8,0.826,0.737,21.45,0.872,0.919,1
25,1563,0.562,3,6,1,2,13,0.866,0.776,46.01,0.907,0.797,1
82,1564,0.696,2,2,2,2,14,0.858,0.613,37.85,0.877,0.945,1
89,1565,0.317,2,6,2,2,11,0.576,0.686,53.28,0.658,0.587,0
12,1566,0.791,2,2,1,2,8,0.739,0.698,31.5,0.778,0.85,1
15,1567,0.832,3,3,1,3,3,0.969,0.885,33.2,0.95,0.943,1
59,1568,0.513,3,1,0,3,8,0.724,0.802,32.28,0.853,0.777,1
26,1569,0.901,2,2,2,2,6,0.909,0.642,32.82,0.853,0.906,1
26,1570,0.765,3,5,1,2,5,0.754,0.703,44.45,0.895,0.803,1
47,1571,0.7,1,3,3,3,5,0.742,0.65,40.43,0.712,0.849,0
32,1572,0.876,1,3,1,1,1,0.702,0.7,37.47,0.793,0.906,1
10,1573,0.489,3,4,2,2,6,0.836,0.846,29.51,0.753,0.801,1
16,1574,0.755,2,2,2,3,12,0.909,0.841,33.23,0.792,0.87,1
71,1575,0.498,3,0,0,2,4,0.938,0.626,31.47,0.723,0.757,1
17,1576,0.529,1,3,3,2,13,0.756,0.813,47.91,0.633,0.737,1
23,1577,0.601,2,4,4,2,7,0.759,0.718,46.75,0.816,0.733,1
26,1578,0.772,2,7,2,3,4,0.675,0.563,48.38,0.854,0.978,0
85,1579,0.646,2,4,2,2,5,0.744,0.793,35.72,0.719,0.74,0
86,1580,0.841,0,3,1,2,5,0.826,0.743,49.8,0.712,1.0,1
7,1581,0.71,3,0,0,1,12,0.858,0.837,29.64,0.865,0.913,1
14,1582,0.784,1,4,0,2,5,0.735,0.652,43.74,0.781,0.887,0
79,1583,0.374,2,1,0,1,12,0.732,0.667,35.39,0.724,0.672,1
7,1584,0.71,2,8,1,3,1,0.708,0.699,51.37,0.681,0.808,0
9,1585,0.649,2,2,2,2,6,0.721,0.805,26.42,0.722,0.875,1
48,1586,0.918,2,3,2,3,6,0.796,0.819,26.28,0.946,0.917,1
72,1587,0.729,3,6,1,2,13,0.719,0.606,47.16,0.78,0.84,1
59,1588,0.797,1,4,4,2,3,0.725,0.723,41.57,0.665,0.824,0
87,1589,0.791,2,1,0,3,9,0.776,0.804,25.26,0.924,0.902,1
93,1590,0.802,1,3,1,3,2,0.777,0.551,43.06,0.697,0.87,0
82,1591,0.933,3,0,1,3,2,0.906,0.977,19.6,0.892,0.96,0
95,1592,0.78,2,1,1,2,13,0.816,0.892,31.58,0.76,0.85,1
94,1593,0.849,2,7,0,2,13,0.754,0.725,36.07,0.943,0.969,1
39,1594,0.815,2,2,1,2,3,0.882,0.803,27.28,0.896,0.878,1
99,1595,0.909,2,1,2,2,14,0.822,0.789,27.4,0.865,0.947,1
18,1596,0.884,1,1,2,2,9,0.838,0.677,30.84,0.805,0.911,0
59,1597,0.964,3,2,1,1,1,0.91,0.756,15.06,1.0,0.982,1
17,1598,0.571,2,1,0,3,13,0.904,0.951,38.15,0.861,0.793,1
14,1599,0.755,2,3,2,2,1,0.796,0.831,34.77,0.813,0.844,1
31,1600,0.613,2,2,0,2,3,0.914,0.948,38.43,0.718,0.725,1
24,1601,0.881,3,4,0,2,3,0.86,0.798,30.19,0.907,0.975,1
99,1602,0.991,1,1,5,2,13,0.825,0.831,24.82,0.893,0.934,1
60,1603,0.752,0,1,0,2,2,0.711,0.645,40.26,0.738,0.863,1
45,1604,0.583,1,3,1,2,3,0.589,0.636,21.52,0.686,0.662,1
98,1605,0.817,2,4,1,2,4,0.541,0.692,32.62,0.709,0.821,1
3,1606,0.741,1,4,3,2,13,0.577,0.693,46.33,0.873,0.945,0
37,1607,0.86,2,2,0,2,12,0.766,0.697,29.44,0.897,0.917,1
43,1608,0.565,0,1,2,2,13,0.699,0.605,43.29,0.666,0.906,1
40,1609,0.935,2,3,0,2,7,0.94,0.87,43.16,0.925,1.0,1
90,1610,0.904,2,2,3,2,11,0.887,0.599,25.43,0.799,0.973,1
55,1611,0.671,1,2,0,2,14,0.743,0.793,39.43,0.84,0.864,1
87,1612,0.724,1,1,1,3,13,0.655,0.854,35.96,0.752,0.837,1
39,1613,0.633,3,6,0,2,3,0.801,0.731,50.04,0.903,0.942,1
15,1614,0.789,2,0,1,2,10,0.762,0.741,27.53,0.856,0.873,1
4,1615,0.554,3,2,1,2,1,0.856,0.895,27.13,0.882,0.868,0
93,1616,0.837,1,3,2,2,13,0.733,0.857,28.2,0.789,0.873,1
86,1617,0.577,3,4,1,2,8,0.674,0.683,41.99,0.816,0.769,0
25,1618,0.739,2,3,1,3,9,0.748,0.789,35.65,0.778,0.864,1
13,1619,0.895,0,2,1,1,9,0.776,0.666,41.28,0.66,0.821,1
82,1620,0.336,2,3,2,2,13,0.588,0.636,37.08,0.706,0.693,1
33,1621,0.71,2,6,2,2,2,0.823,0.814,53.33,0.925,0.861,1
16,1622,0.463,1,4,1,2,4,0.672,0.579,48.28,0.668,0.839,0
42,1623,0.733,3,3,2,1,4,1.0,0.818,38.24,0.925,0.876,1
66,1624,0.867,2,5,1,2,13,0.752,0.396,35.91,0.748,0.822,1
55,1625,0.914,0,2,1,2,13,0.848,0.765,36.97,0.778,0.943,1
99,1626,0.881,3,0,1,2,13,0.916,0.743,25.27,0.865,0.885,1
42,1627,0.721,2,5,0,3,8,0.756,0.824,35.19,0.875,0.781,1
34,1628,0.789,2,2,2,2,4,0.742,0.665,26.95,0.762,0.928,0
30,1629,0.815,2,5,2,2,7,0.728,0.723,41.92,0.866,0.899,0
13,1630,0.885,2,1,1,2,11,0.929,0.787,31.38,0.85,0.931,1
13,1631,0.653,2,8,0,3,8,0.754,0.853,50.66,0.617,0.755,1
18,1632,0.75,1,1,2,2,2,0.887,0.796,22.08,0.783,0.898,0
32,1633,0.528,2,8,1,1,12,0.795,0.509,64.5,0.731,0.823,0
96,1634,0.728,2,4,0,1,5,0.748,0.711,45.62,0.821,0.747,1
99,1635,0.9,2,5,0,2,1,0.772,0.769,37.05,0.789,0.877,0
39,1636,0.723,2,1,1,1,5,0.703,0.705,36.3,0.797,0.844,1
46,1637,0.637,2,0,2,1,3,0.796,0.719,33.79,0.75,0.757,0
29,1638,0.61,2,2,1,2,1,0.763,0.702,29.28,0.846,0.883,1
62,1639,0.566,2,1,1,2,12,0.649,0.697,28.7,0.826,0.846,1
93,1640,0.439,1,2,3,2,8,0.69,0.827,34.67,0.547,0.621,0
62,1641,0.329,1,2,0,3,8,0.642,0.677,32.7,0.643,0.615,0
57,1642,0.732,2,6,0,2,2,0.671,0.731,50.71,0.823,0.851,1
16,1643,0.477,0,7,0,2,7,0.445,0.449,51.01,0.543,0.809,0
56,1644,0.628,0,2,0,2,2,0.728,0.794,45.99,0.674,0.813,1
10,1645,0.822,1,1,2,3,8,0.749,0.713,25.35,0.901,0.851,0
30,1646,0.634,1,3,1,2,11,0.66,0.775,36.15,0.754,0.811,1
25,1647,0.759,1,2,2,2,14,0.73,0.77,33.3,0.674,0.785,1
84,1648,0.419,1,2,3,2,3,0.523,0.511,45.28,0.687,0.783,0
5,1649,0.952,1,2,1,2,10,0.913,0.691,32.08,0.771,0.98,1
65,1650,0.84,1,2,1,3,11,0.629,0.744,28.77,0.787,0.845,1
94,1651,0.584,0,2,0,3,1,0.671,0.621,49.02,0.696,0.758,0
49,1652,0.668,1,4,1,2,5,0.828,0.819,51.77,0.693,0.88,1
3,1653,0.817,2,5,0,3,9,0.856,0.71,38.22,0.9,0.864,1
45,1654,0.649,1,2,1,2,5,0.772,0.711,30.17,0.795,0.807,1
14,1655,0.544,2,1,0,2,8,0.695,0.736,39.31,0.849,0.871,1
30,1656,0.869,0,1,1,2,5,0.799,0.843,29.91,0.758,0.824,1
68,1657,0.904,0,5,2,1,5,0.732,0.558,46.5,0.816,0.821,1
18,1658,0.571,2,0,1,3,10,0.898,1.0,35.31,0.893,0.901,1
62,1659,0.509,2,6,1,2,11,0.753,0.739,43.91,0.697,0.747,0
37,1660,0.553,1,4,3,2,7,0.789,0.89,46.55,0.714,0.776,1
25,1661,0.895,1,6,1,2,3,0.794,0.767,52.6,0.953,0.77,1
48,1662,0.724,0,3,0,2,8,0.646,0.712,46.94,0.811,0.781,1
65,1663,0.924,2,2,0,1,14,0.94,0.744,36.73,0.829,0.879,1
53,1664,0.653,1,4,0,3,5,0.782,0.798,47.61,0.778,0.879,0
79,1665,0.428,1,2,0,2,4,0.568,0.751,45.08,0.731,0.703,0
73,1666,0.734,3,4,1,2,9,0.904,0.726,20.95,0.839,0.842,1
15,1667,0.681,0,5,2,1,2,0.662,0.593,53.29,0.691,0.852,0
49,1668,0.724,1,3,1,1,3,0.741,0.733,31.42,0.697,0.84,1
88,1669,0.946,1,3,1,3,11,0.904,0.741,34.13,0.794,1.0,1
68,1670,0.52,1,1,3,2,4,0.816,0.77,40.53,0.695,0.927,1
12,1671,0.733,0,1,1,2,2,0.811,0.794,42.65,0.815,0.78,0
59,1672,0.845,3,5,1,2,13,0.842,0.71,38.2,0.853,0.892,0
37,1673,0.588,3,4,2,3,1,0.81,0.722,39.93,0.815,0.681,1
61,1674,0.737,2,1,0,2,12,0.894,0.786,29.81,0.884,0.833,1
43,1675,0.774,2,5,1,2,12,0.834,0.851,37.15,0.742,0.903,1
70,1676,0.773,2,1,1,3,10,0.882,0.825,32.87,0.858,0.908,1
39,1677,0.85,2,5,1,2,5,0.725,0.665,40.45,0.86,0.949,1
56,1678,0.891,2,3,3,2,8,0.964,0.802,35.77,0.833,0.991,1
63,1679,0.862,2,3,0,2,5,0.724,0.636,42.0,0.85,0.777,1
46,1680,0.677,1,8,0,3,10,0.633,0.609,43.08,0.81,0.845,1
88,1681,0.574,1,4,2,2,7,0.687,0.655,49.25,0.633,0.696,0
11,1682,0.951,3,2,1,2,10,0.885,0.763,21.13,0.74,0.933,1
62,1683,0.779,0,1,1,2,10,0.651,0.782,38.86,0.73,0.937,1
77,1684,0.283,3,4,2,2,3,0.86,0.596,44.11,0.737,0.685,1
98,1685,0.771,2,4,1,1,10,0.884,0.726,36.96,0.815,0.812,1
25,1686,0.848,2,4,3,2,1,0.849,0.86,44.25,0.904,0.819,1
71,1687,0.848,1,1,3,1,12,0.625,0.648,33.71,0.786,0.878,0
52,1688,0.795,1,5,1,2,11,0.83,0.772,47.82,0.708,0.931,1
4,1689,0.561,2,5,3,1,14,0.722,0.651,52.86,0.795,0.675,1
59,1690,0.797,2,4,1,1,1,0.768,0.727,24.67,0.937,0.806,1
72,1691,0.732,2,3,3,2,9,0.874,0.841,38.87,0.873,0.906,1
20,1692,0.458,2,3,1,2,12,0.752,0.753,47.73,0.877,0.712,1
93,1693,0.518,1,2,2,2,10,0.635,0.638,39.31,0.727,0.772,1
63,1694,0.863,2,6,2,2,9,0.681,0.482,38.06,0.875,0.817,1
54,1695,0.636,3,1,1,2,5,0.954,0.668,22.11,0.802,0.813,1
74,1696,0.538,3,7,1,1,7,0.711,0.654,36.43,0.774,0.848,0
98,1697,0.88,2,4,1,1,14,0.776,0.823,41.63,0.801,0.855,1
57,1698,0.79,0,4,1,3,6,0.723,0.748,38.47,0.745,0.821,1
90,1699,0.684,0,3,2,3,9,0.733,0.76,43.8,0.758,0.924,1
41,1700,0.425,2,2,0,2,5,0.708,0.675,38.7,0.716,0.746,1
3,1701,0.734,2,2,2,2,3,0.872,0.712,39.61,0.768,0.907,1
6,1702,0.762,2,2,1,2,1,0.859,0.792,32.0,0.804,0.778,1
5,1703,0.752,2,5,0,1,11,0.865,0.776,41.79,0.949,0.823,0
5,1704,0.893,3,8,1,3,2,0.864,0.842,52.93,0.837,0.944,0
54,1705,0.932,0,2,2,2,10,0.827,0.708,25.98,0.786,0.876,1
47,1706,0.882,3,4,0,3,8,0.936,0.757,36.41,0.923,0.949,1
87,1707,0.934,1,5,0,3,2,0.973,0.815,39.85,0.946,0.981,1
49,1708,0.657,0,1,1,2,3,0.647,0.591,29.72,0.78,0.805,0
9,1709,0.637,3,5,0,2,8,0.735,0.768,41.13,0.816,0.721,1
99,1710,0.787,3,5,3,2,12,0.865,0.759,39.46,0.88,0.845,1
20,1711,0.672,2,2,1,3,11,0.771,0.701,37.33,0.912,0.883,1
61,1712,0.646,3,2,0,3,2,0.885,0.744,33.92,0.917,0.827,1
35,1713,0.898,3,1,2,1,4,0.899,0.771,28.17,0.898,1.0,1
50,1714,0.96,2,4,1,3,7,0.702,0.785,41.02,0.914,0.907,1
82,1715,0.741,2,4,0,1,5,0.864,0.671,33.21,0.973,0.869,1
62,1716,0.762,1,4,0,1,4,0.862,0.729,39.06,0.778,0.908,0
17,1717,0.927,1,4,3,2,12,0.71,0.757,43.14,0.923,1.0,1
88,1718,0.538,2,2,3,2,4,0.763,0.716,35.94,0.761,0.847,0
3,1719,0.71,2,4,4,1,12,0.873,0.774,44.7,0.718,0.89,1
32,1720,0.655,1,3,0,2,8,0.709,0.675,38.59,0.761,0.773,0
99,1721,0.529,2,2,0,2,1,0.763,0.686,42.87,0.761,0.746,1
13,1722,0.667,3,2,3,3,11,0.821,0.79,31.45,0.826,0.82,1
89,1723,0.639,2,2,6,2,9,0.837,0.958,44.61,0.895,0.831,1
73,1724,0.857,3,3,0,2,2,0.873,0.843,28.08,1.0,0.854,1
68,1725,0.696,3,1,0,2,9,0.921,0.906,24.96,0.673,0.771,1
14,1726,0.84,2,4,2,2,12,0.81,0.696,32.82,0.799,0.738,1
98,1727,0.899,0,4,4,3,14,0.729,0.674,41.11,0.705,1.0,1
11,1728,0.698,1,7,2,2,3,0.836,0.724,47.2,0.766,0.833,1
56,1729,0.529,2,5,2,2,9,0.723,0.719,42.9,0.794,0.762,0
67,1730,0.795,2,2,0,2,6,0.809,0.805,28.96,0.686,0.808,1
92,1731,0.794,1,6,0,2,6,0.733,0.708,48.49,0.833,0.825,1
29,1732,0.547,3,8,0,2,4,0.806,0.746,52.13,0.874,0.793,0
9,1733,0.705,2,5,1,3,1,0.803,0.662,44.02,0.678,0.878,1
67,1734,0.705,1,0,0,3,8,0.724,0.787,26.37,0.794,0.824,0
25,1735,0.845,2,1,0,2,6,0.989,0.857,30.42,0.869,0.952,1
98,1736,0.804,1,5,1,2,14,0.631,0.557,47.66,0.782,0.972,1
76,1737,0.63,0,2,3,2,1,0.549,0.66,34.05,0.761,0.736,1
42,1738,0.681,1,1,1,1,12,0.756,0.624,42.22,0.891,0.858,1
9,1739,0.809,0,2,0,2,3,0.723,0.755,41.88,0.849,0.957,1
79,1740,0.656,3,4,3,2,11,0.788,0.835,39.51,0.78,0.862,1
40,1741,0.903,2,3,0,3,1,0.81,0.803,31.44,0.882,0.864,1
25,1742,0.869,2,1,1,2,10,0.816,0.782,19.59,1.0,0.896,1
5,1743,0.921,2,5,1,2,13,0.761,0.802,40.87,0.846,0.929,1
11,1744,0.866,2,7,0,1,8,0.817,0.66,50.53,0.847,0.899,1
59,1745,0.849,2,5,3,2,5,0.778,0.867,45.91,0.765,0.894,0
98,1746,0.828,3,2,1,2,5,0.942,0.658,24.12,0.899,0.89,1
88,1747,0.53,2,0,2,1,5,0.832,0.731,27.83,0.738,0.814,1
79,1748,0.975,3,2,1,3,12,1.0,0.82,17.38,0.867,1.0,1
38,1749,0.408,2,3,2,2,11,0.679,0.724,41.21,0.779,0.688,1
72,1750,0.585,1,1,2,3,6,0.694,0.764,39.4,0.751,0.735,1
5,1751,0.824,2,5,0,2,8,0.762,0.669,42.94,0.839,0.843,1
48,1752,0.835,3,7,4,2,9,0.826,0.774,37.67,0.864,0.846,0
90,1753,0.705,3,3,1,2,3,0.76,0.647,42.48,0.867,0.887,0
18,1754,0.636,0,1,0,2,5,0.756,0.775,47.37,0.664,0.803,1
70,1755,0.597,1,1,0,2,1,0.636,0.654,36.11,0.737,0.738,0
37,1756,0.817,2,5,3,2,7,0.802,0.785,43.73,0.746,0.875,0
60,1757,0.912,0,2,3,1,6,0.736,0.559,33.95,0.783,0.983,1
48,1758,0.718,1,3,1,2,6,0.577,0.739,37.28,0.65,0.714,1
77,1759,0.653,1,5,1,2,3,0.772,0.713,46.6,0.684,0.794,1
28,1760,0.876,1,4,1,2,1,0.776,0.805,33.23,0.695,0.834,1
69,1761,0.805,1,3,1,2,10,0.721,0.729,43.31,0.877,0.758,0
77,1762,0.715,3,2,1,3,2,0.815,0.952,27.59,0.807,0.867,1
81,1763,0.871,1,2,1,2,3,0.857,0.846,35.1,0.875,0.906,1
40,1764,0.929,2,2,0,2,13,0.757,0.887,33.24,0.911,0.898,1
45,1765,0.84,2,0,3,2,9,0.809,0.748,28.96,0.899,0.975,0
96,1766,0.855,3,2,1,2,3,0.787,0.779,32.86,0.904,0.869,1
62,1767,0.564,1,3,2,2,5,0.702,0.66,50.44,0.757,0.796,1
93,1768,0.74,1,8,2,2,13,0.836,0.615,52.94,0.619,0.786,0
58,1769,0.617,3,4,5,2,4,0.728,0.608,37.69,0.794,0.806,1
67,1770,0.975,3,2,1,3,10,0.959,0.866,29.76,0.905,1.0,1
56,1771,0.728,2,4,1,2,5,0.787,0.77,38.14,0.919,0.859,1
40,1772,0.878,0,1,2,3,8,0.81,0.83,27.86,0.803,0.935,1
98,1773,0.928,0,3,3,1,1,0.684,0.724,32.07,0.797,0.825,1
40,1774,0.753,1,1,0,2,1,0.882,0.699,29.6,0.782,0.805,1
91,1775,0.511,1,2,0,1,10,0.601,0.813,38.65,0.623,0.779,1
77,1776,0.841,1,6,2,2,10,0.727,0.674,47.41,0.747,0.899,1
33,1777,0.813,1,2,2,1,5,0.974,0.895,44.41,0.827,0.98,1
6,1778,0.538,1,6,1,3,12,0.743,0.788,43.7,0.705,0.806,1
88,1779,0.859,2,7,2,2,6,0.752,0.742,43.65,0.779,0.945,1
19,1780,0.92,2,4,1,2,2,0.764,0.753,39.09,0.869,0.815,1
80,1781,0.684,1,4,0,2,2,0.75,0.748,44.08,0.807,0.789,1
40,1782,0.296,3,1,1,1,1,0.76,0.876,32.01,0.722,0.664,1
92,1783,0.789,2,3,0,3,10,0.679,0.682,37.47,0.892,0.825,1
97,1784,0.619,1,3,0,2,6,0.661,0.767,37.28,0.746,0.806,0
59,1785,0.311,1,4,0,2,1,0.8,0.762,45.6,0.662,0.589,1
59,1786,0.491,0,5,2,3,7,0.653,0.755,54.17,0.569,0.729,0
48,1787,0.599,2,3,2,3,7,0.54,0.705,50.8,0.683,0.688,1
41,1788,0.67,1,4,1,2,13,0.703,0.777,53.2,0.798,0.899,0
13,1789,0.778,0,10,3,1,14,0.721,0.681,72.9,0.717,0.877,0
45,1790,0.852,2,4,0,2,9,1.0,0.669,37.74,0.988,0.958,1
89,1791,0.857,2,2,1,3,11,0.784,0.73,27.69,0.851,0.901,1
53,1792,0.729,1,2,2,1,9,0.615,0.554,36.94,0.859,0.73,1
42,1793,0.555,2,1,1,3,12,0.733,0.642,33.43,0.69,0.831,1
100,1794,0.836,1,0,1,3,5,0.647,0.769,23.83,0.867,0.809,1
63,1795,0.582,2,3,3,1,9,0.763,0.839,39.78,0.755,0.779,1
27,1796,0.735,1,2,1,2,2,0.857,0.789,31.58,0.838,0.886,1
38,1797,0.907,2,4,2,2,6,0.892,0.744,27.06,0.824,0.924,0
60,1798,0.945,2,3,1,3,3,0.829,0.812,39.0,0.936,0.803,0
7,1799,0.933,0,5,2,3,1,0.769,0.682,47.75,0.563,0.932,1
5,1800,0.541,0,2,3,2,5,0.51,0.586,41.36,0.582,0.757,1
45,1801,0.668,1,9,2,1,11,0.719,0.714,60.17,0.789,0.86,1
58,1802,0.961,1,6,0,1,3,0.767,0.64,42.11,0.889,0.98,1
31,1803,0.731,1,4,0,2,10,0.842,0.749,44.72,0.788,0.93,1
23,1804,0.898,0,3,0,3,2,0.66,0.716,47.56,0.905,0.866,1
42,1805,0.416,1,2,0,3,13,0.742,0.831,39.99,0.657,0.684,1
10,1806,0.897,1,3,3,2,3,0.909,0.706,32.5,0.778,0.996,1
32,1807,0.622,3,2,0,2,5,0.914,0.749,34.01,0.851,0.77,1
53,1808,0.824,3,2,4,1,13,0.855,0.926,31.14,0.874,0.881,1
30,1809,0.816,1,3,0,2,9,0.804,0.735,39.54,0.888,0.875,1
39,1810,0.734,2,4,0,3,12,0.752,0.565,43.18,0.875,0.805,1
31,1811,0.791,3,3,0,2,6,0.861,0.715,28.26,0.881,0.925,0
82,1812,0.719,2,3,0,2,1,0.802,0.884,26.84,0.747,0.807,1
100,1813,0.697,3,0,0,2,10,0.976,0.872,28.54,0.965,0.844,0
2,1814,0.565,3,4,1,2,10,0.779,0.799,41.24,0.871,0.862,1
78,1815,0.561,3,4,0,3,4,0.628,0.784,46.21,0.762,0.71,0
77,1816,0.705,1,2,1,3,13,0.846,0.857,35.44,0.651,0.774,0
93,1817,0.67,0,4,0,2,7,0.604,0.654,54.17,0.754,0.718,1
12,1818,0.786,1,4,1,1,4,0.735,0.773,48.56,0.772,0.8,0
39,1819,0.699,2,2,3,3,3,0.686,0.654,35.15,0.861,0.841,0
66,1820,0.921,2,2,1,3,3,0.861,0.777,19.19,0.893,0.923,1
96,1821,0.573,1,2,1,1,13,0.796,0.682,47.62,0.732,0.762,1
13,1822,0.679,1,4,0,1,11,0.774,0.641,43.04,0.637,0.947,1
46,1823,0.847,2,3,2,2,4,0.664,0.701,33.8,0.753,0.918,1
27,1824,0.661,1,4,0,2,13,0.69,0.708,49.42,0.785,0.762,1
17,1825,0.893,2,3,0,1,8,0.978,0.68,37.89,0.904,0.945,1
95,1826,0.684,2,5,1,2,1,0.82,0.703,58.37,0.732,0.837,1
98,1827,0.816,2,3,0,1,13,0.878,0.795,31.28,0.875,0.9,1
60,1828,0.811,1,4,0,2,3,0.7,0.786,46.8,0.701,0.842,1
64,1829,0.841,3,1,1,1,5,0.846,0.675,34.61,0.866,0.856,1
88,1830,0.919,0,2,2,2,12,0.928,0.875,30.06,0.663,0.925,0
35,1831,0.332,3,1,0,3,1,0.784,0.838,30.61,0.615,0.753,0
70,1832,0.806,3,6,2,2,1,0.772,0.747,44.89,0.949,0.873,0
83,1833,0.85,2,4,1,2,8,0.936,0.897,28.99,0.885,0.922,1
30,1834,0.937,2,1,2,2,14,0.983,0.894,32.39,0.867,1.0,1
71,1835,0.386,1,0,2,2,9,0.701,0.75,32.26,0.671,0.754,1
74,1836,0.588,3,5,0,1,8,0.772,0.718,36.03,0.812,0.84,1
96,1837,0.755,1,2,2,3,9,0.878,0.716,31.73,0.699,0.957,1
98,1838,0.451,2,2,0,2,14,0.611,0.753,44.45,0.652,0.626,0
63,1839,0.806,0,4,2,3,2,0.674,0.541,40.69,0.631,0.809,1
28,1840,0.571,3,4,2,1,6,0.874,0.717,40.06,0.809,0.789,1
60,1841,0.59,3,2,0,2,13,0.94,0.623,31.54,0.772,0.846,1
79,1842,0.496,2,3,1,3,3,0.77,0.686,38.58,0.814,0.818,0
94,1843,0.894,2,5,0,1,14,0.923,0.703,49.24,1.0,1.0,1
37,1844,0.638,1,1,1,2,4,0.731,0.859,37.47,0.867,0.77,1
93,1845,0.48,2,3,1,2,4,0.84,0.824,35.39,0.818,0.863,1
22,1846,0.534,2,7,0,2,6,0.688,0.578,51.86,0.698,0.745,0
68,1847,0.938,2,1,2,1,12,0.843,0.811,28.53,0.85,0.79,1
20,1848,0.802,2,5,0,3,3,0.826,0.784,41.39,0.821,0.901,0
96,1849,0.828,3,2,1,2,2,0.978,0.899,31.47,0.989,0.882,1
100,1850,0.534,1,0,3,3,11,0.71,0.847,41.61,0.697,0.852,1
68,1851,0.677,3,1,1,3,4,0.804,0.765,25.25,0.877,0.747,1
91,1852,0.406,2,3,1,1,6,0.786,0.869,41.87,0.788,0.8,1
64,1853,0.645,0,2,1,3,5,0.728,0.691,46.95,0.647,0.722,0
17,1854,0.827,2,3,0,2,8,0.766,0.677,37.6,0.853,0.893,1
12,1855,0.727,3,4,1,2,7,0.857,0.678,40.92,0.894,0.939,1
22,1856,0.637,2,2,0,1,7,0.847,0.817,32.02,0.837,0.901,1
17,1857,0.724,2,2,1,2,1,0.8,0.814,29.4,0.717,0.915,1
10,1858,0.603,3,2,1,2,4,0.883,0.738,25.72,0.921,0.818,0
65,1859,0.713,3,0,1,3,3,0.832,0.741,30.58,0.886,0.805,1
22,1860,0.74,3,3,2,2,12,0.909,0.791,27.26,0.864,0.952,1
90,1861,0.569,1,4,2,2,7,0.675,0.558,42.7,0.66,0.79,0
82,1862,0.927,2,6,0,3,7,0.751,0.739,45.79,0.873,0.842,0
50,1863,0.672,3,6,0,2,14,0.705,0.614,40.99,0.912,0.784,1
14,1864,0.932,2,5,1,2,4,0.815,0.694,44.13,0.856,0.909,1
64,1865,0.782,2,4,1,2,1,0.859,0.767,36.78,0.962,0.925,1
47,1866,0.889,2,3,0,2,10,0.851,0.661,31.83,0.794,0.975,1
29,1867,0.354,1,4,0,3,12,0.664,0.601,52.12,0.639,0.842,0
76,1868,0.509,1,3,0,2,7,0.739,0.45,43.76,0.712,0.602,1
36,1869,0.801,0,4,2,1,12,0.698,0.747,48.58,0.751,0.927,1
99,1870,0.795,2,2,1,1,1,1.0,0.717,42.23,0.926,0.919,1
52,1871,0.969,1,2,0,3,8,0.86,0.802,26.62,0.88,0.992,1
76,1872,0.736,3,0,0,1,1,0.874,0.816,18.3,0.913,0.907,1
7,1873,0.641,1,1,2,3,3,0.792,0.786,45.72,0.669,0.88,0
29,1874,0.596,1,2,2,2,6,0.753,0.729,34.72,0.659,0.759,1
11,1875,0.52,3,3,1,3,3,0.802,0.671,30.37,0.779,0.72,1
33,1876,0.832,2,1,0,2,12,0.981,0.75,25.3,0.843,0.875,1
6,1877,0.798,1,2,2,3,10,0.858,0.778,40.69,0.923,0.867,1
79,1878,0.607,3,2,1,2,5,0.778,0.914,29.9,0.829,0.818,1
32,1879,0.668,2,1,1,3,2,0.848,0.909,36.95,0.847,0.906,1
51,1880,0.846,2,4,0,2,8,0.894,0.814,27.74,0.753,0.954,1
75,1881,0.989,3,5,4,1,1,0.926,0.803,26.76,0.974,1.0,1
58,1882,0.799,0,2,0,1,6,0.756,0.79,32.38,0.63,0.882,1
87,1883,0.533,1,4,3,2,12,0.627,0.684,44.97,0.516,0.76,1
26,1884,0.842,3,5,1,2,9,0.807,0.791,26.29,0.927,0.902,1
98,1885,0.761,1,3,1,2,5,0.923,0.816,43.13,0.773,0.93,1
46,1886,0.805,3,1,1,3,10,0.892,0.789,26.67,0.876,0.876,1
98,1887,0.815,1,0,1,1,4,0.779,0.759,11.32,0.911,0.989,1
29,1888,0.851,1,4,1,2,9,0.777,0.856,45.72,0.861,0.932,0
4,1889,0.333,2,6,2,2,1,0.425,0.746,48.07,0.766,0.74,0
81,1890,0.797,2,1,1,2,12,0.752,0.79,31.7,0.877,0.947,1
99,1891,0.677,1,4,0,2,5,0.712,0.586,51.54,0.823,0.877,0
13,1892,0.604,0,4,2,1,12,0.601,0.585,50.54,0.637,0.703,1
39,1893,0.578,3,5,3,1,4,0.739,0.627,35.22,0.809,0.737,1
15,1894,0.594,3,3,1,1,4,0.749,0.732,32.9,0.788,0.866,1
29,1895,0.549,1,2,3,2,9,0.584,0.67,41.91,0.593,0.706,1
29,1896,0.572,2,0,1,3,2,0.569,0.663,41.67,0.827,0.812,1
75,1897,0.974,2,6,0,3,14,0.935,0.594,50.86,0.828,0.952,1
32,1898,0.295,3,2,1,3,10,0.746,0.877,46.96,0.789,0.821,0
2,1899,0.844,2,4,2,2,10,0.872,0.77,41.64,0.824,0.834,1
47,1900,0.558,3,1,3,3,2,0.887,0.91,31.87,0.9,0.874,0
78,1901,0.845,3,3,2,2,10,1.0,0.83,35.69,0.879,0.861,1
84,1902,0.583,2,0,2,1,10,0.865,0.939,17.68,0.811,0.805,1
22,1903,0.743,1,3,2,3,11,0.768,0.84,29.65,0.762,0.911,1
75,1904,0.337,2,3,1,2,3,0.64,0.774,49.44,0.775,0.623,0
27,1905,0.46,3,3,0,2,7,0.822,0.764,40.7,0.823,0.877,1
67,1906,0.989,2,3,0,2,8,0.761,0.698,29.32,0.835,0.905,1
81,1907,0.68,3,4,3,1,14,0.823,0.93,27.12,0.903,0.798,1
56,1908,0.657,3,2,0,1,14,0.887,0.777,33.45,0.891,0.911,1
92,1909,0.733,1,2,0,2,7,0.769,0.806,28.0,0.796,0.832,1
93,1910,0.575,2,5,2,2,1,0.695,0.719,40.54,0.71,0.827,0
21,1911,0.849,2,1,3,1,4,0.851,0.812,25.82,0.827,0.896,1
47,1912,0.56,1,4,1,1,11,0.643,0.761,41.87,0.728,0.766,0
80,1913,0.885,2,3,1,3,7,0.824,0.787,31.06,0.883,0.852,1
59,1914,0.659,1,2,1,2,11,0.672,0.641,46.1,0.746,0.873,0
84,1915,0.669,3,2,2,1,9,0.891,0.642,31.34,0.933,0.906,0
6,1916,0.486,3,2,2,1,10,0.816,0.814,31.23,0.796,0.907,1
19,1917,0.937,1,3,0,2,2,0.823,0.76,38.2,0.883,0.964,1
57,1918,0.698,2,2,0,3,4,0.758,0.711,27.37,0.851,0.887,1
69,1919,0.521,2,3,2,2,10,0.814,0.736,39.85,0.694,0.831,1
3,1920,0.886,2,1,0,2,14,0.875,0.794,24.92,0.92,0.857,1
1,1921,0.581,2,3,1,2,3,0.68,0.543,38.72,0.674,0.76,1
58,1922,0.834,1,4,1,2,14,0.866,0.766,38.62,0.883,0.992,1
38,1923,0.728,1,4,1,2,11,0.732,0.646,41.28,0.676,0.74,1
15,1924,0.719,1,7,0,2,7,0.805,0.689,55.8,0.891,0.776,0
34,1925,0.755,3,2,0,3,7,0.943,0.854,37.31,0.87,0.91,1
61,1926,0.779,2,1,3,2,14,0.77,0.807,29.55,0.812,0.845,1
35,1927,0.481,3,6,4,2,3,0.869,0.589,44.1,0.778,0.649,0
64,1928,0.542,2,3,1,2,13,0.686,0.73,46.33,0.624,0.742,1
25,1929,0.712,2,1,1,2,2,0.897,0.772,35.52,0.685,0.838,1
24,1930,0.617,2,2,0,3,5,0.719,0.714,25.62,0.835,0.825,1
12,1931,0.899,2,2,1,1,2,0.736,0.784,34.07,0.914,0.787,1
18,1932,0.902,1,4,0,2,6,0.705,0.69,36.71,0.811,0.84,1
15,1933,0.925,1,0,0,1,3,0.768,0.748,31.49,0.793,0.926,1
80,1934,0.981,0,4,2,2,4,0.728,0.61,44.0,0.734,0.969,1
27,1935,0.505,3,3,0,2,12,0.797,0.749,29.82,0.823,0.805,1
72,1936,0.74,2,1,0,3,4,0.767,0.868,31.63,0.868,0.841,0
60,1937,0.945,0,3,2,2,13,0.86,0.772,36.23,0.745,0.846,1
46,1938,0.434,1,6,2,3,14,0.584,0.602,50.71,0.631,0.659,0
89,1939,0.9,2,4,2,1,5,0.831,0.844,40.25,1.0,1.0,1
17,1940,0.958,2,2,1,2,1,0.965,1.0,24.62,0.886,1.0,1
93,1941,0.941,2,2,2,2,2,0.883,0.772,31.11,0.902,0.924,1
53,1942,0.901,3,1,1,1,13,0.85,0.861,31.55,1.0,0.975,1
8,1943,0.626,2,4,2,2,7,0.753,0.724,41.21,0.708,0.962,0
79,1944,0.466,1,3,1,2,7,0.679,0.628,38.96,0.817,0.841,1
27,1945,0.722,1,4,2,3,8,0.664,0.663,47.91,0.813,0.813,0
46,1946,0.808,1,5,2,3,7,0.792,0.888,44.95,0.832,0.882,1
50,1947,0.637,1,5,1,3,8,0.722,0.606,53.29,0.847,0.704,0
71,1948,0.437,2,2,1,2,12,0.918,0.788,41.18,0.703,0.813,0
3,1949,0.835,1,2,1,2,6,0.644,0.748,25.67,0.835,0.883,1
93,1950,0.637,2,4,0,3,2,0.675,0.7,45.42,0.84,0.776,0
64,1951,0.655,2,6,2,2,12,0.774,0.593,48.65,0.828,0.862,1
44,1952,0.923,1,6,2,3,6,0.816,0.818,44.63,0.851,0.941,0
53,1953,0.784,1,0,1,2,6,0.778,0.718,30.53,0.718,0.921,1
24,1954,0.856,2,2,2,2,5,0.845,0.682,32.06,0.924,0.942,1
60,1955,0.691,3,5,0,2,4,1.0,0.745,41.85,0.911,0.874,1
3,1956,0.908,0,0,1,2,7,0.779,0.791,35.56,0.777,0.872,1
20,1957,0.42,2,5,1,2,2,0.705,0.69,51.03,0.739,0.676,0
46,1958,0.795,2,3,0,2,10,0.765,0.641,39.37,0.97,0.897,1
15,1959,0.786,2,2,0,3,13,0.747,0.825,32.83,0.749,0.89,1
25,1960,0.798,2,4,4,3,2,0.801,0.829,34.35,0.75,0.787,1
94,1961,0.942,3,4,1,2,3,0.737,0.938,22.03,0.996,1.0,1
78,1962,0.759,0,3,0,2,8,0.705,0.679,48.96,0.676,0.747,0
71,1963,0.807,1,3,1,3,3,0.753,0.753,42.53,0.841,0.928,1
17,1964,0.853,2,1,2,2,3,0.64,0.59,21.94,0.796,0.855,1
84,1965,0.675,3,5,2,3,6,0.734,0.703,38.84,0.817,0.833,0
100,1966,0.882,1,1,2,2,3,0.836,0.765,30.58,0.774,0.857,0
9,1967,0.8,2,2,0,3,1,0.937,0.845,40.89,0.78,1.0,1
38,1968,0.529,1,0,1,2,4,0.667,0.633,34.5,0.717,0.747,1
48,1969,0.899,3,0,2,2,10,1.0,0.802,29.97,0.816,1.0,1
60,1970,0.961,2,5,2,3,3,0.83,0.667,50.21,0.807,0.892,1
63,1971,0.837,1,2,0,2,8,0.9,0.828,35.99,0.65,1.0,1
86,1972,0.656,2,2,2,3,7,0.601,0.727,32.08,0.691,0.802,1
2,1973,0.833,2,6,2,2,11,0.775,0.648,41.54,0.837,0.98,1
88,1974,0.696,1,3,1,2,7,0.735,0.689,33.89,0.825,0.772,1
72,1975,0.778,3,1,1,2,6,0.968,0.756,28.23,0.931,0.844,1
11,1976,0.683,1,3,0,2,8,0.753,0.717,51.57,0.624,0.773,0
64,1977,0.361,2,3,1,1,7,0.839,0.749,47.97,0.745,0.8,1
77,1978,0.754,2,2,2,2,5,0.827,0.78,41.02,0.907,0.828,1
81,1979,0.948,3,1,0,3,13,0.971,0.885,18.09,0.9,0.922,1
72,1980,0.581,1,2,2,2,2,0.564,0.649,35.67,0.786,0.809,0
21,1981,0.867,2,4,2,1,1,0.881,0.723,36.22,0.916,0.916,1
18,1982,0.792,0,3,0,2,12,0.726,0.626,46.3,0.725,0.905,0
94,1983,0.873,3,5,3,3,1,0.841,0.667,33.05,0.891,0.882,1
64,1984,0.93,1,5,0,3,7,0.827,0.764,49.82,0.808,0.966,1
82,1985,0.734,2,2,0,2,5,0.785,0.797,31.39,0.766,0.825,1
95,1986,0.673,2,4,1,3,2,0.685,0.802,40.92,0.646,0.903,1
38,1987,0.767,0,2,1,3,8,0.905,0.833,40.06,0.702,0.91,1
32,1988,0.847,1,4,1,3,14,0.874,0.782,39.46,0.698,0.845,1
11,1989,0.399,1,2,1,3,6,0.643,0.716,35.72,0.64,0.724,1
45,1990,0.621,3,3,0,3,11,0.764,0.793,33.05,0.803,0.816,1
89,1991,0.852,2,2,0,3,1,0.821,0.713,28.17,0.81,0.919,0
33,1992,0.857,3,4,1,3,7,1.0,0.739,35.18,0.944,0.925,1
41,1993,0.682,0,1,1,1,7,0.669,0.736,33.76,0.63,0.846,1
8,1994,0.553,0,0,1,1,2,0.534,0.713,27.6,0.605,0.705,1
11,1995,0.834,3,1,4,2,7,0.873,0.855,20.66,1.0,1.0,1
86,1996,0.641,2,2,2,1,7,0.752,0.711,38.0,0.691,0.924,1
51,1997,0.737,2,2,2,2,14,0.771,0.835,37.57,0.866,0.865,1
88,1998,0.957,3,6,1,2,6,0.907,0.717,35.29,0.907,1.0,1
41,1999,0.955,3,6,1,1,6,0.778,0.729,38.92,0.838,0.975,1
17,2000,0.707,0,5,3,1,10,0.738,0.771,55.39,0.744,0.727,1
76,2001,0.841,1,7,0,2,7,0.624,0.515,52.2,0.787,0.909,0
46,2002,0.832,1,2,0,1,6,0.77,0.818,36.44,0.686,0.874,0
32,2003,0.554,3,6,1,2,3,0.738,0.718,50.78,0.88,0.778,1
79,2004,0.638,1,1,0,1,1,0.679,0.691,41.49,0.594,0.817,0
80,2005,0.585,2,4,2,3,3,0.727,0.699,40.85,0.789,0.794,1
54,2006,0.771,3,6,0,2,13,0.725,0.558,33.04,0.848,0.846,1
86,2007,0.666,2,7,3,1,6,0.695,0.66,52.22,0.801,0.8,1
92,2008,0.83,0,2,1,2,2,0.549,0.537,46.36,0.669,0.821,1
20,2009,0.555,2,3,0,2,3,0.82,0.883,33.58,0.806,0.867,1
33,2010,0.802,0,3,2,3,3,0.782,0.593,42.04,0.655,0.855,0
74,2011,0.632,2,3,2,3,7,0.691,0.591,34.62,0.696,0.698,1
40,2012,0.43,1,3,1,2,7,0.573,0.781,49.8,0.716,0.733,0
32,2013,0.741,0,0,1,2,1,0.628,0.751,36.47,0.728,0.835,1
97,2014,0.464,3,5,0,2,11,0.489,0.773,44.11,0.832,0.641,1
2,2015,0.897,3,4,1,2,11,0.896,0.734,26.35,0.873,0.916,1
97,2016,0.951,3,3,1,2,12,1.0,0.792,16.36,0.868,0.95,1
33,2017,0.899,1,3,3,2,5,0.828,0.814,43.02,0.922,0.837,1
77,2018,0.804,3,1,1,2,6,1.0,0.819,16.23,0.676,0.822,1
30,2019,0.603,2,8,1,1,5,0.674,0.789,55.62,0.828,0.818,0
33,2020,0.95,3,3,1,3,8,1.0,0.795,14.17,1.0,1.0,1
77,2021,0.626,3,3,3,2,11,0.655,0.706,24.77,0.851,0.783,1
26,2022,0.837,3,0,2,3,5,1.0,0.853,24.57,1.0,0.93,1
22,2023,0.802,1,4,1,3,14,0.738,0.738,43.76,0.802,0.795,1
66,2024,0.885,2,3,0,2,6,0.795,0.711,28.64,0.789,0.966,1
38,2025,0.592,2,6,0,2,4,0.742,0.727,45.31,0.605,0.814,0
90,2026,0.667,1,3,0,2,3,0.809,0.774,49.56,0.704,0.844,1
46,2027,0.593,1,3,0,2,8,0.795,0.663,45.97,0.672,0.835,1
15,2028,0.765,1,1,2,3,1,0.651,0.723,30.49,0.862,0.895,1
98,2029,0.551,3,6,2,3,14,0.706,0.778,47.41,0.854,0.713,1
44,2030,0.925,3,1,1,3,10,0.843,0.702,20.36,0.985,0.952,1
49,2031,0.746,2,2,1,1,6,0.726,0.835,35.4,0.817,0.823,1
75,2032,0.819,2,4,2,3,12,0.856,0.81,40.49,0.828,0.933,1
61,2033,0.727,1,6,2,2,6,0.781,0.808,43.02,0.689,0.805,1
67,2034,0.912,2,4,2,2,8,0.87,0.741,37.5,0.934,0.979,1
6,2035,0.313,0,5,1,2,5,0.565,0.502,64.32,0.574,0.628,0
9,2036,0.477,2,2,1,2,10,0.742,0.819,36.05,0.774,0.797,1
6,2037,0.902,3,4,2,2,14,0.828,0.609,35.77,1.0,0.907,1
73,2038,0.822,2,1,2,2,5,0.827,0.711,23.76,0.867,0.883,1
95,2039,0.926,2,2,1,2,2,0.994,0.763,31.81,0.848,0.971,1
32,2040,0.796,0,2,2,2,14,0.756,0.697,49.06,0.696,0.778,1
41,2041,0.771,1,3,2,2,10,0.834,0.75,42.32,0.829,0.931,1
76,2042,0.771,2,2,0,1,10,0.751,0.89,41.21,0.89,0.884,1
8,2043,0.707,0,2,0,2,8,0.708,0.763,41.33,0.73,0.884,1
72,2044,0.672,1,3,0,3,12,0.547,0.807,39.04,0.639,0.682,1
50,2045,0.731,1,2,2,2,6,0.838,0.813,34.38,0.543,0.891,0
92,2046,0.719,2,2,2,1,3,0.781,0.726,38.73,0.673,0.858,1
62,2047,0.559,1,4,5,2,7,0.692,0.652,40.17,0.655,0.688,0
84,2048,0.834,2,6,0,2,6,0.672,0.645,37.22,0.834,0.814,1
62,2049,0.777,2,4,2,2,1,0.803,0.85,45.19,0.757,0.85,0
7,2050,0.562,1,1,1,1,13,0.87,0.913,35.19,0.9,0.829,1
75,2051,0.796,1,3,1,2,2,0.769,0.72,38.73,0.664,0.809,1
84,2052,0.778,3,3,3,2,5,0.995,0.917,33.29,0.837,1.0,1
80,2053,0.555,2,2,2,2,8,0.707,0.862,39.41,0.688,0.804,1
4,2054,0.781,1,7,1,1,14,0.804,0.823,52.99,0.682,0.818,1
6,2055,0.523,2,0,2,2,8,0.579,0.644,38.61,0.892,0.669,1
58,2056,0.648,1,2,2,3,3,0.678,0.691,41.02,0.696,0.75,0
22,2057,0.848,1,5,0,2,14,0.662,0.72,33.3,0.684,0.852,1
26,2058,0.637,2,2,0,1,2,0.882,0.786,35.05,0.877,0.877,1
3,2059,0.606,1,2,2,2,5,0.768,0.815,38.56,0.694,0.786,1
41,2060,0.575,2,0,1,3,2,0.782,0.774,30.07,0.753,0.803,0
60,2061,0.725,1,0,0,2,3,0.758,0.736,30.38,0.816,0.951,1
14,2062,0.748,1,7,1,2,1,0.714,0.638,50.64,0.621,0.89,0
75,2063,0.65,1,2,2,2,8,0.682,0.958,39.65,0.825,0.775,1
82,2064,0.68,1,3,2,2,14,0.618,0.554,32.09,0.602,0.861,1
12,2065,0.741,3,3,1,2,9,0.915,0.69,33.99,1.0,0.825,1
87,2066,0.591,0,8,0,3,6,0.617,0.683,58.93,0.754,0.831,0
12,2067,0.84,3,1,1,2,1,0.872,0.852,29.64,0.924,0.996,1
13,2068,0.749,3,1,2,1,12,0.968,0.752,19.21,1.0,0.889,1
25,2069,0.564,2,0,1,1,1,0.95,0.896,30.31,0.781,0.797,1
45,2070,0.688,2,2,3,1,1,0.823,0.802,40.39,0.791,0.917,0
19,2071,0.552,3,3,2,2,3,0.798,0.786,44.62,0.829,0.842,0
55,2072,0.899,1,1,0,1,5,0.771,0.716,30.54,0.726,0.982,1
100,2073,0.831,1,4,0,3,6,0.793,0.578,41.18,0.861,0.876,1
45,2074,0.462,1,0,3,2,2,0.727,0.77,34.03,0.622,0.763,0
8,2075,0.761,2,4,1,2,11,0.757,0.751,41.16,0.826,0.871,1
93,2076,0.735,1,5,2,2,7,0.757,0.775,45.26,0.782,0.923,1
53,2077,0.756,3,4,1,2,8,0.782,0.836,35.78,0.931,0.891,1
55,2078,0.805,2,6,0,3,2,0.817,0.861,37.06,0.837,0.86,0
32,2079,0.848,3,2,1,3,3,1.0,0.899,33.93,0.999,0.991,1
51,2080,0.584,1,2,0,2,14,0.678,0.832,42.22,0.689,0.722,0
44,2081,0.709,2,4,1,3,4,0.911,0.771,44.44,0.902,0.949,0
82,2082,0.838,2,3,0,2,2,0.725,0.775,36.33,0.727,0.757,0
70,2083,0.972,1,5,0,2,4,0.781,0.735,36.29,0.875,1.0,1
18,2084,0.826,3,4,1,2,9,0.915,0.824,29.68,0.891,0.95,1
83,2085,0.957,2,6,1,2,10,0.773,0.664,41.39,0.816,0.868,1
22,2086,0.869,1,2,3,2,7,0.831,0.689,30.69,0.824,0.942,1
37,2087,0.781,3,6,1,2,3,0.832,0.656,44.93,0.887,0.878,0
96,2088,0.483,2,3,0,2,7,0.761,0.743,40.15,0.779,0.635,1
56,2089,0.803,1,4,2,2,10,0.648,0.766,41.78,0.814,0.799,0
59,2090,0.881,1,2,3,2,3,0.647,0.82,35.87,0.826,0.799,1
3,2091,0.561,2,3,0,3,1,0.596,0.827,37.4,0.821,0.715,0
28,2092,0.865,2,4,5,2,5,0.903,0.837,41.75,0.913,1.0,0
74,2093,0.652,2,3,2,2,8,0.781,0.84,46.35,0.756,0.825,1
35,2094,0.407,2,2,1,1,14,0.666,0.792,37.55,0.759,0.748,1
61,2095,0.671,1,4,0,1,3,0.719,0.76,47.7,0.732,0.899,1
93,2096,0.626,1,1,2,3,2,0.691,0.718,39.29,0.816,0.822,1
54,2097,0.921,2,4,0,2,9,0.905,0.846,31.28,0.896,0.9,1
63,2098,0.91,2,1,2,2,5,0.77,0.65,30.5,0.777,0.92,1
79,2099,0.694,0,5,1,2,7,0.557,0.7,50.79,0.695,0.711,1
97,2100,0.757,1,3,2,2,1,0.841,0.721,42.76,0.725,0.885,1
7,2101,0.951,3,3,1,2,1,0.994,0.841,24.01,1.0,0.927,1
76,2102,0.772,3,0,3,1,5,0.891,0.728,20.63,1.0,0.996,1
49,2103,0.738,2,1,1,1,12,0.799,0.765,38.31,0.773,0.797,1
94,2104,0.667,0,2,1,2,3,0.728,0.774,33.81,0.587,0.775,0
85,2105,0.822,2,0,2,2,3,1.0,0.668,21.96,0.795,0.95,1
31,2106,0.701,0,3,1,1,6,0.73,0.805,49.72,0.731,0.832,1
58,2107,0.923,2,1,2,2,14,0.816,0.905,25.7,0.918,0.947,1
61,2108,0.867,2,1,2,2,1,0.806,0.877,33.34,0.821,0.771,0
24,2109,0.58,2,2,1,3,8,0.712,0.819,38.54,0.812,0.749,0
20,2110,0.724,0,2,0,2,7,0.743,0.895,46.24,0.768,0.817,0
37,2111,0.671,2,1,3,2,7,0.866,0.882,23.94,1.0,0.791,1
4,2112,0.655,3,2,0,2,5,0.83,0.735,34.62,0.839,0.848,1
92,2113,0.913,2,4,1,2,6,0.832,0.795,41.31,0.89,0.836,1
20,2114,0.614,2,6,1,2,8,0.758,0.739,51.0,0.813,0.851,1
60,2115,0.401,0,6,4,2,8,0.683,0.64,57.89,0.562,0.788,1
24,2116,0.712,2,0,0,2,7,0.777,0.844,25.06,0.85,0.838,1
50,2117,0.78,2,5,0,2,1,0.635,0.609,43.7,0.832,0.888,1
49,2118,0.427,1,2,1,2,10,0.841,0.667,46.33,0.677,0.715,1
51,2119,0.526,2,4,1,3,12,0.708,0.709,44.89,0.667,0.82,1
96,2120,0.769,2,3,2,1,4,0.826,0.577,40.98,0.751,0.891,1
36,2121,0.739,2,2,2,1,13,0.78,0.755,29.94,0.864,0.876,1
98,2122,0.779,1,3,1,1,12,0.808,0.694,32.58,0.737,0.91,1
100,2123,0.417,1,2,1,3,8,0.674,0.623,50.84,0.654,0.866,0
66,2124,0.614,3,7,2,2,5,0.621,0.636,40.51,0.838,0.748,0
79,2125,0.682,2,5,1,3,11,0.75,0.89,37.19,0.713,0.864,0
34,2126,0.844,0,5,1,1,10,0.778,0.776,52.35,0.713,0.882,0
36,2127,0.75,3,0,1,2,2,0.888,0.722,18.3,0.929,0.858,1
6,2128,0.355,1,5,2,1,6,0.625,0.608,54.47,0.568,0.639,0
39,2129,0.949,2,7,0,2,13,0.941,0.76,38.83,0.882,1.0,1
42,2130,0.852,1,3,0,2,11,0.813,0.731,34.13,0.877,0.951,1
58,2131,0.766,3,1,0,1,11,0.817,0.777,25.73,0.996,0.946,1
12,2132,0.501,1,4,0,2,11,0.74,0.668,50.05,0.732,0.876,1
3,2133,0.734,2,4,1,1,3,0.864,0.815,48.23,0.848,0.916,0
18,2134,0.744,2,2,1,2,9,0.773,0.795,38.03,0.782,0.802,0
40,2135,0.703,0,1,2,2,1,0.627,0.704,33.42,0.714,0.811,0
21,2136,0.698,1,3,1,3,4,0.566,0.641,41.27,0.673,0.944,0
15,2137,0.38,1,5,1,2,5,0.724,0.641,48.33,0.822,0.656,1
97,2138,0.65,3,2,2,2,1,0.84,0.81,23.06,0.762,0.847,1
99,2139,0.345,3,2,0,2,10,0.697,0.862,34.84,0.754,0.817,0
26,2140,0.841,3,3,2,2,3,0.88,0.763,29.8,0.866,0.886,1
8,2141,0.939,1,1,2,2,13,0.877,0.832,30.4,0.82,1.0,1
100,2142,0.834,1,4,1,3,2,0.711,0.647,35.51,0.857,0.859,1
94,2143,0.679,2,3,0,2,13,0.773,0.71,32.5,0.825,0.853,1
87,2144,0.409,2,2,1,3,13,0.777,0.562,33.91,0.685,0.671,1
42,2145,0.955,2,3,1,2,6,0.895,0.867,37.93,0.854,1.0,1
44,2146,0.717,3,3,1,3,5,0.835,0.666,37.67,0.89,0.865,1
14,2147,0.797,3,2,0,2,3,0.853,0.807,35.36,0.873,0.959,1
78,2148,0.659,0,6,0,3,6,0.653,0.603,65.12,0.673,0.787,1
2,2149,0.828,2,3,1,1,6,0.905,0.774,34.07,0.797,1.0,1
37,2150,0.917,2,6,2,1,6,0.942,0.868,30.84,0.911,0.894,1
69,2151,0.715,2,4,0,2,1,0.762,0.757,37.84,0.809,0.706,0
38,2152,0.784,2,2,1,2,12,0.764,0.724,33.48,0.845,0.753,1
41,2153,0.936,3,1,0,3,13,0.878,0.739,28.88,0.952,1.0,0
62,2154,0.489,2,5,1,1,5,0.64,0.852,45.26,0.738,0.684,1
60,2155,0.29,1,4,1,2,8,0.634,0.764,54.35,0.498,0.589,0
14,2156,0.724,2,8,2,2,9,0.6,0.692,48.88,0.721,0.781,0
89,2157,0.7,3,4,3,3,1,0.92,0.814,37.64,0.795,0.758,1
84,2158,0.855,3,2,0,1,7,0.765,0.747,22.62,1.0,0.916,1
2,2159,0.631,1,2,0,3,3,0.661,0.64,38.92,0.686,0.743,0
70,2160,0.851,2,5,2,3,2,0.823,0.632,42.4,0.771,0.883,0
17,2161,0.514,1,3,0,3,3,0.684,0.607,46.53,0.776,0.712,0
89,2162,0.65,1,0,1,2,9,0.842,0.729,32.56,0.776,0.899,1
28,2163,0.842,2,0,1,2,5,0.897,0.795,28.68,0.802,0.832,1
66,2164,0.857,2,5,2,1,5,0.851,0.819,34.13,1.0,0.909,1
35,2165,0.87,0,0,1,2,6,0.774,0.789,29.15,0.656,0.716,1
5,2166,0.926,2,5,1,2,5,0.877,0.693,34.16,0.874,0.931,1
65,2167,0.729,3,4,1,2,4,0.883,0.892,26.29,0.892,0.9,1
40,2168,0.763,2,1,1,1,4,0.758,0.766,31.46,0.662,0.858,0
76,2169,0.87,1,4,1,1,10,0.675,0.712,44.64,0.802,0.867,1
56,2170,0.663,1,4,2,2,7,0.764,0.748,43.03,0.749,0.785,1
36,2171,0.596,1,5,1,2,2,0.662,0.78,54.88,0.647,0.808,0
45,2172,0.641,1,2,2,1,5,0.747,0.794,37.98,0.695,0.848,1
23,2173,0.721,3,4,2,2,7,0.818,0.762,35.98,0.79,0.811,1
47,2174,0.938,2,2,1,2,2,0.823,0.689,29.7,0.947,0.918,1
31,2175,0.234,1,2,1,2,10,0.633,0.768,50.46,0.662,0.549,1
11,2176,0.718,1,4,0,2,13,0.733,0.748,44.21,0.74,0.834,1
10,2177,0.333,3,2,0,2,1,0.802,0.823,29.23,0.84,0.676,0
67,2178,0.391,2,2,0,1,9,0.714,0.711,50.74,0.795,0.788,1
14,2179,0.643,2,1,2,2,7,0.726,0.829,34.53,0.734,0.824,1
80,2180,0.873,2,3,1,2,4,0.827,0.791,20.4,0.85,0.924,1
74,2181,0.757,1,2,1,2,4,0.75,0.765,46.26,0.694,0.866,1
93,2182,0.687,3,0,0,1,11,0.85,0.697,24.69,0.817,0.798,1
10,2183,0.947,0,6,0,3,3,0.762,0.747,50.52,0.832,0.879,1
76,2184,0.687,2,0,0,2,6,0.737,0.755,22.63,0.738,0.862,1
94,2185,0.606,0,2,1,1,9,0.737,0.727,41.55,0.696,0.752,1
1,2186,0.833,2,1,1,1,12,0.863,0.788,29.91,0.694,0.765,1
5,2187,0.644,3,3,1,2,8,0.906,0.758,27.93,1.0,0.831,1
20,2188,0.855,2,4,1,2,10,0.842,0.768,42.65,0.898,0.86,1
8,2189,0.508,1,2,2,2,1,0.573,0.573,46.73,0.573,0.739,1
43,2190,0.86,2,4,1,3,4,0.742,0.713,39.78,0.786,0.791,0
76,2191,0.926,1,1,0,1,4,0.903,0.768,31.4,0.794,0.909,1
1,2192,0.682,3,3,0,2,5,0.824,0.949,26.46,0.89,0.875,1
57,2193,0.66,2,1,2,2,8,0.679,0.571,35.18,0.878,0.812,1
64,2194,0.98,1,1,2,2,3,0.844,0.773,37.58,0.74,0.89,0
84,2195,0.751,1,2,0,2,9,0.742,0.777,36.87,0.817,0.974,1
28,2196,0.735,1,3,1,1,1,0.877,0.813,34.49,0.935,0.862,0
37,2197,0.772,2,2,1,3,10,0.673,0.769,38.74,0.931,0.865,1
47,2198,0.86,2,2,2,1,4,0.875,0.759,30.44,0.863,0.846,1
76,2199,0.936,1,3,3,2,7,0.82,0.578,38.57,0.804,1.0,1
37,2200,0.728,3,1,3,2,3,0.761,0.717,25.55,0.786,0.847,1
49,2201,0.689,1,4,2,2,7,0.721,0.712,40.77,0.824,0.797,1
44,2202,0.544,1,4,1,2,11,0.66,0.733,45.26,0.796,0.714,0
56,2203,0.837,1,4,1,3,2,0.798,0.761,33.0,0.761,0.829,0
28,2204,0.711,1,3,1,2,10,0.629,0.655,42.6,0.721,0.835,1
79,2205,0.325,2,0,0,3,4,1.0,0.847,29.15,0.774,0.709,1
6,2206,0.917,2,3,1,3,8,0.762,0.812,32.36,0.944,0.877,1
61,2207,0.751,0,1,1,2,1,0.715,0.701,31.14,0.728,0.804,1
20,2208,0.69,1,5,0,2,1,0.69,0.728,47.39,0.733,0.835,0
78,2209,0.85,1,4,2,3,13,0.988,0.784,34.73,0.973,0.959,0
2,2210,0.835,0,10,2,1,1,0.765,0.653,59.82,0.751,0.759,0
73,2211,0.862,1,3,0,2,10,0.932,0.962,38.15,0.877,0.85,1
37,2212,0.345,1,1,2,2,9,0.543,0.566,41.56,0.683,0.641,0
20,2213,0.652,1,3,2,2,3,0.759,0.633,39.79,0.798,0.775,1
26,2214,0.368,2,4,0,3,14,0.751,0.642,47.98,0.731,0.655,1
29,2215,0.474,1,3,0,2,6,0.743,0.766,46.8,0.75,0.692,0
1,2216,0.768,2,2,0,3,12,0.678,0.668,35.24,0.797,0.901,1
35,2217,0.776,0,2,2,3,5,0.741,0.661,37.6,0.651,0.883,1
70,2218,0.682,2,3,2,2,9,0.777,0.81,23.68,0.723,0.918,1
59,2219,0.625,2,3,2,3,13,0.781,0.72,36.1,0.808,0.743,1
69,2220,0.681,2,5,1,2,13,0.882,0.677,49.58,0.834,0.849,1
33,2221,0.782,1,8,0,1,10,0.703,0.69,66.57,0.766,0.894,0
51,2222,0.763,1,4,1,2,1,0.723,0.841,43.26,0.684,0.791,1
78,2223,0.807,3,4,1,2,8,0.811,0.824,34.31,0.834,0.909,1
12,2224,0.728,2,6,1,2,8,0.615,0.555,53.02,0.873,0.943,1
20,2225,0.815,1,1,5,1,3,0.8,0.72,39.16,0.796,0.876,1
53,2226,0.841,3,2,2,3,12,0.932,0.781,20.81,0.986,0.991,1
88,2227,0.887,2,2,2,1,8,0.876,0.796,34.2,0.856,0.903,1
43,2228,0.598,3,1,2,2,9,0.727,0.746,38.48,0.749,0.962,1
98,2229,0.82,0,4,1,2,10,0.771,0.743,37.45,0.807,0.958,1
89,2230,0.886,1,2,2,2,1,0.881,0.925,41.78,0.723,0.885,1
50,2231,0.649,2,2,1,2,2,0.822,0.72,39.06,0.854,0.748,1
29,2232,0.943,2,2,0,1,2,0.986,0.778,27.47,0.786,0.943,1
57,2233,0.892,1,3,3,1,3,0.965,0.799,35.15,0.854,0.961,1
39,2234,0.454,2,3,1,2,7,0.839,0.764,46.01,0.718,0.58,1
95,2235,0.886,2,5,1,1,10,0.918,0.704,43.17,0.877,1.0,1
56,2236,0.816,1,3,2,2,5,0.712,0.635,42.0,0.819,0.934,1
43,2237,0.767,2,4,0,1,3,0.75,0.793,34.77,0.788,0.933,1
50,2238,0.728,1,5,2,1,14,0.596,0.752,51.29,0.85,0.837,0
23,2239,0.495,2,0,0,1,5,0.707,0.803,32.64,0.723,0.781,1
44,2240,0.505,1,0,1,3,11,0.817,0.806,41.33,0.745,0.77,0
38,2241,0.887,2,2,1,2,7,1.0,0.917,34.58,1.0,0.998,1
84,2242,0.725,1,4,0,2,4,0.788,0.831,42.68,0.785,0.95,1
23,2243,0.333,3,5,2,1,7,0.639,0.715,41.78,0.739,0.692,1
45,2244,0.764,2,2,3,2,14,0.788,0.661,36.71,0.735,0.847,1
52,2245,0.822,2,6,0,2,3,0.826,0.747,44.98,0.788,0.871,1
80,2246,0.7,3,1,2,2,13,0.915,0.805,29.57,0.874,0.855,1
50,2247,0.616,1,5,1,1,10,0.758,0.671,43.32,0.794,0.821,1
8,2248,0.672,2,3,1,2,2,0.871,0.798,41.08,0.923,0.824,1
85,2249,0.708,1,0,3,2,2,0.815,0.764,40.05,0.748,1.0,1
1,2250,0.805,3,5,3,2,11,0.79,0.627,38.23,0.928,0.882,1
8,2251,0.902,2,3,1,3,3,0.903,0.789,28.28,0.946,1.0,1
29,2252,0.791,2,1,3,2,8,0.856,0.773,27.89,0.95,0.864,1
96,2253,0.655,1,6,2,2,5,0.785,0.642,55.65,0.861,0.797,0
5,2254,0.951,1,3,2,3,4,0.771,0.735,28.11,0.964,0.924,1
86,2255,0.606,0,1,0,1,4,0.666,0.866,42.89,0.653,0.734,1
47,2256,0.742,2,1,1,2,14,0.819,0.839,35.41,0.822,0.813,1
34,2257,0.645,1,2,0,2,6,0.769,0.799,29.6,0.698,0.803,0
65,2258,0.485,1,2,1,3,7,0.78,0.797,44.98,0.672,0.818,1
55,2259,0.729,2,2,3,2,11,0.895,0.683,41.87,0.871,0.879,1
90,2260,0.747,3,5,2,3,1,0.722,0.823,30.0,1.0,0.792,0
43,2261,0.62,1,2,0,2,6,0.636,0.721,36.35,0.678,0.752,0
74,2262,0.699,3,3,1,1,6,0.796,0.716,23.98,0.855,0.893,1
30,2263,0.847,0,6,0,3,3,0.768,0.701,53.3,0.663,0.883,0
82,2264,0.635,0,3,0,1,11,0.568,0.533,44.27,0.705,0.77,0
17,2265,0.429,3,3,0,3,4,0.731,0.745,37.78,0.872,0.705,1
26,2266,0.735,2,4,0,1,12,0.919,0.902,35.83,0.669,0.832,1
8,2267,0.729,3,2,4,2,13,0.803,0.788,29.22,0.785,0.88,1
47,2268,0.602,2,3,3,1,6,0.719,0.653,38.68,0.9,0.841,1
76,2269,0.84,3,4,0,2,1,0.827,0.894,29.54,0.928,0.921,1
91,2270,0.597,1,5,0,1,10,0.698,0.571,55.69,0.765,0.74,1
72,2271,0.783,2,4,0,2,12,0.9,0.673,48.11,0.83,0.795,1
89,2272,0.616,3,3,2,2,1,0.788,0.697,35.39,0.788,0.724,1
46,2273,0.64,1,2,2,1,9,0.727,0.839,44.8,0.746,0.813,1
68,2274,0.75,0,2,0,1,8,0.729,0.745,49.8,0.667,0.648,1
33,2275,0.892,0,2,0,2,13,0.691,0.764,38.87,0.81,0.885,1
1,2276,0.655,3,5,1,2,14,0.868,0.654,29.1,0.832,0.862,0
19,2277,0.467,2,3,0,2,10,0.68,0.903,39.96,0.807,0.671,1
31,2278,0.746,2,3,0,1,13,0.685,0.578,33.12,0.859,0.766,0
80,2279,0.563,2,6,1,2,1,0.688,0.573,35.45,0.873,0.857,0
14,2280,0.825,3,1,1,2,14,0.856,0.622,21.06,0.914,0.992,1
53,2281,0.971,2,2,0,2,5,0.998,1.0,18.86,0.91,1.0,1
48,2282,0.964,3,2,3,3,8,0.874,0.845,23.83,0.956,1.0,1
69,2283,0.802,2,3,1,2,10,0.725,0.875,39.62,0.891,1.0,1
90,2284,0.823,2,4,1,2,11,0.845,0.77,32.61,0.802,0.92,1
62,2285,0.81,0,5,0,3,14,0.677,0.684,46.98,0.618,0.795,0
92,2286,0.596,1,6,1,3,12,0.658,0.613,54.73,0.741,0.861,0
66,2287,0.832,3,3,0,3,2,0.819,0.687,24.83,0.901,0.783,1
64,2288,0.946,1,4,0,2,13,0.661,0.687,38.78,0.68,0.844,1
70,2289,0.853,1,3,1,2,12,0.713,0.8,39.48,0.851,0.904,1
63,2290,0.966,2,4,2,3,11,0.867,0.776,36.32,1.0,0.924,1
73,2291,0.548,2,4,2,3,13,0.744,0.658,38.43,0.645,0.785,0
33,2292,0.404,0,4,1,1,12,0.606,0.732,46.65,0.559,0.674,1
41,2293,0.655,2,2,3,3,4,0.829,0.977,38.66,0.734,0.828,1
89,2294,0.611,2,5,5,3,6,0.917,0.82,43.67,0.828,0.886,0
48,2295,0.811,3,3,1,2,12,0.932,0.856,29.76,0.791,0.923,1
13,2296,0.705,2,2,1,3,7,0.812,0.78,36.18,0.776,0.741,0
73,2297,0.752,2,5,0,3,3,0.796,0.696,46.43,0.623,0.887,0
77,2298,0.589,1,3,0,2,3,0.791,0.847,42.42,0.719,0.814,0
31,2299,0.541,0,2,2,2,3,0.7,0.918,38.71,0.598,0.824,0
75,2300,0.963,0,3,0,1,10,0.689,0.723,43.46,0.789,1.0,1
68,2301,0.904,1,4,3,2,7,0.677,0.671,38.31,0.763,0.845,1
98,2302,0.608,3,4,0,3,1,0.919,0.76,32.75,0.78,0.915,1
4,2303,0.705,3,3,1,1,14,0.823,0.802,39.31,0.873,0.889,1
19,2304,0.741,2,7,1,3,9,0.705,0.608,44.55,0.821,0.871,1
70,2305,0.73,1,4,1,2,9,0.719,0.841,58.93,0.644,0.815,1
98,2306,0.624,1,3,1,2,9,0.758,0.661,44.75,0.675,0.745,1
82,2307,0.679,1,0,0,2,3,0.644,0.835,23.87,0.87,0.723,1
13,2308,0.681,3,1,1,2,1,0.927,0.768,29.72,0.781,0.938,0
23,2309,0.654,2,2,1,2,11,0.781,0.703,37.13,0.81,0.747,1
83,2310,0.956,3,6,1,2,8,0.694,0.706,28.64,0.965,0.924,0
75,2311,0.572,2,2,0,2,6,0.752,0.706,27.74,0.774,0.835,1
1,2312,0.57,2,1,0,1,13,0.832,0.646,28.57,0.866,0.852,1
88,2313,0.692,2,3,1,3,11,0.864,0.87,34.13,0.78,0.8,1
54,2314,0.654,0,2,1,2,10,0.676,0.87,43.26,0.693,0.927,0
71,2315,0.672,2,4,1,2,1,0.885,0.682,43.53,0.777,0.872,1
89,2316,0.764,3,2,1,2,3,0.853,0.76,27.16,0.982,0.906,1
85,2317,0.876,2,2,4,2,5,0.932,0.838,29.98,0.862,0.823,1
15,2318,0.745,2,0,0,3,12,0.892,0.809,30.64,0.808,0.898,1
65,2319,0.865,2,1,1,2,13,0.875,0.859,27.27,0.949,0.873,1
76,2320,0.957,1,3,1,3,7,0.925,0.775,35.12,0.834,0.81,1
71,2321,0.733,2,3,2,1,9,0.738,0.694,33.3,0.821,0.817,1
15,2322,0.918,1,4,1,2,2,0.719,0.709,41.98,0.776,0.873,0
21,2323,0.423,3,2,1,1,3,0.762,0.728,37.4,0.868,0.699,1
19,2324,0.362,0,5,1,2,8,0.47,0.724,59.79,0.586,0.668,0
60,2325,0.893,2,3,0,2,3,0.82,0.774,34.78,0.812,0.964,1
93,2326,0.769,1,1,2,1,4,0.782,0.805,25.6,0.759,0.906,1
89,2327,0.633,0,5,1,2,2,0.719,0.728,47.21,0.644,0.828,0
33,2328,0.625,2,3,0,1,3,0.736,0.699,30.95,0.83,0.822,1
49,2329,0.425,3,2,0,2,3,0.828,0.676,31.84,0.775,0.828,1
96,2330,0.519,2,4,2,1,3,0.535,0.706,41.37,0.751,0.769,0
35,2331,0.684,1,3,2,2,4,0.643,0.647,47.73,0.778,0.796,1
44,2332,0.826,2,3,3,1,9,0.81,0.841,34.08,0.748,0.889,1
90,2333,0.618,0,4,4,2,12,0.64,0.602,50.92,0.539,0.726,0
11,2334,0.79,2,4,0,2,6,0.775,0.63,34.09,0.86,0.792,1
99,2335,0.891,0,2,2,2,4,0.816,0.86,40.95,0.922,0.883,1
72,2336,0.862,2,5,1,2,5,0.834,0.885,48.58,0.865,1.0,1
78,2337,0.699,0,2,1,1,3,0.633,0.683,37.54,0.724,0.889,1
74,2338,0.882,0,5,3,2,14,0.614,0.74,40.81,0.734,0.842,0
66,2339,0.425,3,5,1,2,1,0.85,0.866,42.85,0.814,0.82,1
46,2340,0.714,3,1,0,2,7,0.805,0.807,25.83,0.826,0.754,1
9,2341,0.283,0,3,1,1,7,0.62,0.664,50.21,0.437,0.7,0
3,2342,0.696,1,4,2,1,5,0.531,0.688,38.65,0.67,0.874,1
85,2343,0.829,2,7,0,2,3,0.823,0.719,49.64,0.871,0.864,1
26,2344,0.4,2,4,1,2,6,0.724,0.925,52.03,0.575,0.716,0
72,2345,0.569,3,2,1,2,3,0.741,0.707,21.79,0.749,0.744,0
48,2346,0.989,1,1,0,2,12,0.836,0.883,22.66,0.929,0.953,1
66,2347,0.879,0,3,0,2,2,0.519,0.642,37.41,0.559,0.932,1
70,2348,0.499,0,6,1,2,13,0.723,0.671,56.14,0.719,0.697,0
28,2349,0.9,2,2,4,3,14,0.806,0.682,29.39,0.767,0.949,0
93,2350,0.557,2,4,1,2,12,0.666,0.588,44.54,0.785,0.748,0
26,2351,0.774,2,2,0,1,14,0.761,0.86,36.44,0.863,0.891,1
25,2352,0.455,3,2,0,1,13,0.636,0.719,43.25,0.729,0.655,1
12,2353,0.95,1,6,4,2,3,0.742,0.613,43.25,0.766,0.857,0
5,2354,0.726,2,3,0,1,4,0.896,0.776,36.83,0.721,0.876,1
98,2355,0.773,3,2,3,2,9,0.846,0.802,30.62,0.917,0.876,1
48,2356,0.809,3,2,2,2,8,0.97,0.866,24.74,0.904,0.846,1
37,2357,0.881,2,4,1,3,6,0.771,0.691,39.52,0.826,0.985,1
79,2358,0.541,2,3,0,1,14,0.634,0.625,43.83,0.846,0.853,1
44,2359,0.763,2,5,1,2,3,0.783,0.623,35.59,0.786,0.931,1
100,2360,0.729,2,3,2,3,6,0.753,0.781,33.01,0.805,0.801,0
15,2361,0.366,1,3,0,2,5,0.774,0.719,41.11,0.676,0.638,0
43,2362,0.807,2,5,0,1,9,0.811,0.638,39.78,0.789,0.896,1
48,2363,0.804,2,1,0,2,13,0.769,0.692,25.4,0.765,0.764,1
87,2364,0.861,1,3,1,2,11,0.921,0.774,36.92,0.73,0.924,1
70,2365,0.741,2,3,1,2,1,0.772,0.87,38.74,0.813,0.877,1
46,2366,0.775,2,3,1,2,8,0.723,0.716,33.01,0.889,0.852,1
43,2367,0.455,2,2,1,1,6,0.768,0.806,43.78,0.727,0.802,1
21,2368,0.783,2,1,1,2,11,0.873,0.791,25.68,0.82,0.979,0
23,2369,0.534,2,3,0,2,11,0.747,0.718,36.16,0.712,0.78,0
80,2370,0.603,2,6,2,2,4,0.57,0.786,49.31,0.847,0.769,1
47,2371,0.887,1,2,0,1,3,0.826,0.892,34.99,0.913,1.0,1
15,2372,0.477,1,5,1,2,2,0.647,0.6,48.34,0.732,0.809,0
25,2373,0.549,1,4,0,3,9,0.723,0.838,51.25,0.563,0.732,0
36,2374,0.7,0,2,1,3,11,0.563,0.74,40.09,0.63,0.842,1
75,2375,0.634,2,3,1,2,7,0.847,0.762,38.88,0.779,0.812,1
51,2376,0.71,3,2,3,1,10,0.872,0.754,24.42,0.951,0.899,1
15,2377,0.617,1,2,0,2,1,0.745,0.711,40.93,0.716,0.812,0
68,2378,0.764,3,3,3,2,11,0.938,0.733,25.31,0.864,0.798,1
21,2379,0.696,2,4,0,3,7,0.725,0.698,35.69,0.791,0.829,1
13,2380,0.795,1,2,1,3,12,0.758,0.782,40.57,0.823,0.834,1
86,2381,0.49,0,4,1,3,7,0.62,0.702,50.73,0.657,0.744,1
19,2382,0.63,2,2,1,3,1,0.72,0.614,39.84,0.784,0.834,0
34,2383,0.783,2,5,2,2,11,0.788,0.772,48.54,0.68,0.852,1
78,2384,0.45,1,7,1,2,14,0.528,0.555,56.23,0.64,0.797,0
68,2385,0.902,1,5,0,3,9,0.746,0.777,41.34,0.86,0.852,0
52,2386,0.784,3,3,2,2,4,0.875,0.624,36.09,0.917,0.917,1
27,2387,0.684,1,2,0,3,9,0.701,0.619,39.87,0.682,0.756,0
29,2388,0.838,3,3,1,3,14,0.839,0.811,26.79,1.0,0.93,1
28,2389,0.887,1,5,1,1,10,0.831,0.882,46.01,0.734,0.973,0
35,2390,0.771,2,0,0,3,13,0.793,0.789,15.75,0.924,0.963,1
8,2391,0.667,2,3,0,1,12,0.799,0.64,34.59,0.696,0.727,1
16,2392,0.673,2,4,0,2,9,0.831,0.887,37.94,0.892,0.821,0
36,2393,0.941,1,3,1,3,1,0.782,0.768,35.76,0.754,0.939,1
30,2394,0.127,1,4,1,1,2,0.668,0.739,52.74,0.629,0.579,1
18,2395,0.796,2,2,2,2,1,0.76,0.782,32.55,0.71,0.857,0
2,2396,0.451,1,1,2,2,14,0.549,0.707,41.9,0.64,0.749,1
49,2397,0.692,2,3,0,2,9,0.751,0.833,32.22,0.741,0.87,1
77,2398,0.786,3,3,2,3,6,0.918,0.884,30.95,0.844,0.946,1
4,2399,0.291,3,2,2,3,6,0.618,0.748,37.99,0.722,0.648,1
90,2400,0.806,1,3,0,2,10,0.671,0.625,34.31,0.724,0.784,1
89,2401,0.86,2,2,2,3,8,0.781,0.861,33.91,0.791,0.974,1
94,2402,0.977,2,2,1,3,3,0.899,0.838,29.61,0.915,1.0,1
75,2403,0.706,1,2,1,2,7,0.855,0.892,34.2,0.664,0.972,1
7,2404,0.823,1,2,2,3,13,0.836,0.706,25.46,0.784,0.914,1
95,2405,0.844,1,2,1,3,2,0.983,0.777,38.22,0.81,0.981,1
74,2406,0.867,2,2,2,1,10,0.816,0.855,35.66,0.783,0.887,1
39,2407,0.691,3,4,2,3,10,0.897,0.749,37.21,0.833,0.774,1
13,2408,0.816,3,3,0,1,11,0.908,0.74,23.7,0.925,0.805,1
31,2409,0.717,2,4,1,2,13,0.754,0.748,37.57,0.834,0.862,1
71,2410,0.715,2,3,1,2,5,0.773,0.729,38.48,0.726,0.74,1
63,2411,0.478,3,3,3,2,1,0.821,0.776,46.25,0.791,0.666,1
56,2412,0.45,2,4,1,3,10,0.775,0.731,43.13,0.797,0.682,0
42,2413,0.333,2,1,2,3,7,0.694,0.643,36.65,0.746,0.741,1
61,2414,0.556,3,0,1,2,3,0.808,0.808,26.79,0.693,0.788,1
42,2415,0.544,1,2,1,3,14,0.737,0.674,43.59,0.808,0.813,1
56,2416,0.484,1,8,4,3,8,0.458,0.678,52.61,0.625,0.775,0
36,2417,0.698,2,4,3,2,3,0.732,0.593,43.33,0.852,0.79,1
84,2418,0.557,3,3,2,1,7,0.743,0.777,37.15,0.861,0.735,0
68,2419,0.898,0,4,1,2,3,0.64,0.648,45.07,0.878,0.837,1
7,2420,0.518,2,5,1,3,8,0.821,0.756,52.02,0.791,0.861,0
54,2421,0.441,2,4,1,3,10,0.707,0.633,37.44,0.753,0.716,1
1,2422,0.63,2,2,2,1,4,0.85,0.789,32.12,0.856,0.766,1
44,2423,0.864,1,2,0,2,4,0.884,0.683,38.32,0.734,0.86,0
45,2424,0.871,3,3,3,2,14,0.884,0.723,26.78,0.961,0.973,1
47,2425,0.94,3,2,2,2,10,1.0,0.807,32.58,0.926,1.0,1
13,2426,0.877,2,1,2,2,6,1.0,0.851,26.91,0.915,0.811,1
22,2427,0.784,3,1,2,2,1,0.922,0.856,23.22,0.799,0.98,1
21,2428,0.616,3,3,2,3,6,0.83,0.67,39.76,0.71,0.726,1
86,2429,0.752,2,1,2,3,7,0.865,0.853,32.28,0.931,0.877,0
92,2430,0.801,3,1,0,3,7,0.952,0.744,28.41,0.941,0.921,1
9,2431,0.679,3,3,3,2,9,0.854,0.807,33.85,1.0,0.878,1
26,2432,0.714,1,5,0,2,6,0.787,0.645,47.25,0.687,0.802,0
9,2433,0.592,0,1,0,3,1,0.656,0.685,43.71,0.681,0.678,1
15,2434,0.537,1,6,1,2,3,0.665,0.67,54.31,0.702,0.769,0
10,2435,0.755,2,2,0,3,3,0.767,0.784,36.92,0.786,0.983,1
88,2436,0.73,0,1,1,2,5,0.718,0.933,44.15,0.692,0.846,1
42,2437,0.854,1,3,3,2,3,0.916,0.871,29.49,0.788,0.865,0
72,2438,0.716,3,4,1,3,11,0.73,0.666,29.18,0.842,0.836,1
24,2439,0.826,2,5,0,2,11,0.789,0.84,43.37,0.783,0.954,0
80,2440,0.764,3,3,1,2,9,0.924,0.608,27.56,0.889,0.823,1
49,2441,0.922,3,4,0,3,4,0.889,0.78,31.93,0.856,0.894,1
26,2442,0.449,1,0,0,2,9,0.82,0.811,29.26,0.709,0.755,1
91,2443,0.683,2,2,1,3,13,0.81,0.804,37.73,0.742,0.775,1
37,2444,0.775,1,0,1,2,2,0.784,0.696,18.04,0.875,0.708,1
68,2445,0.828,2,2,0,2,10,0.879,0.78,34.37,0.777,0.685,1
50,2446,0.509,1,3,1,3,5,0.799,0.652,46.1,0.77,0.806,1
24,2447,0.794,1,4,4,2,3,0.767,0.646,38.9,0.815,0.915,0
19,2448,0.617,0,5,2,3,1,0.67,0.473,50.3,0.671,0.666,1
100,2449,0.876,2,3,1,2,7,0.736,0.757,35.63,0.847,0.876,1
60,2450,0.6,3,2,0,2,14,0.797,0.701,38.64,0.877,0.77,1
39,2451,0.331,1,0,1,2,4,0.593,0.814,41.53,0.65,0.623,0
74,2452,0.564,2,1,1,1,5,0.744,0.787,37.12,0.88,0.758,0
89,2453,0.832,2,1,2,1,14,0.825,0.763,31.43,0.792,0.984,1
18,2454,0.834,2,7,0,1,8,0.819,0.761,50.37,0.806,0.883,0
19,2455,0.888,3,1,3,2,8,0.878,0.831,18.11,0.819,0.877,1
36,2456,0.696,1,3,1,2,9,0.806,0.899,36.25,0.797,0.865,1
74,2457,0.816,0,3,3,2,9,0.798,0.693,37.3,0.726,0.944,1
97,2458,0.834,1,3,0,2,6,0.806,0.672,45.96,0.834,0.891,1
55,2459,0.619,2,3,0,2,9,0.792,0.621,32.59,0.798,0.834,1
69,2460,0.635,1,5,2,3,7,0.729,0.706,54.33,0.756,0.85,1
47,2461,0.938,1,10,3,2,9,0.683,0.643,60.73,0.85,1.0,1
49,2462,0.945,3,3,0,3,9,0.982,0.613,27.93,0.939,1.0,1
99,2463,0.626,1,1,0,2,14,0.692,0.722,36.33,0.771,0.838,1
98,2464,0.591,2,5,1,2,2,0.595,0.766,39.5,0.704,0.792,0
33,2465,0.387,3,3,3,2,3,0.777,0.898,40.73,0.66,0.595,0
21,2466,0.662,2,5,1,2,5,0.779,0.789,48.59,0.877,0.872,1
81,2467,0.784,2,5,1,2,8,0.66,0.689,40.11,0.73,0.916,1
22,2468,0.922,1,8,0,3,11,0.824,0.771,57.68,0.806,0.896,1
48,2469,0.989,2,1,3,2,11,0.831,0.824,26.16,0.996,0.957,1
37,2470,0.4,2,6,2,1,11,0.72,0.617,51.77,0.848,0.705,1
15,2471,0.734,3,1,0,2,6,1.0,0.77,30.04,0.962,1.0,1
35,2472,0.448,2,1,0,2,5,0.811,0.803,33.78,0.74,0.754,0
92,2473,0.8,2,3,1,2,11,0.82,0.773,32.18,0.806,0.82,1
71,2474,0.4,0,2,2,2,9,0.587,0.622,46.73,0.571,0.718,0
32,2475,0.819,0,1,2,1,3,0.739,0.685,41.54,0.738,0.937,1
11,2476,0.957,2,2,1,3,4,0.88,0.776,29.86,0.957,0.884,1
10,2477,0.906,1,1,2,2,14,0.87,0.759,30.67,0.906,0.992,1
73,2478,0.941,3,2,0,2,4,0.987,0.848,24.94,1.0,0.907,1
78,2479,0.518,2,5,1,1,7,0.669,0.739,45.35,0.801,0.762,1
77,2480,0.421,2,3,1,2,1,0.764,0.769,34.02,0.655,0.734,0
57,2481,0.469,2,1,0,2,4,0.805,0.806,28.88,0.747,0.743,1
25,2482,0.562,2,3,0,1,12,0.6,0.729,35.12,0.749,0.774,0
2,2483,0.577,2,4,0,1,10,0.65,0.678,45.7,0.839,0.697,1
64,2484,0.827,2,4,1,2,11,0.817,0.637,29.91,0.857,0.933,1
35,2485,0.616,2,2,0,1,7,0.796,0.71,24.01,0.671,0.829,1
7,2486,0.62,3,3,3,2,1,0.777,0.574,33.08,0.799,0.944,1
85,2487,0.871,3,2,0,3,6,1.0,0.88,26.22,0.939,1.0,1
18,2488,0.643,1,4,3,2,2,0.842,0.789,55.59,0.611,0.938,1
67,2489,0.601,3,4,2,2,1,0.736,0.689,41.01,0.892,0.76,1
42,2490,0.688,3,2,3,3,2,0.913,0.732,34.45,0.884,0.826,1
39,2491,0.629,2,3,1,2,8,0.726,0.74,39.35,0.839,0.763,1
41,2492,0.641,2,1,2,3,14,0.833,0.846,35.36,0.702,0.747,1
75,2493,0.289,2,1,1,2,1,0.735,0.732,35.55,0.548,0.662,0
24,2494,0.257,1,0,2,2,9,0.669,0.845,33.07,0.581,0.632,1
60,2495,0.649,0,5,0,3,4,0.546,0.629,58.1,0.67,0.717,0
46,2496,0.468,3,3,2,2,5,0.64,0.718,28.88,0.732,0.718,0
19,2497,0.763,2,2,0,1,12,0.833,0.755,34.98,0.693,0.801,1
68,2498,0.719,1,4,3,2,10,0.84,0.772,43.35,0.758,0.868,0
90,2499,0.65,2,3,1,2,11,0.756,0.809,37.14,0.692,0.838,1
42,2500,0.921,1,2,0,2,11,0.836,0.864,37.62,0.856,0.877,1
32,2501,0.504,3,3,1,3,10,0.805,0.767,29.39,0.828,0.791,1
39,2502,0.877,2,4,1,3,12,0.83,0.764,32.74,0.865,0.957,1
36,2503,0.666,2,4,2,1,11,0.938,0.737,38.27,0.904,0.952,1
97,2504,0.815,1,6,1,3,12,0.7,0.65,41.29,0.722,0.808,1
36,2505,0.665,2,2,1,2,13,0.959,0.906,30.31,0.644,0.802,1
3,2506,0.811,3,1,2,3,2,0.991,0.827,23.43,0.809,1.0,1
73,2507,0.5,2,5,0,2,12,0.617,0.716,40.14,0.734,0.77,0
8,2508,0.77,2,1,3,2,1,0.888,0.88,28.81,0.883,0.9,1
97,2509,0.83,3,4,0,2,3,0.789,0.728,21.48,0.913,0.994,1
70,2510,0.67,1,1,2,2,9,0.657,0.794,31.52,0.681,0.737,1
41,2511,0.651,1,4,0,3,7,0.743,0.772,38.9,0.734,0.708,1
68,2512,0.803,2,3,1,2,11,0.79,0.829,35.04,0.953,0.967,0
13,2513,0.777,1,3,0,3,7,0.814,0.744,44.3,0.842,0.882,0
49,2514,0.504,1,2,1,1,2,0.562,0.638,37.27,0.608,0.701,0
60,2515,0.821,2,2,1,1,2,0.842,0.74,26.48,0.829,0.952,1
2,2516,0.699,2,5,1,2,7,0.679,0.779,46.58,0.813,0.928,1
60,2517,0.706,3,5,0,3,12,0.803,0.712,41.26,0.846,0.904,1
5,2518,0.669,1,6,0,3,10,0.969,0.76,48.14,0.772,0.868,0
44,2519,0.868,3,1,0,1,10,0.841,0.907,18.42,0.842,0.877,1
27,2520,0.837,1,0,2,1,2,0.823,0.783,29.18,0.747,0.885,1
32,2521,0.744,2,4,0,1,6,0.832,0.541,36.69,0.813,0.935,1
21,2522,0.929,1,3,2,3,14,0.707,0.7,36.4,0.869,0.856,1
8,2523,0.982,2,2,3,2,14,0.817,0.763,15.04,0.84,0.828,1
72,2524,0.814,3,3,1,2,1,0.893,0.88,23.86,0.839,0.909,1
50,2525,0.827,2,4,2,3,1,0.81,0.641,40.24,0.781,0.989,1
67,2526,0.882,1,1,1,2,8,0.737,0.77,18.69,0.786,0.91,1
44,2527,0.869,2,0,1,3,10,0.917,0.797,26.64,0.822,0.875,1
58,2528,0.757,2,5,2,2,3,0.753,0.74,46.51,0.794,0.811,0
3,2529,0.886,0,6,0,2,2,0.628,0.688,56.15,0.726,0.838,1
86,2530,0.714,3,2,1,1,3,0.818,0.757,26.54,0.852,0.866,1
70,2531,0.944,1,1,2,2,14,0.882,0.815,21.79,0.799,1.0,1
2,2532,0.83,2,4,1,2,12,0.79,0.8,39.81,0.72,0.806,1
87,2533,0.961,1,3,0,1,5,0.738,0.637,37.51,0.784,0.968,0
44,2534,0.465,1,1,2,1,1,0.578,0.739,36.26,0.655,0.645,1
2,2535,0.807,3,2,0,3,1,0.809,0.624,27.78,0.767,0.931,1
81,2536,0.83,0,3,1,3,4,0.654,0.605,52.72,0.707,0.968,0
35,2537,0.555,1,2,1,3,14,0.613,0.654,37.52,0.613,0.806,1
98,2538,0.595,2,1,0,1,6,0.751,0.693,32.23,0.821,0.742,1
87,2539,0.582,1,0,1,2,7,0.624,0.832,27.38,0.794,0.811,1
30,2540,0.571,2,5,1,1,4,0.807,0.581,51.79,0.823,0.752,1
8,2541,0.735,2,2,4,2,3,0.929,0.79,38.72,0.924,1.0,1
22,2542,0.942,3,4,1,2,1,1.0,0.893,33.74,0.965,0.95,1
44,2543,0.795,2,1,4,2,5,0.849,0.764,27.72,0.738,0.83,1
58,2544,0.66,3,4,1,1,10,0.891,0.759,39.5,0.686,0.698,1
36,2545,0.807,2,4,1,3,6,0.843,0.707,39.0,0.874,0.801,0
69,2546,0.755,1,4,2,1,2,0.803,0.599,41.94,0.724,0.91,1
77,2547,0.907,1,1,0,2,13,0.878,0.726,27.55,0.847,0.922,1
93,2548,0.587,3,2,0,3,7,0.729,0.84,33.53,0.807,0.829,1
31,2549,0.626,2,3,1,2,2,0.834,0.706,43.32,0.795,0.842,0
47,2550,0.612,1,1,1,2,8,0.762,0.848,36.21,0.823,0.857,1
55,2551,0.655,3,4,0,1,1,0.745,0.675,32.74,0.816,0.825,0
80,2552,0.573,0,2,1,2,5,0.598,0.591,47.48,0.55,0.772,1
62,2553,0.897,2,3,1,2,11,0.822,0.818,37.57,0.808,1.0,1
30,2554,0.863,2,3,3,1,4,0.784,0.685,30.43,0.893,0.848,1
55,2555,0.659,2,1,0,2,7,0.821,0.853,42.45,0.792,0.845,1
16,2556,0.581,1,3,0,3,3,0.685,0.734,47.99,0.66,0.867,1
12,2557,0.897,2,1,2,2,1,1.0,0.971,25.23,0.872,0.99,1
17,2558,0.71,0,5,1,1,12,0.657,0.6,47.27,0.715,0.871,0
16,2559,0.589,2,1,1,2,4,0.739,0.854,31.93,0.713,0.812,1
12,2560,0.842,2,4,3,2,9,0.845,0.704,32.15,0.807,1.0,1
8,2561,0.722,3,4,2,3,14,0.786,0.795,36.15,0.736,0.827,1
84,2562,0.518,1,2,0,3,2,0.741,0.727,40.44,0.734,0.772,0
3,2563,0.743,3,2,2,2,9,0.84,0.694,23.41,0.954,0.961,1
16,2564,0.616,2,1,1,1,7,0.782,0.827,27.83,0.751,0.862,1
30,2565,0.918,2,3,1,1,14,0.735,0.692,29.85,0.915,0.918,1
23,2566,0.674,1,5,1,3,3,0.655,0.719,44.11,0.681,0.725,0
92,2567,0.855,1,3,5,2,5,0.747,0.719,36.07,0.821,0.899,1
5,2568,0.785,2,3,3,2,13,0.756,0.732,24.53,0.68,0.846,1
84,2569,0.807,3,2,1,1,1,0.716,0.761,23.21,0.846,0.902,1
65,2570,0.969,2,5,3,2,10,0.683,0.718,34.64,0.932,0.873,1
30,2571,0.735,3,5,0,3,11,0.744,0.722,40.3,0.794,0.874,1
21,2572,0.643,2,6,2,2,5,0.777,0.592,57.75,0.694,0.805,1
84,2573,0.854,3,2,2,2,9,1.0,0.82,25.36,0.933,0.985,1
70,2574,0.832,1,5,1,1,1,0.705,0.695,43.49,0.802,0.88,1
22,2575,0.862,2,0,0,1,2,0.719,0.686,19.8,0.835,0.86,1
82,2576,0.871,3,2,1,2,2,0.811,0.855,24.91,0.907,0.996,1
72,2577,0.805,3,3,2,3,11,0.949,0.851,36.5,0.862,0.911,0
32,2578,0.467,2,7,6,2,7,0.71,0.739,50.33,0.661,0.782,1
33,2579,0.921,1,5,0,2,7,0.699,0.581,54.12,0.795,0.938,1
16,2580,0.878,2,3,3,2,10,0.873,0.785,29.63,0.843,0.891,1
76,2581,0.847,1,3,1,2,6,0.804,0.666,40.87,0.729,0.838,1
38,2582,0.686,1,0,0,2,14,0.779,0.78,36.67,0.765,0.859,1
98,2583,0.8,1,4,2,2,10,0.583,0.637,33.97,0.78,0.833,1
14,2584,0.565,1,6,4,3,10,0.691,0.78,54.62,0.66,0.755,0
36,2585,0.353,2,1,0,3,2,0.677,0.767,37.04,0.817,0.774,0
97,2586,0.833,2,3,3,2,12,0.836,0.714,32.5,0.833,0.927,1
23,2587,0.622,1,2,1,2,3,0.667,0.919,33.17,0.633,0.766,1
66,2588,0.747,2,5,1,2,10,0.865,0.816,45.92,0.808,0.942,1
85,2589,0.329,1,4,0,3,12,0.647,0.761,37.86,0.677,0.697,0
2,2590,0.572,1,3,2,3,7,0.678,0.718,42.77,0.625,0.726,1
91,2591,0.648,2,1,1,1,2,0.727,0.779,30.05,0.748,0.819,1
73,2592,0.867,1,4,1,2,8,0.681,0.686,30.81,0.778,1.0,1
65,2593,0.754,2,1,1,2,9,0.932,0.837,25.1,0.846,0.885,1
75,2594,0.535,1,1,3,2,6,0.707,0.656,38.13,0.77,0.737,1
67,2595,0.712,2,2,2,2,2,0.854,0.848,48.02,0.789,0.83,1
52,2596,0.667,1,0,1,2,14,0.621,0.827,26.79,0.841,0.764,1
62,2597,0.501,1,1,4,3,14,0.8,0.745,40.98,0.667,0.734,1
23,2598,0.843,1,4,0,3,13,0.737,0.846,35.03,0.782,0.786,1
26,2599,0.683,2,2,1,2,10,0.817,0.728,22.7,0.728,0.795,1
68,2600,0.307,1,2,2,2,4,0.625,0.645,51.78,0.615,0.727,0
82,2601,0.903,1,2,1,2,11,0.7,0.761,32.5,0.845,0.954,1
55,2602,0.631,0,3,0,1,2,0.843,0.774,42.27,0.668,0.87,1
6,2603,0.789,2,2,0,2,14,0.851,0.738,32.75,0.831,0.816,1
35,2604,0.786,1,4,2,2,3,0.755,0.704,38.31,0.865,0.847,0
22,2605,0.618,1,4,2,3,7,0.689,0.658,38.08,0.769,0.773,1
43,2606,0.849,3,5,2,2,14,0.811,0.769,43.32,0.93,0.952,1
15,2607,0.837,1,4,2,1,5,0.906,0.807,33.22,0.677,0.876,1
86,2608,0.532,2,4,3,1,9,0.818,0.648,51.19,0.752,0.777,1
60,2609,0.625,3,2,0,2,1,0.844,0.694,31.19,0.849,0.883,1
12,2610,0.806,0,5,1,1,12,0.625,0.593,53.02,0.676,0.86,1
49,2611,0.731,2,4,1,2,13,0.679,0.669,38.61,0.751,0.813,1
42,2612,0.657,1,4,0,3,2,0.647,0.784,42.32,0.591,0.799,0
38,2613,0.534,3,3,0,2,6,0.79,0.836,32.11,0.776,0.876,1
82,2614,0.386,3,3,2,2,3,0.721,0.629,50.18,0.633,0.672,0
45,2615,0.756,1,1,1,2,7,0.814,0.808,34.27,0.834,0.767,1
35,2616,0.604,1,7,1,3,13,0.666,0.72,59.84,0.684,0.829,0
30,2617,0.51,2,3,1,3,9,0.74,0.761,42.79,0.822,0.847,0
88,2618,0.749,3,2,1,2,12,0.732,0.553,30.75,0.941,0.872,1
30,2619,0.732,1,4,2,2,7,0.69,0.827,44.36,0.846,0.82,1
78,2620,0.745,3,3,0,2,7,0.9,0.976,35.39,0.903,0.879,1
6,2621,0.622,3,2,0,1,4,0.915,0.812,34.49,0.888,0.834,0
67,2622,0.803,1,2,1,3,6,0.757,0.694,36.9,0.733,0.849,1
80,2623,0.608,2,5,0,2,4,0.829,0.669,37.63,0.787,0.981,1
7,2624,0.947,0,7,0,1,8,0.81,0.819,52.85,0.738,0.901,1
52,2625,0.675,2,2,1,2,1,0.868,0.75,28.91,0.846,0.82,1
14,2626,0.715,1,6,2,2,3,0.912,0.701,61.28,0.848,0.876,0
73,2627,0.608,2,8,0,1,6,0.628,0.665,60.52,0.731,0.669,0
15,2628,0.894,2,5,1,2,3,0.809,0.635,37.39,0.86,1.0,0
21,2629,0.716,2,5,3,2,8,0.762,0.633,34.58,0.765,0.868,1
35,2630,0.914,2,3,4,2,7,0.659,0.73,42.35,0.799,0.905,1
66,2631,0.844,2,3,1,2,5,0.821,0.685,27.04,0.86,0.912,1
91,2632,0.906,3,2,0,1,7,0.913,0.656,29.63,0.928,0.979,0
2,2633,0.823,2,1,2,2,11,0.725,0.814,38.03,0.76,0.853,1
35,2634,0.681,2,3,1,2,9,0.77,0.815,37.43,0.881,0.901,1
82,2635,0.721,1,3,0,1,13,0.815,0.674,39.06,0.839,0.873,1
78,2636,0.593,1,4,0,2,3,0.862,0.742,51.49,0.646,0.788,0
20,2637,0.901,0,5,1,3,9,0.585,0.568,55.46,0.688,0.794,1
82,2638,0.848,2,5,4,1,7,0.977,0.865,39.4,0.924,0.964,0
10,2639,0.719,2,2,1,3,11,0.877,0.626,26.29,0.832,0.914,1
25,2640,0.534,2,1,3,2,12,0.893,0.696,31.44,0.739,0.762,1
66,2641,0.725,3,8,0,2,8,0.844,0.828,44.89,0.973,0.896,0
25,2642,0.905,1,5,2,2,2,0.837,0.8,53.08,1.0,0.935,1
54,2643,0.909,2,0,4,2,10,0.935,0.886,27.81,0.838,0.984,1
33,2644,0.704,3,5,1,2,3,0.752,0.691,45.37,0.964,0.94,1
36,2645,0.884,2,2,0,2,8,0.871,0.894,32.42,0.803,0.884,1
95,2646,0.648,2,5,2,2,14,0.869,0.763,32.57,0.717,0.905,1
14,2647,0.738,3,2,2,1,2,0.857,0.671,29.37,0.868,0.964,1
65,2648,0.964,2,4,1,2,5,0.897,0.816,33.47,0.906,0.892,1
80,2649,0.878,2,4,2,2,12,0.915,0.894,36.36,0.74,0.913,0
54,2650,0.745,3,1,1,1,12,0.833,0.881,24.5,0.91,0.887,1
52,2651,0.716,2,5,1,2,7,0.786,0.825,41.26,0.896,0.858,1
3,2652,0.85,1,2,0,2,14,0.669,0.557,27.0,0.827,0.907,1
99,2653,0.674,3,2,0,2,10,0.803,0.75,24.22,0.849,0.917,1
41,2654,0.688,3,2,1,2,10,0.85,0.779,34.64,0.966,0.969,1
6,2655,0.617,1,1,2,2,14,0.683,0.671,34.8,0.783,0.775,1
25,2656,0.699,2,1,1,2,1,1.0,0.857,33.89,0.86,0.992,1
13,2657,0.601,2,9,2,3,5,0.771,0.629,59.88,0.735,0.82,0
98,2658,0.837,3,2,2,2,12,0.934,0.635,23.55,0.949,0.924,1
8,2659,0.974,1,3,3,2,1,0.821,0.697,39.43,0.662,0.865,1
21,2660,0.164,2,2,0,3,7,0.635,0.749,49.24,0.732,0.642,1
98,2661,0.76,2,6,0,1,12,0.903,0.779,49.79,0.823,0.911,1
68,2662,0.546,2,5,0,3,7,0.805,0.64,42.2,0.672,0.733,0
25,2663,0.777,3,2,0,3,1,0.924,0.858,28.29,0.854,0.912,1
79,2664,0.845,3,3,1,1,1,0.902,0.86,26.35,0.857,0.891,0
68,2665,0.504,0,8,0,2,10,0.598,0.638,59.17,0.629,0.753,0
45,2666,0.753,1,6,0,2,6,0.811,0.717,56.67,0.649,0.821,1
60,2667,0.619,0,3,1,1,12,0.661,0.729,48.66,0.699,0.824,0
12,2668,0.574,2,0,0,2,5,0.909,0.725,20.0,0.731,0.792,1
32,2669,0.884,2,3,1,3,9,0.803,0.944,35.41,0.872,0.993,0
96,2670,0.936,2,2,2,1,9,0.833,0.808,27.35,0.923,0.876,1
92,2671,0.86,0,1,1,3,1,0.725,0.775,39.03,0.845,0.898,1
13,2672,0.736,1,3,2,3,3,0.735,0.606,39.4,0.731,0.84,1
31,2673,0.457,1,2,1,1,14,0.614,0.813,45.68,0.772,0.8,0
78,2674,0.79,2,6,3,3,9,0.695,0.6,39.26,0.787,0.84,0
20,2675,0.966,2,2,0,2,9,0.955,0.775,25.78,0.815,0.974,1
18,2676,0.704,1,2,2,3,5,0.777,0.746,43.28,0.739,0.887,1
93,2677,0.715,1,7,0,3,9,0.772,0.648,52.71,0.805,0.882,0
60,2678,0.484,2,4,3,2,14,0.748,0.71,45.16,0.746,0.742,1
63,2679,0.31,3,4,1,2,1,0.704,0.636,45.09,0.816,0.791,0
6,2680,0.792,1,3,1,2,4,0.755,0.798,48.43,0.792,0.835,1
32,2681,0.94,2,3,0,2,1,0.799,0.785,26.66,0.822,0.89,1
93,2682,0.615,0,4,0,2,9,0.585,0.631,53.73,0.599,0.762,1
43,2683,0.823,1,4,3,3,8,0.76,0.799,43.11,0.848,0.911,1
2,2684,0.712,2,3,1,2,14,0.851,0.779,37.93,0.859,0.795,1
60,2685,0.765,1,4,2,2,13,0.653,0.594,40.74,0.702,0.868,0
23,2686,0.294,2,1,0,3,12,0.694,0.674,36.88,0.609,0.704,1
83,2687,0.697,3,3,1,2,9,0.828,0.805,35.63,0.845,0.902,1
31,2688,0.746,2,3,2,2,8,0.903,0.847,37.37,0.819,0.936,1
5,2689,0.743,2,5,2,2,9,0.777,0.758,38.2,0.73,0.775,1
83,2690,0.436,1,4,0,2,10,0.737,0.706,48.51,0.683,0.759,0
34,2691,0.794,1,3,0,3,7,0.776,0.839,30.45,0.733,0.848,1
10,2692,0.971,2,1,0,1,1,0.952,0.74,24.97,0.922,1.0,1
89,2693,0.904,1,3,3,2,11,0.789,0.697,40.87,0.805,0.886,0
2,2694,0.61,0,7,1,1,11,0.688,0.662,58.55,0.694,0.726,0
11,2695,0.738,1,2,1,2,12,0.734,0.766,35.49,0.684,0.863,1
50,2696,0.472,1,1,3,3,4,0.696,0.716,43.98,0.743,0.874,0
31,2697,0.769,2,3,3,2,1,0.811,0.619,30.79,0.804,0.92,1
56,2698,0.859,3,3,1,3,2,0.983,0.751,37.26,1.0,0.997,1
79,2699,0.937,3,3,1,2,14,1.0,0.684,31.0,0.913,1.0,1
73,2700,0.887,2,5,0,3,2,0.77,0.66,48.63,0.855,0.834,1
87,2701,0.632,1,3,2,2,12,0.781,0.669,41.68,0.711,0.859,1
83,2702,0.541,1,3,2,2,2,0.724,0.862,43.52,0.58,0.666,0
9,2703,0.75,1,1,0,3,6,0.718,0.829,33.37,0.88,0.831,1
99,2704,0.712,1,7,0,2,14,0.77,0.744,56.05,0.701,0.774,0
21,2705,0.528,2,2,2,2,3,0.767,0.868,32.56,0.672,0.725,0
73,2706,0.818,3,0,2,1,2,0.83,0.825,17.84,0.96,0.906,1
28,2707,0.906,2,2,0,2,4,0.905,0.616,29.3,0.882,1.0,1
62,2708,0.312,3,2,1,3,5,0.777,0.871,35.81,0.688,0.795,1
7,2709,0.511,2,0,0,2,9,0.768,0.825,33.01,0.817,0.754,1
80,2710,0.906,2,2,0,1,5,0.858,0.904,36.43,0.804,0.925,1
16,2711,0.625,3,3,1,3,11,0.699,0.668,39.59,0.667,0.88,1
97,2712,0.908,2,4,0,2,6,0.791,0.678,27.49,0.838,0.921,0
4,2713,0.853,2,4,1,3,4,0.707,0.721,35.15,0.814,0.83,1
4,2714,0.778,1,8,3,3,6,0.61,0.66,59.02,0.861,0.886,1
40,2715,0.605,0,2,0,2,6,0.732,0.782,47.99,0.728,0.776,1
17,2716,0.424,3,2,1,3,14,0.766,0.797,30.08,0.739,0.72,1
52,2717,0.558,1,5,0,3,5,0.662,0.688,52.49,0.677,0.799,1
93,2718,0.819,2,4,1,1,8,0.785,0.752,34.15,0.865,0.931,1
52,2719,0.61,2,2,1,3,11,0.761,0.697,23.63,0.73,0.882,1
36,2720,0.799,2,2,3,2,7,0.951,0.802,27.39,0.772,0.927,0
38,2721,0.456,0,5,2,2,2,0.603,0.743,49.48,0.571,0.704,0
50,2722,0.839,0,3,3,1,6,0.699,0.74,44.77,0.754,0.898,1
63,2723,0.548,2,0,0,2,10,0.914,0.848,29.46,0.908,0.8,1
63,2724,0.839,2,3,2,3,11,0.787,0.64,37.87,0.853,1.0,0
62,2725,0.87,1,4,1,3,10,0.751,0.738,44.07,0.725,0.903,0
99,2726,0.88,3,7,6,3,5,0.827,0.66,35.16,0.867,0.91,1
7,2727,0.531,2,0,0,1,4,0.889,0.863,35.24,0.682,0.754,1
27,2728,0.914,2,3,2,2,10,0.761,0.673,27.37,0.856,0.857,1
92,2729,0.682,2,5,1,3,2,0.708,0.667,48.22,0.655,0.797,0
86,2730,0.51,1,2,0,2,13,0.667,0.952,43.51,0.804,0.709,0
14,2731,0.825,3,1,2,2,1,0.953,0.871,21.67,0.883,0.943,1
71,2732,0.737,3,4,0,2,14,0.878,0.889,36.47,0.867,0.774,1
86,2733,0.831,2,3,1,2,1,0.816,0.741,19.9,0.783,0.827,1
5,2734,0.698,2,3,2,1,14,0.807,0.806,46.55,0.864,0.845,1
55,2735,0.763,2,4,1,2,2,0.976,0.887,41.16,0.978,0.983,1
2,2736,0.865,2,0,0,3,2,0.808,0.702,31.08,1.0,0.97,1
62,2737,0.785,2,1,1,2,12,0.87,0.764,31.39,0.921,0.863,1
91,2738,0.925,2,5,1,3,10,0.67,0.716,40.04,0.653,0.817,1
21,2739,0.576,1,2,0,3,9,0.776,0.764,35.99,0.673,0.838,1
79,2740,0.749,2,3,0,2,8,0.781,0.832,31.56,0.899,0.823,1
21,2741,0.903,2,6,3,3,2,0.709,0.634,29.53,0.865,0.984,1
10,2742,0.813,1,3,1,3,3,0.776,0.933,38.37,0.788,0.897,1
87,2743,0.641,2,6,0,2,7,0.659,0.709,43.57,0.896,0.893,0
58,2744,0.491,2,3,1,3,5,0.875,0.749,36.2,0.705,0.692,0
39,2745,0.827,2,4,0,3,11,0.83,0.762,35.97,0.824,0.917,1
5,2746,0.47,1,0,1,2,6,0.737,0.797,39.62,0.662,0.664,0
65,2747,0.969,2,0,0,2,2,0.933,0.873,22.18,0.705,0.936,1
13,2748,0.546,2,3,1,3,9,0.697,0.678,41.97,0.635,0.748,1
85,2749,0.466,2,2,2,1,6,0.871,0.73,39.37,0.801,0.796,1
90,2750,0.882,2,4,2,2,11,0.815,0.712,38.26,0.914,1.0,1
85,2751,0.888,2,4,0,3,14,0.689,0.839,36.89,0.837,0.929,0
53,2752,0.683,1,6,0,2,12,0.658,0.657,51.03,0.718,0.859,1
82,2753,0.884,1,3,2,3,8,0.812,0.732,34.3,0.888,0.859,1
45,2754,0.635,0,2,1,2,9,0.598,0.679,45.59,0.641,0.725,0
32,2755,0.899,2,2,3,2,4,0.718,0.771,23.0,0.844,0.849,1
36,2756,0.506,2,4,1,2,2,0.757,0.684,32.09,0.659,0.664,0
81,2757,0.553,2,2,0,2,8,0.827,0.661,40.79,0.791,0.845,1
99,2758,0.809,1,2,3,2,1,0.673,0.784,32.88,0.779,0.947,0
60,2759,0.754,1,1,1,2,1,0.864,0.767,40.45,0.783,0.884,1
11,2760,0.709,1,2,1,2,3,0.923,0.9,39.41,0.865,0.954,1
63,2761,0.245,0,2,2,3,11,0.648,0.902,48.2,0.604,0.668,0
21,2762,0.658,2,3,0,1,14,0.743,0.667,40.69,0.834,0.736,1
52,2763,0.618,1,4,0,3,13,0.731,0.67,44.17,0.858,0.744,0
55,2764,0.694,2,1,4,3,11,0.923,0.849,30.08,0.859,0.81,1
26,2765,0.526,3,6,1,3,11,0.807,0.716,39.72,0.856,0.764,1
68,2766,0.34,0,3,1,2,12,0.539,0.782,52.71,0.488,0.711,0
34,2767,0.706,3,1,1,1,14,0.887,0.797,21.66,0.787,0.804,1
52,2768,0.648,2,6,1,1,3,0.746,0.658,53.29,0.788,0.756,1
82,2769,0.67,3,1,3,2,11,0.847,0.718,22.65,0.843,0.799,0
99,2770,0.562,1,1,2,3,4,0.719,0.678,33.16,0.646,0.74,0
93,2771,0.745,3,2,1,2,6,0.793,0.825,22.33,0.845,0.811,1
52,2772,0.627,3,1,2,2,2,0.892,0.654,29.26,0.76,0.919,1
29,2773,0.747,3,1,1,2,12,0.907,0.865,27.31,0.891,0.945,1
38,2774,0.601,2,4,2,3,7,0.933,0.799,39.54,0.882,0.823,0
42,2775,0.91,0,1,0,3,10,0.64,0.726,36.84,0.771,1.0,1
21,2776,0.764,1,1,1,2,5,0.607,0.769,32.8,0.713,0.869,1
42,2777,0.5,3,4,4,3,6,0.796,0.738,36.28,0.88,0.897,1
13,2778,0.881,1,3,3,1,7,0.781,0.681,29.69,0.878,0.992,1
64,2779,0.688,1,1,3,2,13,0.707,0.593,33.22,0.741,0.93,1
17,2780,0.73,0,4,0,3,4,0.636,0.661,45.48,0.558,0.713,0
9,2781,0.683,2,0,5,3,14,0.935,0.792,28.96,0.797,0.895,1
41,2782,0.717,2,4,1,3,8,0.786,0.77,30.61,0.803,0.918,0
1,2783,0.805,3,6,0,3,13,0.856,0.817,45.65,0.699,0.835,0
2,2784,0.516,3,3,0,1,11,0.793,0.781,39.64,0.699,0.765,1
60,2785,0.666,2,3,0,3,8,0.819,0.754,39.93,0.771,0.852,1
48,2786,0.444,2,3,1,1,12,0.77,0.838,43.73,0.789,0.763,1
29,2787,0.902,2,2,2,2,2,0.813,0.711,25.51,0.805,0.923,0
97,2788,0.555,1,3,3,1,12,0.756,0.589,44.79,0.65,0.784,0
10,2789,0.857,3,5,0,2,1,0.742,0.716,33.53,0.948,0.863,1
58,2790,0.704,2,5,2,2,13,0.75,0.713,42.41,0.733,0.796,0
60,2791,0.814,2,3,3,1,13,0.681,0.632,40.22,0.768,0.9,1
21,2792,0.606,0,0,3,3,8,0.768,0.734,34.37,0.518,0.769,0
28,2793,0.82,2,1,0,1,8,0.916,0.812,34.02,0.769,0.869,1
75,2794,0.669,1,4,0,3,5,0.791,0.759,42.73,0.695,0.843,0
34,2795,0.864,1,2,4,2,8,0.763,0.654,28.91,0.77,0.9,1
8,2796,0.598,3,2,4,1,14,0.793,0.729,34.82,0.801,0.844,1
59,2797,0.677,1,5,0,2,4,0.707,0.588,50.44,0.818,0.851,0
86,2798,0.79,2,4,3,2,2,0.727,0.747,37.57,0.791,0.858,1
72,2799,0.734,2,1,3,2,13,0.821,0.803,24.57,0.767,0.739,1
49,2800,0.676,3,2,0,2,4,0.878,0.784,34.87,0.9,0.888,0
79,2801,0.424,3,2,1,3,4,0.792,0.754,33.1,0.71,0.87,1
17,2802,0.801,3,2,3,2,6,0.863,0.897,31.07,0.793,0.905,1
60,2803,0.325,1,3,2,1,14,0.587,0.573,41.26,0.678,0.68,1
87,2804,0.652,3,2,1,2,6,0.918,0.873,41.51,0.904,0.897,1
88,2805,0.78,0,6,0,1,6,0.649,0.861,57.13,0.649,0.864,1
45,2806,0.911,1,1,0,3,4,0.926,0.768,35.83,0.872,0.935,1
83,2807,0.716,0,2,1,1,10,0.674,0.682,35.04,0.646,0.8,0
69,2808,0.954,3,0,1,2,2,0.919,0.896,15.06,0.901,1.0,1
32,2809,0.833,2,3,1,1,10,0.927,0.776,43.68,0.685,0.831,1
44,2810,0.655,1,4,1,2,13,0.654,0.808,58.21,0.816,0.701,1
65,2811,0.749,1,2,1,1,5,0.834,0.671,32.44,0.859,0.876,1
87,2812,0.88,1,5,2,3,11,0.821,0.654,42.09,0.816,0.889,0
8,2813,0.661,2,1,1,2,3,0.801,0.858,27.66,0.865,0.856,0
77,2814,0.806,0,4,2,2,3,0.764,0.813,50.33,0.815,0.85,0
72,2815,0.477,2,5,0,3,4,0.885,0.688,47.85,0.803,0.717,0
87,2816,0.585,2,1,1,2,1,0.845,0.706,39.47,0.813,0.906,1
43,2817,0.79,2,1,1,2,14,0.877,0.879,29.89,0.787,0.959,1
1,2818,0.558,3,4,2,2,6,0.797,0.691,42.55,0.809,0.816,1
51,2819,0.322,1,2,1,2,6,0.692,0.667,43.15,0.685,0.71,0
24,2820,0.737,0,3,1,3,11,0.657,0.751,49.47,0.611,0.928,1
99,2821,0.813,2,3,2,2,8,0.795,0.823,43.25,0.733,0.913,1
24,2822,0.775,3,6,1,1,10,0.783,0.699,44.77,0.839,0.784,1
17,2823,0.858,2,4,0,2,13,0.774,0.624,40.78,0.902,0.905,1
5,2824,0.803,3,1,3,2,10,0.763,0.576,29.69,0.761,0.8,1
20,2825,0.561,2,1,3,3,7,0.878,0.724,37.06,0.78,0.776,0
21,2826,0.91,1,3,0,2,6,0.731,0.713,35.36,0.774,0.927,0
58,2827,0.907,2,2,0,2,6,0.711,0.67,25.07,0.869,0.852,1
31,2828,0.596,1,2,0,3,6,0.711,0.695,32.23,0.584,0.807,1
100,2829,0.938,2,5,2,2,6,0.838,0.783,38.45,0.833,0.938,1
11,2830,0.527,1,2,4,2,3,0.624,0.751,39.09,0.633,0.751,1
52,2831,0.707,1,3,1,2,8,0.674,0.721,42.11,0.905,0.957,1
15,2832,0.569,3,1,4,3,10,0.84,0.785,30.35,0.871,0.793,1
83,2833,0.584,1,3,1,3,2,0.738,0.801,42.49,0.737,0.827,0
7,2834,0.812,1,2,1,2,6,0.691,0.772,36.83,0.769,0.804,1
28,2835,0.312,3,2,1,1,9,0.713,0.744,34.62,0.688,0.587,1
51,2836,0.609,2,4,1,3,12,0.809,0.841,37.44,0.831,0.919,1
58,2837,0.916,2,1,1,1,6,0.848,0.717,25.87,0.826,0.975,1
5,2838,0.579,3,4,1,2,13,0.834,0.83,40.86,0.821,0.903,1
5,2839,0.807,2,4,3,2,5,0.82,0.74,44.45,0.804,0.815,1
94,2840,0.769,1,3,2,1,9,0.664,0.731,50.03,0.841,0.852,1
96,2841,0.842,2,4,3,2,5,0.713,0.646,41.28,0.855,0.938,1
8,2842,0.661,2,2,0,2,3,0.874,0.646,30.13,0.861,0.739,1
64,2843,0.865,3,0,2,2,12,1.0,0.794,20.12,1.0,0.893,1
10,2844,0.808,1,2,1,3,10,0.861,0.726,40.19,0.795,0.796,1
38,2845,0.854,1,6,1,2,5,0.667,0.592,51.68,0.825,0.914,0
96,2846,0.726,1,5,2,2,6,0.72,0.688,38.63,0.623,0.893,1
92,2847,0.692,2,4,0,1,14,0.848,0.799,41.96,0.779,0.903,1
81,2848,0.793,1,1,3,2,9,0.793,0.756,24.98,0.686,0.885,1
95,2849,0.894,3,5,0,2,13,0.964,0.814,40.9,0.959,1.0,1
8,2850,0.839,3,4,1,2,10,0.909,0.792,35.85,0.892,0.914,1
25,2851,0.831,2,2,1,3,11,0.934,0.673,14.48,0.848,0.963,0
73,2852,0.657,3,3,1,2,13,0.777,0.787,37.76,0.958,0.813,1
66,2853,0.901,1,1,0,2,7,0.893,0.868,36.39,0.764,0.935,1
79,2854,0.879,3,4,1,2,12,0.778,0.919,30.41,0.852,0.887,1
50,2855,0.471,2,3,0,3,4,0.783,0.69,47.74,0.799,0.807,1
67,2856,0.747,1,0,4,1,9,0.718,0.777,29.8,0.825,0.858,1
49,2857,0.351,1,4,0,2,12,0.444,0.664,51.3,0.509,0.679,1
36,2858,0.341,2,2,1,2,6,0.702,0.701,39.42,0.604,0.673,1
68,2859,0.861,2,3,1,3,2,0.822,0.878,33.71,0.928,0.956,1
78,2860,0.597,3,2,4,2,13,0.86,0.745,36.1,0.914,0.822,1
41,2861,0.59,2,4,1,2,14,0.661,0.608,35.22,0.628,0.713,1
89,2862,0.877,2,3,1,2,5,0.813,0.678,38.27,0.858,0.907,1
62,2863,0.398,1,3,3,2,1,0.609,0.584,54.64,0.516,0.783,1
10,2864,0.779,2,1,3,2,2,0.863,0.703,23.07,0.844,0.836,1
21,2865,0.963,2,4,0,3,10,0.903,0.819,26.74,0.855,0.876,1
36,2866,0.741,1,2,1,1,14,0.948,0.831,40.32,0.777,0.835,1
12,2867,0.667,3,1,2,1,4,0.856,0.81,21.05,0.888,0.835,1
91,2868,0.908,2,4,1,2,9,0.706,0.657,36.48,0.844,0.921,1
2,2869,0.938,2,4,1,3,4,0.729,0.68,44.91,0.746,0.87,0
13,2870,0.25,2,2,3,1,8,0.656,0.703,47.22,0.695,0.667,1
53,2871,0.704,3,3,1,2,7,0.812,0.839,37.57,0.801,0.831,1
32,2872,0.905,1,2,2,3,11,0.784,0.811,33.35,0.68,0.967,1
95,2873,0.469,2,0,2,1,10,0.856,0.809,29.47,0.853,0.726,0
16,2874,0.557,0,4,0,2,8,0.662,0.71,54.77,0.616,0.769,0
32,2875,0.768,1,5,2,1,7,0.734,0.855,57.94,0.8,0.806,0
32,2876,0.386,1,2,2,1,5,0.677,0.634,45.05,0.636,0.717,0
98,2877,0.925,2,3,2,2,8,0.784,0.784,29.05,0.957,0.895,1
11,2878,0.627,3,4,0,2,10,0.879,0.847,34.97,0.936,0.882,1
10,2879,0.431,2,9,0,3,1,0.452,0.456,55.97,0.744,0.778,0
15,2880,0.733,2,4,2,2,5,0.722,0.714,46.92,0.805,0.801,0
17,2881,0.692,3,6,1,2,1,0.721,0.62,49.5,0.849,0.828,0
40,2882,0.705,2,1,0,2,10,0.693,0.715,30.13,0.844,0.903,1
18,2883,0.711,0,4,1,3,2,0.744,0.784,43.2,0.771,0.834,0
55,2884,0.704,1,5,2,1,5,0.728,0.721,36.66,0.633,0.965,0
73,2885,0.43,0,4,0,1,8,0.455,0.696,49.52,0.71,0.702,0
25,2886,0.888,0,3,6,3,12,0.729,0.805,47.63,0.682,0.978,0
59,2887,0.559,1,2,0,1,4,0.698,0.692,38.42,0.7,0.733,1
78,2888,0.977,2,1,0,2,11,0.846,0.799,32.02,0.906,1.0,1
89,2889,0.869,1,4,1,3,12,0.725,0.76,36.36,0.8,0.911,1
22,2890,0.751,1,8,0,2,9,0.743,0.603,51.56,0.694,0.878,0
30,2891,0.841,1,2,1,2,14,0.823,0.897,37.72,0.78,1.0,1
84,2892,0.738,2,3,0,3,13,0.729,0.782,31.55,0.861,0.924,1
85,2893,0.608,3,0,3,2,4,0.883,0.906,27.47,0.728,0.816,1
44,2894,0.71,3,4,1,2,2,0.874,0.843,31.52,0.886,0.763,1
32,2895,0.551,2,3,1,2,3,0.792,0.765,40.9,0.754,0.693,0
51,2896,0.833,2,1,3,3,4,0.896,0.798,23.83,1.0,0.999,1
46,2897,0.957,2,4,0,3,6,0.703,0.765,35.64,0.86,0.951,1
21,2898,0.624,2,0,0,2,10,0.862,0.909,33.08,0.885,0.872,1
99,2899,0.806,2,1,0,1,8,0.793,0.77,32.65,0.87,0.805,0
32,2900,0.458,2,2,1,2,11,0.727,0.721,33.63,0.672,0.789,0
94,2901,0.743,2,0,1,3,6,0.77,0.784,19.72,0.699,0.841,1
39,2902,0.901,3,2,3,2,10,0.917,0.9,22.67,0.816,0.906,1
12,2903,0.797,0,1,1,2,9,0.824,0.726,30.92,0.776,0.795,1
47,2904,0.897,2,0,2,2,12,1.0,0.875,29.12,0.776,0.852,1
18,2905,0.477,1,6,1,3,4,0.694,0.624,47.18,0.727,0.699,0
21,2906,0.694,2,6,1,3,14,0.712,0.844,41.29,0.829,0.858,0
13,2907,0.43,1,4,0,2,3,0.768,0.732,52.84,0.833,0.655,0
21,2908,0.739,2,2,0,2,1,0.697,0.714,34.27,0.847,0.856,1
8,2909,0.631,2,1,0,1,2,0.892,0.908,43.77,0.788,0.929,1
46,2910,0.605,2,3,1,3,12,1.0,0.798,33.95,0.744,0.764,0
7,2911,0.759,2,4,3,1,1,0.81,0.85,31.25,0.75,0.883,1
23,2912,0.765,2,2,0,2,8,0.922,0.807,30.93,0.843,1.0,1
96,2913,0.866,2,1,2,2,5,0.792,0.658,25.38,0.82,0.882,1
75,2914,0.915,2,2,1,2,14,0.944,0.914,30.7,0.788,0.992,1
86,2915,0.932,3,4,1,1,11,0.965,0.717,26.06,0.924,0.963,1
22,2916,0.638,2,4,1,2,2,0.711,0.668,42.74,0.802,0.84,0
89,2917,0.904,1,2,2,2,6,0.812,0.823,32.7,0.873,0.9,1
22,2918,0.648,2,1,1,2,13,0.81,0.639,37.43,0.66,0.895,1
92,2919,0.545,0,3,1,1,14,0.546,0.481,51.65,0.567,0.686,1
29,2920,0.408,1,3,1,1,11,0.6,0.414,45.03,0.569,0.68,1
13,2921,0.856,2,2,1,2,5,0.74,0.789,29.1,0.884,0.829,1
82,2922,0.688,3,1,2,1,5,0.854,0.777,26.74,0.905,0.918,1
2,2923,0.569,1,2,2,2,1,0.804,0.916,34.3,0.771,0.861,0
29,2924,0.947,2,1,1,3,7,0.947,0.82,24.23,1.0,0.931,1
85,2925,0.529,1,4,1,1,4,0.762,0.64,48.02,0.665,0.747,1
79,2926,0.313,3,4,1,1,2,0.837,0.791,45.73,0.839,0.69,0
52,2927,0.56,2,1,0,3,4,0.862,0.869,40.79,0.816,0.88,1
27,2928,0.897,2,4,0,2,1,0.769,0.678,43.61,0.706,0.869,1
50,2929,0.807,2,2,0,2,12,0.782,0.733,37.87,0.833,0.867,1
95,2930,0.423,1,4,3,2,11,0.609,0.834,45.62,0.733,0.68,1
79,2931,0.695,3,0,0,2,1,0.816,0.789,27.29,0.827,0.875,1
23,2932,0.738,2,3,1,3,3,0.898,0.707,38.19,0.819,0.851,0
88,2933,0.835,2,3,2,2,14,0.772,0.621,39.21,0.817,0.86,1
44,2934,0.577,2,3,2,1,9,0.738,0.723,43.49,0.913,0.717,1
77,2935,0.655,3,4,2,2,3,0.845,0.679,33.68,0.888,0.802,1
22,2936,0.81,0,3,1,2,3,0.67,0.765,45.17,0.804,0.847,1
43,2937,0.936,1,1,1,2,2,0.831,0.946,29.59,0.921,0.88,1
37,2938,0.852,3,6,3,2,5,0.919,0.891,45.53,0.948,0.939,1
61,2939,0.85,0,1,1,3,9,0.717,0.855,31.05,0.7,0.873,1
97,2940,0.841,2,3,0,3,2,0.883,0.823,33.98,0.88,0.958,1
56,2941,0.688,2,3,1,1,10,0.845,0.694,40.52,0.814,0.927,1
3,2942,0.825,1,5,0,2,13,0.68,0.763,47.03,0.767,0.863,1
63,2943,0.685,2,6,0,3,11,0.553,0.638,38.98,0.727,0.787,0
19,2944,0.794,3,5,2,2,5,0.802,0.779,40.05,0.859,0.91,1
23,2945,0.699,2,1,1,3,14,0.919,0.893,34.49,0.66,0.786,1
29,2946,0.802,1,3,2,2,1,0.826,0.744,33.36,0.844,0.942,0
30,2947,0.669,1,4,1,1,10,0.621,0.783,44.88,0.637,0.682,1
39,2948,0.562,3,1,2,2,8,0.724,0.69,30.01,0.827,0.658,0
25,2949,0.559,1,3,1,3,14,0.742,0.573,40.89,0.768,0.765,1
8,2950,0.376,1,4,2,2,3,0.633,0.608,48.5,0.748,0.659,0
58,2951,0.65,3,0,0,2,1,0.905,0.586,11.45,0.85,0.803,1
16,2952,0.284,3,1,1,3,1,0.782,0.831,39.27,0.886,0.658,1
72,2953,0.732,2,6,3,1,5,0.76,0.715,44.97,0.915,0.745,1
1,2954,0.875,1,4,2,1,14,0.7,0.537,42.64,0.774,0.931,1
5,2955,0.533,1,4,1,2,7,0.682,0.67,43.86,0.825,0.782,1
3,2956,0.542,1,5,2,3,3,0.765,0.7,44.32,0.657,0.683,1
65,2957,0.858,2,4,1,2,1,0.791,0.775,38.82,0.843,0.872,1
4,2958,0.947,1,4,1,2,14,0.812,0.752,41.42,0.78,0.954,1
99,2959,0.767,0,1,1,2,13,0.639,0.704,32.28,0.805,0.806,1
96,2960,0.772,1,1,0,3,14,0.833,0.764,30.95,0.78,0.785,1
64,2961,0.631,3,1,1,2,7,0.901,0.828,29.75,0.832,0.767,1
98,2962,0.542,2,4,0,2,8,0.748,0.843,47.89,0.88,0.809,1
89,2963,0.368,2,2,2,3,1,0.739,0.621,32.03,0.699,0.726,0
10,2964,0.925,0,3,3,1,9,0.764,0.87,38.62,0.785,0.876,1
21,2965,0.755,3,3,1,2,6,0.733,0.712,38.83,0.905,0.774,1
46,2966,0.775,2,1,2,3,9,0.735,0.72,24.65,0.743,0.893,1
91,2967,0.726,2,2,1,2,11,0.739,0.833,34.61,0.814,0.814,0
27,2968,0.857,3,3,0,2,11,0.795,0.719,24.32,0.813,0.916,1
66,2969,0.905,0,0,0,3,11,0.811,0.742,27.29,0.788,0.877,1
41,2970,0.771,2,3,2,2,3,0.821,0.829,35.09,0.777,0.985,1
13,2971,0.449,2,0,1,2,11,0.712,0.903,36.46,0.765,0.868,1
9,2972,0.46,0,6,0,3,4,0.642,0.736,53.9,0.679,0.709,0
36,2973,0.693,1,2,1,3,8,0.714,0.703,39.67,0.764,0.77,0
86,2974,0.932,3,6,1,2,2,0.753,0.643,46.38,0.893,0.949,0
90,2975,0.859,1,3,1,2,4,0.696,0.694,36.17,0.801,0.908,1
58,2976,0.753,2,4,0,2,6,0.751,0.826,42.13,0.937,0.747,0
54,2977,0.768,2,1,1,2,9,0.853,0.84,29.03,0.894,0.941,1
12,2978,0.705,1,2,1,1,8,0.727,0.717,39.21,0.767,0.81,0
81,2979,0.545,2,5,2,2,2,0.722,0.685,50.07,0.824,0.855,0
78,2980,0.563,0,3,2,2,10,0.702,0.619,39.66,0.596,0.819,0
14,2981,0.763,1,2,2,2,9,0.718,0.819,37.96,0.824,0.899,1
34,2982,0.506,3,3,0,2,1,0.674,0.592,27.39,0.802,0.723,0
53,2983,0.464,3,1,0,2,2,0.899,0.758,39.0,0.829,0.811,1
20,2984,0.655,1,2,2,3,7,0.736,0.792,42.78,0.751,0.85,1
75,2985,0.946,1,2,0,3,14,0.701,0.732,35.34,0.72,1.0,1
16,2986,0.541,2,3,2,2,2,0.714,0.74,37.3,0.886,0.791,0
95,2987,0.849,1,3,0,3,1,0.628,0.724,38.59,0.686,0.895,0
70,2988,0.54,2,5,0,2,13,0.667,0.699,43.42,0.678,0.779,0
56,2989,0.751,0,2,1,3,7,0.68,0.637,45.65,0.755,0.969,1
83,2990,0.491,3,1,3,3,1,0.816,0.908,31.74,0.816,0.707,1
58,2991,0.801,1,0,3,2,3,0.962,0.967,30.4,0.738,0.831,1
4,2992,0.568,3,5,0,2,6,0.67,0.665,41.69,0.844,0.777,0
4,2993,0.705,2,2,1,2,13,0.804,0.549,39.91,0.701,0.868,0
20,2994,0.802,2,4,1,3,12,0.844,0.621,37.16,0.859,0.87,1
10,2995,0.723,3,3,1,2,6,0.844,0.691,34.09,0.81,0.877,1
24,2996,0.595,1,6,2,1,11,0.635,0.495,54.42,0.725,0.79,0
99,2997,0.855,2,1,2,2,11,0.9,0.495,36.0,0.788,0.984,1
26,2998,0.537,2,2,1,1,12,0.779,0.814,35.55,0.718,0.818,1
37,2999,0.777,2,3,4,1,13,0.65,0.625,38.7,0.846,0.798,1
85,3000,0.49,2,4,2,3,2,0.577,0.666,47.02,0.717,0.743,0
54,3001,0.751,1,5,1,2,4,0.673,0.664,54.54,0.85,0.893,0
21,3002,0.884,1,2,3,3,1,0.808,0.739,35.91,0.847,0.837,1
74,3003,0.825,2,3,1,2,7,0.771,0.848,33.88,0.808,0.823,0
38,3004,0.866,0,4,1,2,10,0.726,0.732,45.26,0.776,0.887,1
46,3005,0.767,3,2,0,3,7,0.799,0.896,19.1,0.982,0.892,1
4,3006,0.734,2,2,1,2,8,0.866,0.765,32.05,0.915,0.863,0
60,3007,0.493,2,1,1,1,14,0.623,0.72,39.95,0.652,0.694,1
57,3008,0.878,0,2,1,3,3,0.72,0.785,43.59,0.59,0.854,1
45,3009,0.813,2,3,1,3,1,0.779,0.79,36.1,0.816,0.871,1
20,3010,0.929,0,2,1,2,13,0.787,0.687,32.78,0.731,0.942,0
17,3011,0.298,2,2,2,2,1,0.714,0.698,34.74,0.82,0.627,0
71,3012,0.467,0,2,1,2,7,0.777,0.803,39.98,0.644,0.781,0
4,3013,0.77,2,5,1,1,5,0.868,0.698,43.49,0.783,0.957,1
93,3014,0.516,2,5,0,2,3,0.624,0.653,41.51,0.63,0.753,0
14,3015,0.831,2,6,0,2,3,0.788,0.792,45.28,0.771,0.887,1
3,3016,0.724,1,3,0,2,13,0.683,0.785,40.57,0.702,0.769,0
88,3017,0.873,1,3,1,3,8,0.779,0.569,47.93,0.785,0.93,1
80,3018,0.714,1,0,0,2,10,0.853,0.87,36.32,0.873,0.863,1
58,3019,0.574,2,4,0,3,5,0.804,0.873,41.89,0.813,0.847,1
55,3020,0.955,1,3,0,1,10,0.863,0.707,37.55,0.755,0.819,1
4,3021,0.78,0,5,0,1,14,0.649,0.83,47.87,0.801,0.862,1
24,3022,0.66,1,3,1,3,1,0.817,0.815,36.2,0.706,0.845,0
34,3023,0.75,2,2,1,3,2,0.863,0.766,27.54,0.88,0.899,1
30,3024,0.411,2,3,2,2,13,0.677,0.696,38.83,0.722,0.709,1
82,3025,0.782,3,1,0,2,12,0.805,0.786,31.51,0.824,0.923,1
19,3026,0.59,2,4,0,1,2,0.689,0.724,46.57,0.629,0.831,0
31,3027,0.86,1,3,0,2,2,0.768,0.886,43.98,0.74,0.857,1
60,3028,0.909,2,4,0,3,5,0.667,0.648,34.81,0.935,0.876,1
60,3029,0.786,2,4,2,3,8,0.817,0.846,41.73,0.736,0.922,1
19,3030,0.973,2,3,3,3,14,0.956,0.776,39.81,0.984,0.909,1
49,3031,0.408,3,4,1,2,6,0.678,0.718,40.37,0.733,0.767,0
63,3032,0.809,2,4,2,2,12,0.79,0.695,30.97,0.855,0.966,1
83,3033,0.628,2,6,0,2,14,0.812,0.672,41.7,0.679,0.859,1
22,3034,0.708,2,1,1,3,3,0.771,0.756,35.27,0.734,0.84,0
24,3035,0.563,2,2,0,2,7,0.696,0.771,30.49,0.826,0.767,1
76,3036,0.993,2,5,2,3,1,0.789,0.821,35.06,0.896,0.984,1
30,3037,0.789,0,4,0,2,13,0.751,0.595,44.32,0.846,0.867,1
58,3038,0.854,3,4,3,2,9,0.877,0.742,30.77,0.853,0.938,1
31,3039,0.821,1,1,0,1,12,0.703,0.639,32.3,0.714,0.818,1
100,3040,0.511,1,1,0,3,14,0.623,0.734,43.01,0.638,0.802,1
64,3041,0.833,3,4,2,2,6,0.901,0.79,33.46,0.958,0.96,1
19,3042,0.707,3,4,1,2,3,0.926,0.713,35.5,0.778,0.884,1
48,3043,0.768,1,4,0,3,2,0.814,0.791,39.44,0.908,0.956,1
45,3044,0.791,1,0,1,1,7,0.961,0.788,47.16,0.58,0.894,1
100,3045,0.664,2,0,3,2,14,0.736,0.805,27.73,0.933,0.793,1
94,3046,0.631,1,3,1,2,11,0.817,0.789,46.14,0.8,0.758,1
55,3047,0.758,1,2,3,1,2,0.776,0.71,35.49,0.838,0.932,1
55,3048,0.614,3,2,1,2,10,0.949,0.788,25.61,0.864,0.879,1
97,3049,0.509,2,0,3,3,10,0.808,0.725,32.24,0.634,0.789,1
18,3050,0.715,2,4,3,3,4,0.785,0.705,34.49,0.901,0.855,1
63,3051,0.543,2,4,1,2,1,0.697,0.736,43.6,0.786,0.796,1
92,3052,0.897,2,3,2,1,14,0.903,0.725,24.72,0.926,0.964,1
47,3053,0.618,3,3,1,2,11,0.929,0.84,26.5,0.957,0.847,1
75,3054,0.791,2,3,1,2,6,0.903,0.81,35.88,0.846,0.941,1
57,3055,0.626,2,4,1,3,13,0.68,0.636,40.33,0.877,0.829,0
45,3056,0.265,2,4,0,2,2,0.627,0.722,49.32,0.683,0.606,0
33,3057,0.619,3,4,0,2,12,0.782,0.775,33.4,0.84,0.842,1
17,3058,0.827,2,3,2,3,13,0.701,0.829,30.73,0.773,0.847,1
70,3059,0.775,3,3,1,2,8,0.809,0.665,26.64,0.805,0.976,1
4,3060,0.917,0,4,0,3,10,0.744,0.897,43.98,0.806,0.94,0
20,3061,0.769,1,2,2,2,12,0.854,0.778,34.12,0.756,0.921,1
47,3062,0.434,1,3,1,2,11,0.594,0.671,47.29,0.729,0.769,1
91,3063,0.852,1,3,0,3,1,0.911,0.738,37.84,0.794,0.892,1
15,3064,0.578,0,1,0,3,9,0.736,0.699,41.34,0.783,0.844,1
70,3065,0.785,1,2,2,2,10,0.859,0.702,46.48,0.852,0.933,1
47,3066,0.636,3,4,0,3,8,0.887,0.779,39.73,0.827,0.879,1
78,3067,0.781,1,4,2,2,2,0.774,0.739,36.88,0.798,0.785,0
75,3068,0.747,2,4,2,1,3,0.789,0.693,33.94,0.687,0.949,1
9,3069,0.795,3,3,0,3,7,0.801,0.685,34.18,0.937,0.92,1
90,3070,0.806,1,2,1,3,7,0.804,0.78,28.06,0.756,0.87,1
16,3071,0.806,1,3,1,1,5,0.828,0.796,44.76,0.705,0.851,1
69,3072,0.85,1,3,1,1,5,0.855,0.624,40.71,0.846,0.825,1
61,3073,0.744,0,1,2,1,3,0.789,0.782,37.5,0.668,0.843,0
10,3074,0.726,3,3,1,2,5,0.817,0.733,35.87,0.899,1.0,1
50,3075,0.77,3,0,0,2,3,1.0,0.937,25.54,1.0,0.816,1
3,3076,0.701,3,6,2,2,1,0.775,0.801,36.35,0.842,0.866,1
77,3077,0.569,3,3,0,1,2,0.817,0.727,38.83,0.854,0.718,1
94,3078,0.764,1,2,0,2,5,0.814,0.649,36.4,0.709,0.869,1
70,3079,0.905,2,5,1,2,10,0.872,0.796,38.48,0.819,0.846,1
81,3080,0.919,2,6,1,1,12,0.874,0.721,38.56,0.889,0.951,1
51,3081,0.442,3,4,0,2,3,0.523,0.521,36.81,0.692,0.653,0
19,3082,0.416,1,4,4,2,5,0.592,0.549,53.0,0.793,0.704,0
42,3083,0.613,2,1,1,2,11,0.754,0.748,35.55,0.726,0.899,0
35,3084,0.726,1,5,6,2,7,0.599,0.652,39.35,0.604,0.715,0
46,3085,0.222,1,3,2,3,8,0.64,0.675,48.2,0.761,0.659,1
26,3086,0.864,2,2,0,3,12,0.784,0.895,39.0,0.913,0.871,1
69,3087,0.725,1,4,1,3,14,0.77,0.728,35.32,0.698,0.819,1
93,3088,0.768,2,4,0,1,3,0.767,0.666,36.32,0.914,0.924,1
64,3089,0.706,2,2,1,2,3,0.791,0.743,28.17,0.808,0.842,1
37,3090,0.991,1,5,0,2,3,0.777,0.791,44.79,0.794,0.882,1
84,3091,0.919,1,6,2,1,7,0.69,0.646,44.64,0.723,0.926,0
49,3092,0.638,3,3,0,3,12,0.821,0.715,20.38,0.737,0.794,1
21,3093,0.837,2,3,2,1,7,0.807,0.699,36.22,0.878,0.928,1
74,3094,0.691,2,2,3,2,5,0.651,0.856,28.97,0.783,0.765,1
64,3095,0.788,3,3,4,2,4,0.961,0.929,23.03,0.839,0.866,1
5,3096,0.611,0,2,1,3,7,0.558,0.692,52.75,0.603,0.655,0
100,3097,0.815,0,7,1,2,2,0.587,0.629,51.0,0.645,0.767,0
70,3098,0.689,1,0,2,2,4,0.738,0.949,35.81,0.733,0.857,1
90,3099,0.881,2,6,0,2,7,0.797,0.798,43.54,0.815,0.822,0
4,3100,0.428,2,4,1,2,6,0.78,0.746,39.29,0.636,0.74,1
39,3101,0.904,1,1,1,1,2,0.816,0.753,30.29,0.908,0.941,1
35,3102,0.313,0,5,1,2,2,0.636,0.63,73.53,0.466,0.578,0
1,3103,0.452,3,3,1,3,4,0.887,0.881,28.13,0.717,0.775,0
24,3104,0.621,2,5,2,3,7,0.682,0.71,53.94,0.847,0.684,0
57,3105,0.867,3,4,0,2,1,0.864,0.624,33.15,0.874,0.911,1
100,3106,0.889,1,3,0,3,7,0.742,0.677,31.97,0.786,0.917,1
70,3107,0.655,2,5,0,2,12,0.719,0.791,41.04,0.656,0.778,1
41,3108,0.553,3,1,1,2,13,0.767,0.823,32.23,0.884,0.772,1
54,3109,0.598,3,1,2,2,8,0.799,0.805,34.84,0.767,0.819,1
46,3110,0.928,1,6,1,3,11,0.814,0.65,39.26,0.813,0.997,1
60,3111,0.953,1,2,2,2,10,0.703,0.666,37.47,0.753,0.963,1
60,3112,0.386,1,3,0,2,7,0.635,0.717,50.95,0.548,0.825,0
57,3113,0.698,2,4,1,3,14,0.699,0.763,39.71,0.817,0.769,0
31,3114,0.365,2,2,1,2,1,0.724,0.692,36.3,0.771,0.767,0
84,3115,0.66,2,3,1,1,9,0.914,0.746,36.41,0.783,0.919,1
24,3116,0.495,0,3,0,3,14,0.734,0.834,44.59,0.639,0.735,1
89,3117,0.942,1,2,3,2,6,0.746,0.729,34.8,0.882,0.877,1
36,3118,0.721,1,2,0,3,3,0.673,0.779,39.62,0.755,0.787,1
85,3119,0.719,3,3,0,3,13,0.837,0.858,32.38,0.887,0.844,0
30,3120,0.65,2,3,0,2,1,0.863,0.802,42.78,0.903,0.884,1
24,3121,0.701,2,6,0,2,14,0.85,0.714,43.68,0.763,0.844,1
30,3122,0.666,2,2,0,3,1,0.612,0.731,41.25,0.821,0.822,0
86,3123,0.532,0,4,1,2,2,0.729,0.746,41.07,0.646,0.771,0
92,3124,0.776,2,0,2,3,7,0.924,0.77,30.21,0.723,0.811,1
7,3125,0.686,0,1,3,1,6,0.641,0.684,39.94,0.596,0.805,1
35,3126,0.519,2,8,1,3,11,0.748,0.639,52.27,0.726,0.779,1
55,3127,0.759,2,5,1,2,13,0.837,0.767,38.87,0.842,0.911,1
92,3128,0.861,1,4,0,2,9,0.752,0.784,35.99,0.856,0.945,1
14,3129,0.68,1,1,3,2,11,0.691,0.894,39.38,0.702,0.731,0
10,3130,0.472,0,3,2,1,8,0.63,0.781,55.24,0.518,0.693,0
80,3131,0.627,1,2,1,1,4,0.779,0.766,43.6,0.741,0.75,1
16,3132,0.875,3,0,0,3,4,0.898,0.785,24.24,0.87,1.0,1
54,3133,0.86,2,6,0,2,6,0.905,0.833,42.62,0.887,0.851,1
95,3134,0.627,2,2,1,1,14,0.791,0.754,35.6,0.766,0.848,1
89,3135,0.935,2,0,1,3,7,0.889,0.627,24.34,0.836,1.0,1
77,3136,0.825,2,2,1,3,5,0.838,0.852,22.38,0.829,0.934,0
70,3137,0.697,1,6,2,2,5,0.687,0.622,46.19,0.824,0.847,1
44,3138,0.625,1,2,2,2,14,0.716,0.702,37.25,0.738,0.877,1
73,3139,0.471,2,1,0,1,11,0.778,0.752,36.04,0.774,0.942,1
45,3140,0.607,2,2,2,3,10,0.822,0.644,41.77,0.694,0.844,0
100,3141,0.864,3,2,0,2,13,0.918,0.82,16.79,0.877,0.931,1
56,3142,0.617,0,7,2,2,2,0.662,0.65,52.07,0.705,0.873,0
84,3143,0.887,0,5,2,3,4,0.742,0.718,53.48,0.811,0.79,1
82,3144,0.653,3,1,2,2,8,0.922,0.881,36.95,0.823,0.838,0
57,3145,0.409,2,4,2,1,2,0.64,0.643,42.98,0.771,0.62,1
21,3146,0.865,3,6,1,2,13,0.793,0.641,43.19,0.836,0.954,1
68,3147,0.89,2,2,1,1,1,0.793,0.812,30.99,0.757,0.963,1
50,3148,0.663,2,3,0,2,9,0.734,0.813,40.71,0.834,0.878,0
33,3149,0.689,1,4,2,2,8,0.713,0.642,44.64,0.726,0.805,1
91,3150,0.464,1,2,0,2,7,0.669,0.787,55.67,0.739,0.926,0
7,3151,0.788,1,3,3,2,12,0.796,0.794,43.78,0.785,0.786,1
70,3152,0.764,0,3,1,1,10,0.771,0.895,49.87,0.772,0.866,1
15,3153,0.273,2,2,1,2,10,0.803,0.875,38.21,0.706,0.81,0
82,3154,0.628,3,4,0,3,6,0.859,0.723,38.18,0.919,0.749,0
32,3155,0.681,1,2,3,2,6,0.766,0.698,35.03,0.749,0.918,1
75,3156,0.47,0,2,2,2,7,0.755,0.833,52.25,0.623,0.827,0
20,3157,0.597,3,6,2,1,4,0.797,0.745,47.26,0.688,0.761,1
88,3158,0.699,1,2,1,1,2,0.79,0.809,40.19,0.783,0.779,1
15,3159,0.911,2,1,1,1,14,0.843,0.783,21.01,0.863,1.0,1
48,3160,0.837,3,4,2,1,5,0.814,0.711,30.54,0.779,0.908,1
71,3161,0.775,1,1,0,2,3,0.872,0.772,26.59,0.774,0.886,1
21,3162,0.436,3,1,1,2,2,0.832,0.763,29.03,0.779,0.788,1
42,3163,0.738,2,2,1,3,1,0.813,0.683,32.19,0.9,0.906,0
26,3164,0.83,1,6,3,3,5,0.739,0.786,44.35,0.68,0.964,0
14,3165,0.344,3,3,0,2,13,0.827,0.866,32.66,0.818,0.71,1
57,3166,0.421,2,1,3,2,11,0.767,0.815,38.04,0.732,0.824,1
37,3167,0.951,2,4,1,2,1,0.925,0.899,38.49,0.827,0.954,1
58,3168,0.437,2,5,2,3,12,0.58,0.8,50.12,0.669,0.72,1
21,3169,0.915,1,3,1,2,4,0.925,0.767,35.86,0.857,1.0,1
82,3170,0.77,1,7,1,2,14,0.698,0.77,44.36,0.849,0.797,1
69,3171,0.803,0,2,1,2,1,0.735,0.758,38.26,0.611,0.827,0
3,3172,0.842,1,3,2,1,7,0.79,0.732,42.91,0.719,0.935,0
87,3173,0.823,1,1,1,2,7,0.82,0.842,33.99,0.898,0.908,1
90,3174,0.876,0,4,1,1,3,0.715,0.622,48.86,0.847,0.969,0
37,3175,0.687,1,2,2,3,3,0.744,0.942,41.6,0.737,0.74,1
88,3176,0.686,1,1,0,1,10,0.695,0.834,34.08,0.759,0.839,1
49,3177,0.606,2,4,0,1,1,0.846,0.654,42.02,0.859,0.918,1
19,3178,0.499,1,7,0,3,12,0.599,0.621,55.15,0.781,0.76,1
89,3179,0.78,2,4,1,3,10,0.735,0.663,42.52,0.803,0.859,0
85,3180,0.836,2,2,0,2,13,0.854,0.765,29.06,0.907,0.95,0
12,3181,0.8,3,2,2,3,11,0.99,0.818,17.55,0.92,1.0,1
61,3182,0.852,2,4,2,1,1,0.819,0.872,35.34,0.89,0.96,0
41,3183,0.792,3,2,2,2,12,0.735,0.756,27.08,0.792,0.869,1
33,3184,0.871,2,4,1,1,4,0.899,0.68,44.89,0.821,0.98,1
50,3185,0.502,0,2,1,2,14,0.661,0.633,58.66,0.585,0.822,0
68,3186,0.723,1,3,2,2,14,0.741,0.758,40.2,0.861,0.73,1
71,3187,0.814,2,4,1,3,14,0.837,0.823,45.93,0.796,0.912,1
86,3188,0.772,2,5,1,1,9,0.712,0.597,33.6,0.873,0.758,1
33,3189,0.784,2,0,1,2,12,0.888,0.705,21.69,0.915,0.813,1
81,3190,0.378,2,2,2,3,4,0.643,0.704,24.86,0.699,0.708,0
24,3191,0.845,1,1,0,2,6,0.742,0.773,35.82,0.82,0.934,1
61,3192,0.932,3,2,0,2,14,0.895,0.78,29.49,0.875,0.821,1
61,3193,0.65,2,3,0,3,5,0.849,0.685,31.65,0.701,0.788,0
98,3194,0.583,2,1,0,1,6,0.766,0.841,36.37,0.801,0.882,1
28,3195,0.641,3,1,1,1,1,0.996,0.8,29.91,0.736,0.775,1
58,3196,0.673,2,4,1,1,14,0.604,0.729,41.65,0.708,0.736,1
43,3197,0.721,2,1,0,3,5,0.707,0.612,29.38,0.845,0.767,1
41,3198,0.695,3,1,0,2,6,0.828,0.786,29.41,0.942,0.947,1
39,3199,0.628,2,4,1,2,11,0.704,0.646,46.77,0.741,0.764,0
86,3200,0.866,2,6,4,2,9,0.72,0.681,41.74,0.894,0.778,1
49,3201,0.916,3,4,0,1,12,0.972,0.933,35.85,0.896,0.95,0
17,3202,0.892,0,5,0,2,10,0.603,0.683,44.37,0.687,0.943,1
98,3203,0.796,2,1,1,2,12,0.727,0.69,27.22,0.724,0.764,1
70,3204,0.652,1,4,0,1,4,0.865,0.731,49.56,0.705,0.825,1
70,3205,0.706,2,3,0,1,9,0.762,0.708,33.36,0.707,0.833,1
98,3206,0.768,0,3,1,2,12,0.728,0.741,32.31,0.8,0.962,1
65,3207,0.496,2,3,2,2,2,0.793,0.844,49.44,0.757,0.783,1
74,3208,0.949,1,4,0,2,9,0.752,0.718,40.65,0.856,0.927,1
85,3209,0.81,0,3,1,2,10,0.703,0.683,39.92,0.774,0.828,1
5,3210,0.64,3,2,0,1,12,0.944,0.85,29.93,0.777,0.885,1
2,3211,0.301,1,3,0,1,11,0.742,0.779,48.72,0.646,0.706,1
22,3212,0.737,1,5,1,2,9,0.784,0.74,47.08,0.762,0.819,0
57,3213,0.507,1,0,1,2,11,0.722,0.694,35.37,0.533,0.771,1
66,3214,0.589,2,0,3,2,2,0.748,0.656,29.63,0.775,0.922,1
74,3215,0.703,2,2,1,2,11,0.896,0.772,29.8,0.659,0.748,1
98,3216,0.834,3,4,0,3,11,0.855,0.844,30.37,0.918,0.939,1
16,3217,0.845,1,6,1,3,5,0.702,0.768,43.84,0.809,0.9,1
51,3218,0.761,2,4,1,1,5,0.759,0.732,34.87,0.761,0.8,1
39,3219,0.712,2,0,0,2,6,1.0,0.958,24.22,0.771,0.865,1
86,3220,0.641,2,2,2,1,11,0.821,0.811,45.01,0.784,0.847,1
76,3221,0.784,2,1,1,2,11,0.829,0.838,33.12,0.859,0.863,1
88,3222,0.842,2,5,0,2,5,0.739,0.722,53.92,0.803,0.823,1
40,3223,0.486,0,4,3,2,8,0.599,0.83,51.27,0.688,0.672,0
38,3224,0.769,1,3,2,1,9,0.694,0.688,45.51,0.642,0.806,1
60,3225,0.799,2,2,2,3,6,0.87,0.675,23.99,0.811,0.904,1
59,3226,0.96,2,3,0,2,12,0.865,0.766,41.83,0.843,0.992,1
10,3227,0.943,2,1,2,1,7,0.741,0.776,22.44,0.807,0.998,1
99,3228,0.933,2,4,1,1,3,0.829,0.878,31.34,0.887,0.978,1
64,3229,0.849,1,1,2,1,1,0.746,0.703,40.99,0.767,0.966,1
63,3230,0.766,2,4,1,2,12,0.857,0.713,38.35,0.887,0.75,1
49,3231,0.888,1,3,1,3,11,0.772,0.74,29.82,0.931,1.0,1
64,3232,0.484,2,7,0,2,11,0.709,0.541,67.09,0.838,0.72,0
32,3233,0.433,1,2,1,2,8,0.509,0.666,37.74,0.619,0.6,1
7,3234,0.484,2,3,1,3,2,0.782,0.757,38.67,0.694,0.816,0
21,3235,0.524,2,5,2,2,12,0.619,0.569,46.83,0.71,0.874,0
20,3236,0.858,2,3,1,2,5,0.927,0.612,35.7,0.86,0.858,1
26,3237,0.591,1,2,1,3,1,0.681,0.742,40.64,0.647,0.853,1
68,3238,0.589,0,1,0,2,12,0.697,0.67,29.31,0.594,0.88,1
86,3239,0.595,1,1,0,2,9,0.659,0.77,29.55,0.748,0.815,1
15,3240,0.729,0,2,3,2,13,0.652,0.759,43.97,0.694,0.905,1
85,3241,0.827,0,3,3,3,2,0.691,0.773,35.94,0.707,0.906,1
79,3242,0.739,2,0,3,2,10,0.663,0.887,20.19,0.824,0.842,1
86,3243,0.909,3,6,2,1,4,0.875,0.679,37.23,0.841,0.923,1
92,3244,0.813,0,0,1,3,2,0.631,0.774,43.85,0.787,0.839,1
14,3245,0.551,1,1,1,1,2,0.689,0.805,37.3,0.685,0.94,1
27,3246,0.927,3,5,3,1,1,0.963,0.853,38.16,0.98,0.868,1
40,3247,0.572,2,2,2,1,3,0.777,0.58,45.07,0.804,0.694,1
58,3248,0.948,2,2,0,1,1,0.926,0.822,34.58,0.966,0.854,1
28,3249,0.908,3,2,0,2,13,0.892,0.745,22.19,0.889,0.901,1
26,3250,0.515,2,3,3,3,12,0.718,0.674,41.92,0.848,0.713,1
63,3251,0.628,2,7,1,2,12,0.572,0.647,63.96,0.786,0.838,1
66,3252,0.62,2,4,0,1,10,0.75,0.625,40.2,0.718,0.864,1
25,3253,0.676,1,3,4,2,8,0.855,0.681,39.23,0.797,0.799,1
3,3254,0.606,2,2,0,2,3,0.71,0.7,34.87,0.711,0.792,0
72,3255,0.62,1,1,0,3,3,0.691,0.698,35.49,0.695,0.787,0
44,3256,0.951,2,1,1,2,2,0.938,0.857,27.02,0.882,1.0,1
97,3257,0.798,0,3,0,1,1,0.646,0.749,45.97,0.723,0.764,1
42,3258,0.427,1,10,1,2,13,0.619,0.649,65.34,0.575,0.754,0
99,3259,0.717,1,2,0,2,2,0.714,0.893,45.13,0.767,0.884,1
6,3260,0.839,1,2,1,1,11,0.758,0.769,34.5,0.885,0.884,1
39,3261,0.838,0,3,2,2,11,0.671,0.773,42.55,0.783,0.762,0
52,3262,0.713,2,2,2,3,2,0.843,0.75,31.41,0.887,0.847,1
23,3263,0.791,2,0,0,3,13,0.945,0.846,12.33,0.803,0.88,1
89,3264,0.519,3,8,1,1,14,0.778,0.647,55.45,0.791,0.761,1
50,3265,0.499,3,3,1,3,11,0.795,0.859,31.07,0.874,0.786,1
43,3266,0.716,1,3,1,2,3,0.907,0.686,39.23,0.681,0.823,0
19,3267,0.812,2,4,0,2,7,0.975,0.877,29.9,0.878,0.846,1
69,3268,0.746,2,3,2,2,2,0.887,0.893,35.62,0.777,0.903,1
51,3269,0.738,2,2,1,2,1,0.762,0.767,34.75,0.79,0.796,1
11,3270,0.713,3,2,0,2,2,0.589,0.732,26.34,0.815,0.77,1
12,3271,0.893,2,3,0,2,2,0.85,0.682,31.65,0.949,0.982,1
74,3272,0.392,2,4,3,2,1,0.84,0.777,47.48,0.721,0.778,1
8,3273,0.741,2,1,0,3,7,0.991,0.763,27.12,0.975,0.888,1
24,3274,0.364,1,3,1,1,12,0.699,0.694,48.33,0.637,0.681,0
92,3275,0.864,2,2,0,2,1,0.828,0.717,29.2,0.902,0.888,1
41,3276,0.842,0,4,0,1,6,0.875,0.862,47.87,0.775,0.904,1
36,3277,0.953,1,3,1,2,9,0.837,0.823,30.41,0.817,0.918,1
85,3278,0.773,1,3,0,2,14,0.731,0.756,35.01,0.775,0.962,1
72,3279,0.672,2,5,1,2,5,0.675,0.578,56.6,0.819,0.799,1
55,3280,0.302,3,2,1,2,12,0.814,0.807,35.53,0.703,0.803,1
9,3281,0.738,1,4,0,3,9,0.7,0.687,36.63,0.732,0.802,1
47,3282,0.793,2,1,2,2,8,0.754,0.669,21.05,0.764,0.911,1
15,3283,0.629,1,4,0,2,2,0.755,0.729,47.28,0.672,0.772,0
48,3284,0.593,1,2,2,2,5,0.726,0.711,38.82,0.687,0.859,1
82,3285,0.884,3,2,2,1,5,0.889,0.88,27.82,0.873,0.99,1
42,3286,0.448,0,2,0,2,4,0.685,0.799,45.68,0.611,0.613,1
60,3287,0.805,1,1,1,2,13,0.854,0.66,28.17,0.791,0.879,1
84,3288,0.703,1,3,2,2,1,0.651,0.847,46.23,0.882,0.874,0
70,3289,0.943,1,3,0,2,8,0.774,0.635,36.03,0.759,0.896,0
12,3290,0.833,1,2,1,2,5,0.781,0.682,42.29,0.838,0.904,0
2,3291,0.653,1,4,4,2,14,0.698,0.733,57.33,0.622,0.827,1
7,3292,0.77,2,5,1,1,13,0.717,0.78,49.91,0.72,0.945,0
80,3293,0.902,1,3,0,1,5,0.737,0.622,45.23,0.815,0.862,1
3,3294,0.566,2,3,1,2,2,0.775,0.513,38.47,0.723,0.837,0
3,3295,0.616,3,3,0,2,14,0.842,0.71,29.93,0.856,0.749,1
27,3296,0.637,1,2,3,2,6,0.81,0.8,46.27,0.841,0.824,1
40,3297,0.929,2,1,1,3,12,0.909,0.746,35.86,0.854,0.905,1
33,3298,0.595,1,7,0,2,9,0.544,0.567,55.31,0.691,0.75,0
92,3299,0.889,0,4,1,2,14,0.715,0.742,44.21,0.804,0.957,1
1,3300,0.736,3,1,3,3,13,0.993,0.745,25.57,0.854,0.903,1
8,3301,0.627,2,4,1,2,11,0.811,0.755,40.2,0.839,0.823,0
32,3302,0.732,0,5,0,1,1,0.652,0.628,49.42,0.694,0.954,0
48,3303,0.319,1,5,2,3,14,0.798,0.872,57.74,0.676,0.723,1
4,3304,0.808,1,1,1,2,2,0.662,0.679,35.23,0.803,0.904,1
94,3305,0.26,3,3,2,2,14,0.719,0.807,42.53,0.819,0.697,0
70,3306,0.881,2,2,0,3,14,0.961,0.616,27.19,0.905,0.917,1
19,3307,0.805,1,1,1,2,4,0.818,0.827,27.48,0.847,0.876,1
32,3308,0.781,1,3,1,3,7,0.678,0.809,38.44,0.767,0.991,1
9,3309,0.966,1,4,3,2,2,0.764,0.822,35.67,0.838,0.873,0
12,3310,0.814,3,5,0,2,10,0.781,0.709,39.05,0.814,0.917,1
11,3311,0.736,2,3,3,1,14,0.809,0.683,37.63,0.884,0.799,1
46,3312,0.484,1,4,4,2,4,0.614,0.623,35.85,0.673,0.708,1
16,3313,0.707,0,4,0,2,8,0.707,0.714,49.88,0.79,0.805,0
1,3314,0.549,1,4,3,2,8,0.834,0.75,36.34,0.769,0.828,0
63,3315,0.469,1,2,0,3,7,0.763,0.782,45.82,0.583,0.743,1
21,3316,0.715,2,6,2,1,1,0.701,0.67,52.97,0.832,0.906,1
30,3317,0.565,1,1,0,1,2,0.666,0.626,44.79,0.658,0.773,1
13,3318,0.726,3,3,2,1,13,0.831,0.794,32.03,0.739,0.921,1
34,3319,0.925,2,2,3,3,10,0.851,0.846,27.76,0.903,0.882,1
4,3320,0.681,1,3,3,1,1,0.766,0.779,34.65,0.662,0.8,0
28,3321,0.963,2,2,1,1,3,0.852,0.9,23.2,0.915,0.893,1
95,3322,0.727,1,3,3,3,3,0.695,0.766,47.57,0.829,0.829,1
59,3323,0.85,1,2,1,2,7,0.715,0.668,32.34,0.771,0.95,1
27,3324,0.616,3,5,1,1,12,0.767,0.773,39.28,0.896,0.845,1
69,3325,0.492,2,2,0,3,4,0.809,0.624,45.84,0.838,0.709,1
25,3326,0.966,0,4,1,2,14,0.782,0.622,52.7,0.854,0.886,0
3,3327,0.842,1,3,3,1,10,0.73,0.643,26.23,0.767,0.81,1
97,3328,0.82,1,1,1,1,11,0.861,0.7,37.03,0.779,0.931,1
68,3329,0.527,1,5,2,1,7,0.779,0.639,49.72,0.756,0.826,1
25,3330,0.54,0,2,2,3,12,0.605,0.776,40.53,0.746,0.806,1
20,3331,0.669,1,1,2,2,3,0.699,0.596,41.73,0.815,0.877,1
34,3332,0.904,2,5,0,2,1,0.698,0.775,40.05,1.0,0.961,1
26,3333,0.487,3,2,0,3,6,0.773,0.722,28.08,0.799,0.802,0
5,3334,0.432,1,3,1,2,8,0.549,0.676,50.53,0.459,0.64,1
99,3335,0.695,2,2,4,3,8,0.82,0.905,26.69,0.789,0.871,0
61,3336,0.912,0,2,0,1,5,0.692,0.719,43.01,0.749,0.773,0
92,3337,0.86,0,1,1,1,3,0.752,0.634,38.12,0.764,0.936,0
93,3338,0.897,2,4,0,3,4,0.752,0.743,34.23,0.887,0.903,1
9,3339,0.564,3,3,2,3,3,0.741,0.709,29.98,0.836,0.697,1
50,3340,0.742,0,1,3,2,4,0.796,0.804,43.76,0.743,0.829,1
6,3341,0.642,2,2,3,1,8,0.868,0.722,32.94,0.925,0.884,1
83,3342,0.861,3,4,0,1,8,0.739,0.689,33.59,0.898,0.937,1
60,3343,0.9,2,4,1,1,6,0.792,0.63,26.78,0.809,0.832,1
44,3344,0.857,1,1,3,2,12,0.743,0.639,35.57,0.879,1.0,1
11,3345,0.862,1,7,1,2,9,0.758,0.657,51.92,0.735,0.841,1
66,3346,0.888,3,4,0,2,6,0.907,0.881,29.8,1.0,0.923,1
47,3347,0.644,1,0,0,2,8,0.826,0.803,29.18,0.692,0.765,1
73,3348,0.806,2,7,1,2,12,0.687,0.756,60.63,0.895,0.804,0
85,3349,0.591,1,4,0,1,4,0.681,0.659,52.08,0.715,0.766,1
88,3350,0.722,2,4,1,2,9,0.694,0.657,41.97,0.947,0.753,1
98,3351,0.804,1,3,2,1,13,0.751,0.77,42.67,0.894,0.944,1
86,3352,0.693,2,7,2,2,14,0.651,0.739,50.44,0.749,0.698,0
3,3353,0.779,1,3,2,2,9,0.676,0.724,32.15,0.677,0.798,0
76,3354,0.614,2,5,2,2,11,0.858,0.755,48.58,0.747,0.843,1
92,3355,0.69,1,6,1,1,10,0.761,0.678,47.16,0.618,0.835,1
30,3356,0.639,1,2,2,2,6,0.72,0.827,33.52,0.704,0.864,0
90,3357,0.654,2,6,1,2,5,0.758,0.601,51.24,0.898,0.809,0
21,3358,0.479,3,4,1,2,9,0.809,0.927,37.01,0.739,0.765,1
28,3359,0.684,3,5,0,2,11,1.0,0.725,42.62,0.881,0.817,1
90,3360,0.762,0,1,3,2,2,0.685,0.872,32.6,0.724,0.836,1
62,3361,0.413,2,2,2,2,12,0.646,0.843,43.56,0.598,0.606,1
33,3362,0.93,2,1,0,2,13,0.846,0.737,26.03,0.789,0.948,1
85,3363,0.902,2,3,1,2,5,0.932,0.789,33.86,1.0,0.82,1
35,3364,0.896,2,0,3,1,14,0.877,0.79,27.59,0.849,0.903,1
52,3365,0.892,3,3,1,2,8,0.873,0.886,25.45,0.796,0.871,1
34,3366,0.611,1,3,0,3,4,0.59,0.584,47.09,0.794,0.773,1
41,3367,0.62,2,4,2,3,10,0.703,0.69,45.68,0.852,0.734,0
51,3368,0.55,0,2,0,3,14,0.526,0.638,50.01,0.624,0.781,1
47,3369,0.799,3,4,1,3,12,0.877,0.855,29.88,0.856,0.871,1
82,3370,0.899,2,3,1,1,2,0.907,0.745,27.14,0.865,0.977,1
58,3371,0.519,2,3,2,2,5,0.836,0.844,40.33,0.645,0.763,0
75,3372,0.821,3,5,1,3,6,0.842,0.713,35.09,0.783,0.881,1
57,3373,0.755,2,1,1,1,2,0.793,0.812,34.05,0.896,0.836,1
23,3374,0.488,2,6,1,1,1,0.737,0.777,52.98,0.843,0.797,0
48,3375,0.778,3,6,1,2,14,0.859,0.695,38.3,0.804,0.789,1
22,3376,0.894,1,7,0,2,5,0.787,0.65,58.89,0.832,0.906,1
17,3377,0.924,3,3,0,2,2,0.9,0.834,34.48,0.944,0.953,1
69,3378,0.818,1,0,2,2,8,0.704,0.832,23.37,0.799,0.849,1
11,3379,0.283,2,4,2,1,11,0.732,0.687,43.21,0.798,0.69,1
94,3380,0.699,1,4,1,3,10,0.665,0.705,55.96,0.773,0.72,1
15,3381,0.824,1,1,2,3,2,0.732,0.725,27.12,0.867,0.965,1
91,3382,0.917,2,3,0,2,7,0.68,0.731,38.27,0.807,0.975,1
35,3383,0.833,0,5,1,3,6,0.77,0.776,50.1,0.654,0.784,1
33,3384,0.754,3,5,1,2,6,0.873,0.742,39.22,0.908,0.88,1
84,3385,0.599,1,4,1,2,5,0.849,0.749,57.16,0.684,0.895,0
16,3386,0.485,1,2,4,2,10,0.739,0.715,42.24,0.672,0.731,1
34,3387,0.647,3,2,2,1,12,0.836,0.81,23.84,0.86,0.738,1
66,3388,0.673,2,3,1,2,11,0.689,0.684,31.51,0.775,0.818,0
99,3389,0.706,2,2,0,2,4,0.828,0.902,38.07,0.822,0.893,1
40,3390,0.861,1,4,1,2,14,0.791,0.758,49.18,0.893,0.941,1
28,3391,0.757,2,3,2,3,12,0.739,0.675,31.94,0.678,0.73,1
47,3392,0.694,1,3,2,2,4,0.777,0.678,49.38,0.782,0.86,1
39,3393,0.651,3,3,2,2,13,0.777,0.772,35.08,0.823,0.814,1
70,3394,0.84,2,5,4,2,1,0.806,0.857,41.24,0.924,0.924,0
73,3395,0.749,3,1,0,1,3,0.976,0.796,13.15,0.945,0.93,1
20,3396,0.611,2,0,1,2,1,0.721,0.764,18.01,0.774,0.842,1
1,3397,0.767,2,4,0,3,1,0.772,0.839,37.04,0.712,0.921,0
72,3398,0.926,2,3,0,1,8,0.966,0.794,36.02,0.9,1.0,1
87,3399,0.907,2,4,0,3,5,0.655,0.703,42.78,0.764,0.894,1
63,3400,0.398,0,2,3,2,10,0.522,0.602,46.05,0.575,0.599,0
67,3401,0.55,1,6,3,3,10,0.698,0.564,49.51,0.701,0.805,0
4,3402,0.667,1,0,2,1,13,0.769,0.731,31.07,0.872,0.888,0
58,3403,0.565,2,2,1,2,6,0.724,0.864,35.73,0.829,0.77,1
25,3404,0.374,2,2,2,3,13,0.753,0.698,45.03,0.716,0.685,1
47,3405,0.519,2,7,1,1,6,0.834,0.681,51.93,0.654,0.708,1
38,3406,0.898,3,4,0,2,6,0.862,0.848,29.58,0.884,0.852,1
15,3407,0.478,2,2,1,2,14,0.774,0.739,35.81,0.652,0.842,1
63,3408,0.778,1,3,1,1,3,0.703,0.709,35.36,0.765,0.846,0
21,3409,0.953,0,1,1,2,4,0.779,0.716,34.54,0.793,0.862,1
99,3410,0.635,1,3,2,2,9,0.718,0.764,35.17,0.735,0.838,1
57,3411,0.95,0,3,1,3,8,0.885,0.908,44.31,0.69,0.896,1
53,3412,0.725,1,0,3,3,7,0.758,0.552,31.59,0.62,0.791,1
46,3413,0.682,2,3,1,1,2,0.692,0.79,36.73,0.819,0.801,1
14,3414,0.36,1,1,2,1,14,0.663,0.752,34.89,0.797,0.811,1
100,3415,0.978,0,3,1,2,6,0.747,0.662,30.14,0.75,0.833,1
76,3416,0.705,3,2,2,2,13,0.783,0.957,35.78,0.79,0.818,1
17,3417,0.764,3,2,0,2,5,0.877,0.802,17.95,1.0,0.946,1
39,3418,0.831,2,2,2,2,12,0.809,0.769,29.79,0.824,0.759,1
9,3419,0.72,1,3,0,1,13,0.876,0.812,38.19,0.833,0.882,1
99,3420,0.725,3,2,0,2,1,1.0,0.821,30.64,0.99,1.0,1
77,3421,0.814,2,4,0,2,7,0.877,0.756,34.4,0.743,0.854,0
79,3422,0.691,1,4,2,1,10,0.736,0.817,36.75,0.775,0.839,1
82,3423,0.554,2,5,0,3,6,0.74,0.584,36.81,0.752,0.673,1
97,3424,0.797,0,5,2,3,6,0.655,0.728,61.07,0.719,0.917,0
6,3425,0.786,3,2,0,2,12,0.926,0.901,23.46,0.875,0.954,1
91,3426,0.6,3,4,3,2,6,0.798,0.741,36.25,0.81,0.827,0
23,3427,0.269,1,3,3,2,12,0.562,0.776,47.4,0.554,0.614,1
59,3428,0.62,2,3,1,1,3,0.697,0.697,42.91,0.817,0.777,1
91,3429,0.775,1,4,3,2,4,0.714,0.69,44.07,0.804,0.943,1
98,3430,0.768,3,3,1,1,2,0.975,0.793,30.44,0.845,0.955,1
46,3431,0.75,1,3,1,2,9,0.641,0.624,34.84,0.665,0.81,1
38,3432,0.88,0,2,0,2,13,0.666,0.873,45.21,0.681,0.798,1
14,3433,0.917,1,0,1,2,9,0.816,0.79,25.79,0.716,0.888,1
100,3434,0.826,1,3,3,2,9,0.757,0.771,35.3,0.785,0.918,1
72,3435,0.455,3,3,3,1,10,0.835,0.791,35.09,0.637,0.747,0
62,3436,0.476,3,1,1,2,3,0.735,0.646,26.34,0.837,0.793,0
35,3437,0.891,1,2,0,3,14,0.868,0.726,31.62,0.856,0.937,1
19,3438,0.784,0,5,0,2,4,0.704,0.574,48.22,0.655,0.771,1
30,3439,0.656,2,1,0,3,3,0.934,0.787,33.15,0.707,0.764,0
78,3440,0.931,2,5,2,3,11,0.85,0.656,38.59,0.847,0.856,1
84,3441,0.959,1,1,2,2,3,0.902,0.909,25.17,0.888,1.0,1
25,3442,0.652,2,1,1,3,13,0.76,0.654,31.86,0.789,0.912,1
40,3443,0.641,1,5,1,2,9,0.715,0.804,59.32,0.78,0.684,0
88,3444,0.384,1,3,0,2,9,0.649,0.682,43.36,0.627,0.755,1
14,3445,0.879,2,1,1,1,3,0.86,0.709,25.2,0.769,0.965,1
26,3446,0.663,2,6,2,2,11,0.603,0.59,55.36,0.871,0.896,0
87,3447,0.886,2,0,1,2,7,0.787,0.752,16.34,0.832,0.959,1
22,3448,0.627,2,3,0,2,4,0.903,0.845,35.36,0.884,0.763,0
48,3449,0.387,2,3,2,2,5,0.717,0.761,39.82,0.824,0.693,0
83,3450,0.831,1,5,2,2,4,0.621,0.619,43.23,0.879,0.844,0
51,3451,0.558,2,3,0,3,13,0.762,0.852,40.81,0.868,0.741,1
3,3452,0.828,3,2,1,3,14,0.906,0.717,24.33,0.869,0.942,1
42,3453,0.636,2,6,0,2,3,0.932,0.902,45.5,0.766,0.829,0
19,3454,0.771,2,3,0,2,13,0.952,0.757,30.12,0.763,1.0,1
73,3455,0.551,1,1,2,3,8,0.673,0.788,36.27,0.62,0.696,1
28,3456,0.674,0,2,1,2,9,0.635,0.74,41.85,0.571,0.786,1
84,3457,0.824,1,3,1,2,10,0.764,0.81,38.7,0.803,1.0,1
45,3458,0.961,2,4,4,3,9,0.902,0.815,42.82,0.971,0.946,1
71,3459,0.734,1,2,1,1,7,0.898,0.743,36.4,0.822,0.823,1
78,3460,0.62,3,3,4,2,11,0.757,0.629,30.69,0.746,0.853,1
63,3461,0.737,2,1,2,3,9,0.829,0.814,31.3,0.916,0.921,1
73,3462,0.484,2,3,1,1,13,0.708,0.772,45.34,0.715,0.708,1
19,3463,0.695,2,1,0,1,13,0.813,0.709,31.52,0.796,0.819,1
47,3464,0.676,2,0,2,2,3,0.86,0.723,29.88,0.831,0.737,1
14,3465,0.709,2,2,0,2,4,0.699,0.649,30.54,0.927,0.795,0
38,3466,0.694,2,2,3,1,7,0.785,0.735,40.0,0.88,0.81,1
53,3467,0.728,1,2,0,2,5,0.628,0.67,32.76,0.634,0.923,0
61,3468,0.755,0,7,1,3,7,0.677,0.697,56.57,0.756,0.843,0
36,3469,0.897,3,2,1,2,14,0.982,0.799,29.63,0.963,0.98,1
40,3470,0.777,2,0,3,3,9,0.803,0.851,26.6,0.849,0.844,1
81,3471,0.722,2,4,1,2,11,0.751,0.721,42.99,0.782,0.89,1
30,3472,0.841,2,4,1,1,6,0.81,0.736,37.97,0.744,0.843,1
9,3473,0.739,2,2,1,3,6,0.847,0.724,39.19,0.818,0.864,1
64,3474,0.924,2,4,5,2,1,0.914,0.77,39.99,0.841,0.977,1
33,3475,0.571,3,3,0,2,2,0.92,0.801,36.61,0.792,0.714,1
52,3476,0.585,2,4,1,2,14,0.605,0.491,42.25,0.694,0.798,1
89,3477,0.537,3,3,1,2,3,0.777,0.753,43.27,0.8,0.777,1
14,3478,0.553,2,2,2,1,9,0.692,0.649,33.05,0.822,0.82,1
75,3479,0.791,3,5,1,2,12,0.806,0.705,40.31,0.942,0.904,1
53,3480,0.833,2,3,0,2,14,0.891,0.773,33.83,1.0,0.869,1
99,3481,0.575,2,6,1,2,4,0.747,0.762,48.89,0.784,0.765,1
59,3482,0.662,0,1,4,1,1,0.677,0.604,37.1,0.712,0.782,1
78,3483,0.745,2,4,0,2,5,0.889,0.831,38.44,0.91,0.93,0
94,3484,0.914,1,1,2,3,13,0.825,0.835,27.95,0.878,0.92,1
41,3485,0.917,2,3,1,3,9,0.764,0.734,33.87,0.888,0.967,0
68,3486,0.887,2,3,1,2,5,0.877,0.828,34.35,0.942,1.0,1
68,3487,0.33,1,2,0,2,14,0.656,0.765,49.31,0.629,0.643,0
92,3488,0.797,2,4,2,3,13,0.946,0.739,37.19,0.911,1.0,1
8,3489,0.627,2,4,2,2,13,0.748,0.722,41.39,0.754,0.732,1
2,3490,0.438,2,3,4,1,11,0.805,0.747,37.22,0.725,0.755,1
86,3491,0.429,2,2,1,2,5,0.651,0.618,36.25,0.732,0.784,1
41,3492,0.69,2,5,2,3,6,0.659,0.628,44.18,0.725,0.843,1
55,3493,0.401,2,3,3,2,13,0.624,0.57,40.81,0.743,0.695,1
16,3494,0.674,2,4,1,2,7,0.673,0.672,39.26,0.781,0.781,0
93,3495,0.927,3,3,1,3,9,0.938,0.759,31.45,1.0,0.823,1
62,3496,0.671,1,3,2,2,6,0.835,0.839,34.62,0.713,0.896,1
48,3497,0.57,2,4,2,2,3,0.839,0.619,41.54,0.751,0.803,0
30,3498,0.92,1,2,3,3,2,0.843,0.667,36.96,0.962,0.832,1
12,3499,0.746,3,2,1,1,3,0.821,0.672,20.96,0.857,0.859,0
35,3500,0.885,2,0,0,2,5,0.963,0.919,18.99,0.97,0.914,1
11,3501,0.866,2,2,0,2,10,0.877,0.784,35.82,0.846,0.871,1
64,3502,0.633,1,2,3,3,1,0.762,0.79,32.31,0.655,0.801,0
50,3503,0.821,3,5,2,2,5,0.815,0.668,41.51,0.941,1.0,0
85,3504,0.521,3,4,2,3,5,0.71,0.669,36.08,0.765,0.796,1
21,3505,0.914,1,6,0,2,9,0.714,0.64,44.63,0.784,0.806,1
69,3506,0.912,2,3,0,1,3,0.975,0.832,41.34,0.961,1.0,1
48,3507,0.443,3,5,1,2,11,0.68,0.741,48.46,0.827,0.783,1
20,3508,0.642,2,2,1,1,12,0.773,0.768,44.18,0.942,0.756,0
67,3509,0.621,2,5,1,1,4,0.796,0.776,47.87,0.802,0.865,1
44,3510,0.961,2,1,2,2,13,0.922,0.75,27.43,0.748,0.998,1
33,3511,0.72,2,5,0,2,6,0.851,0.87,47.73,0.72,0.896,1
73,3512,0.545,2,3,1,1,2,0.679,0.813,45.26,0.739,0.767,1
61,3513,0.72,2,3,3,2,2,0.823,0.832,26.08,0.804,0.998,1
9,3514,0.826,2,5,4,2,14,0.793,0.821,35.06,0.916,0.857,1
68,3515,0.69,3,2,2,3,3,0.804,0.721,27.53,0.878,0.778,0
35,3516,0.615,3,2,1,2,9,0.929,0.8,25.99,0.726,0.861,1
81,3517,0.696,2,2,1,2,2,0.757,0.932,35.79,0.864,0.786,1
98,3518,0.978,2,7,2,2,4,0.908,0.792,40.73,0.87,1.0,1
88,3519,0.778,2,3,0,2,4,0.744,0.802,39.98,0.792,0.827,1
96,3520,0.759,1,2,0,2,5,0.788,0.857,34.55,0.757,0.801,0
65,3521,0.969,2,7,1,2,14,0.746,0.773,47.91,0.864,0.868,0
8,3522,0.921,2,1,3,2,10,0.86,0.901,25.15,0.893,0.892,1
45,3523,0.791,1,5,0,2,2,0.952,0.798,49.62,0.798,0.904,1
87,3524,0.89,2,4,0,2,3,0.869,0.67,26.37,0.704,0.967,1
47,3525,0.805,3,2,0,3,4,0.818,0.781,22.58,0.938,0.915,1
40,3526,0.651,3,2,2,2,1,0.943,0.809,28.95,0.817,0.81,1
76,3527,0.338,1,3,0,3,11,0.688,0.777,49.2,0.761,0.738,1
54,3528,0.895,2,0,0,2,12,0.981,0.869,27.97,0.817,1.0,1
76,3529,0.711,2,2,1,2,14,0.689,0.692,33.01,0.835,0.772,1
46,3530,0.743,2,1,1,2,12,0.852,0.73,41.07,0.83,0.94,1
47,3531,0.715,3,4,2,2,1,0.916,0.841,31.74,0.878,0.979,1
15,3532,0.378,2,2,0,1,9,0.682,0.78,34.91,0.838,0.728,0
19,3533,0.459,3,5,2,2,2,0.742,0.73,44.15,0.825,0.832,0
26,3534,0.752,2,2,4,3,13,0.868,0.695,25.62,0.803,0.88,0
52,3535,0.562,1,5,2,3,1,0.635,0.727,43.73,0.681,0.698,0
93,3536,0.698,2,2,0,2,10,0.736,0.626,30.18,0.872,0.873,1
22,3537,0.854,2,3,1,3,5,0.929,0.772,34.73,0.875,0.849,1
21,3538,0.795,2,2,1,1,1,0.877,0.703,37.63,0.93,0.884,1
51,3539,0.807,0,1,0,2,12,0.829,0.764,30.28,0.702,0.92,1
38,3540,0.918,1,3,2,1,1,0.782,0.616,36.58,0.85,0.975,1
20,3541,0.975,2,2,1,2,14,0.717,0.813,12.95,0.834,0.887,1
29,3542,0.892,1,2,1,1,2,0.916,0.766,29.4,0.831,1.0,1
51,3543,0.579,3,1,0,3,6,1.0,0.88,27.89,0.879,0.826,1
4,3544,0.665,2,2,0,2,5,0.751,0.783,29.9,0.848,0.848,0
55,3545,0.708,0,4,1,2,8,0.752,0.682,43.74,0.733,0.806,0
71,3546,0.621,2,4,1,2,7,0.773,0.645,43.44,0.743,0.795,1
92,3547,0.903,2,1,2,2,4,0.958,0.88,23.35,0.881,0.981,1
28,3548,0.627,1,2,1,2,4,0.599,0.671,35.5,0.61,0.858,0
4,3549,0.846,0,3,0,2,5,0.713,0.533,38.09,0.898,0.993,1
22,3550,0.802,1,1,1,2,12,0.829,0.749,33.56,0.793,0.756,1
76,3551,0.342,1,1,1,1,6,0.611,0.838,42.03,0.682,0.687,1
45,3552,0.751,2,4,1,2,12,0.789,0.704,44.97,0.749,0.858,1
67,3553,0.837,2,2,3,2,2,0.844,0.816,30.41,0.846,0.904,0
86,3554,0.813,1,6,1,2,2,0.713,0.652,45.45,0.897,0.888,0
66,3555,0.868,2,1,2,3,8,0.869,0.902,28.2,0.896,0.949,1
88,3556,0.701,3,3,1,1,14,0.861,0.888,25.97,0.874,0.885,1
34,3557,0.699,2,1,1,1,3,0.877,0.866,40.14,0.763,0.938,1
91,3558,0.671,2,1,2,2,12,0.818,0.814,28.68,0.742,0.835,1
55,3559,0.714,1,3,2,2,1,0.699,0.659,42.84,0.662,1.0,1
1,3560,0.658,0,4,0,2,11,0.691,0.564,54.56,0.69,0.73,1
72,3561,0.799,1,3,0,1,5,0.721,0.727,46.71,0.762,0.946,1
87,3562,0.832,2,1,2,2,11,0.812,0.779,27.14,0.893,0.9,1
38,3563,0.836,2,6,2,2,5,0.699,0.523,41.41,0.825,0.826,0
6,3564,0.398,3,4,1,3,7,0.682,0.735,46.36,0.844,0.783,0
86,3565,0.67,2,2,2,1,5,0.726,0.667,31.76,0.799,0.809,1
25,3566,0.908,2,4,0,2,2,0.728,0.738,35.05,0.813,0.858,1
82,3567,0.294,2,0,1,2,2,0.833,0.892,35.85,0.632,0.675,1
17,3568,0.708,1,2,0,3,2,0.726,0.791,41.47,0.793,0.808,1
61,3569,0.822,3,2,1,2,2,1.0,0.905,30.61,0.939,0.936,1
12,3570,0.945,1,3,0,2,7,0.797,0.706,36.35,0.854,0.91,1
6,3571,0.747,1,3,3,2,3,0.739,0.821,42.76,0.638,0.846,1
90,3572,0.849,1,6,0,2,12,0.661,0.666,35.94,0.726,1.0,1
27,3573,0.939,3,3,2,2,10,0.878,0.731,29.25,0.947,0.938,1
8,3574,0.682,2,6,1,3,12,0.734,0.641,40.53,0.736,0.847,1
83,3575,0.71,1,6,2,2,3,0.763,0.692,53.08,0.68,0.816,1
65,3576,0.912,1,3,0,2,3,0.739,0.701,32.71,0.792,0.976,1
57,3577,0.677,1,2,2,1,14,0.628,0.686,32.42,0.771,0.82,1
93,3578,0.914,0,3,3,1,11,0.775,0.678,35.12,0.729,0.819,1
99,3579,0.54,1,1,2,2,3,0.665,0.738,36.79,0.655,0.846,1
40,3580,0.692,2,1,1,2,6,0.749,0.715,43.94,0.904,0.871,1
14,3581,0.828,2,4,1,1,9,0.853,0.687,29.17,0.817,0.841,1
35,3582,0.69,3,7,2,2,8,0.886,0.772,42.84,0.724,0.909,0
48,3583,0.815,0,1,1,2,8,0.686,0.674,35.39,0.911,0.853,1
84,3584,0.796,3,2,3,1,13,0.763,0.89,18.24,0.962,0.866,0
56,3585,0.465,1,3,2,2,9,0.575,0.684,38.3,0.653,0.71,0
49,3586,0.878,1,4,1,2,14,0.697,0.754,41.23,0.763,0.829,1
13,3587,0.728,1,7,1,3,1,0.67,0.7,55.73,0.716,0.912,0
61,3588,0.879,3,5,0,3,13,0.977,0.857,33.42,0.962,0.96,1
49,3589,0.779,3,3,0,2,3,0.911,0.695,28.32,0.845,0.908,1
46,3590,0.688,3,2,0,1,10,0.735,0.819,25.27,0.905,0.871,1
62,3591,0.622,0,4,2,2,6,0.794,0.593,48.05,0.657,0.872,1
8,3592,0.896,3,4,2,1,5,0.997,0.855,26.97,0.941,0.91,1
43,3593,0.958,2,3,1,2,14,0.915,0.716,26.38,0.964,1.0,1
20,3594,0.718,1,1,3,2,11,0.778,0.852,32.44,0.791,0.804,0
97,3595,0.579,1,4,2,1,2,0.77,0.773,47.72,0.87,0.876,0
90,3596,0.507,2,3,0,2,8,0.727,0.659,34.9,0.689,0.783,1
39,3597,0.382,3,2,2,2,14,0.857,0.889,33.7,0.724,0.736,1
85,3598,0.896,3,2,0,3,5,0.949,0.712,28.07,0.891,1.0,1
49,3599,0.878,2,4,3,2,4,0.883,0.809,35.09,0.844,0.976,0
64,3600,0.498,2,4,1,3,14,0.701,0.827,49.28,0.827,0.761,1
62,3601,0.779,2,4,0,2,1,0.92,0.844,37.97,0.902,1.0,1
54,3602,0.972,2,1,2,2,2,0.821,0.877,24.9,0.88,0.941,1
9,3603,0.855,1,0,1,3,14,0.972,0.851,32.37,0.748,0.953,1
88,3604,0.79,2,0,0,2,2,0.742,0.582,24.03,0.862,0.829,1
37,3605,0.799,1,4,2,3,7,0.825,0.796,51.05,0.781,0.988,0
49,3606,0.902,1,3,1,2,13,0.735,0.611,33.34,0.756,0.846,1
41,3607,0.866,0,2,1,2,6,0.636,0.702,39.19,0.719,0.785,1
17,3608,0.67,2,2,0,1,14,0.807,0.712,37.52,0.914,0.785,1
88,3609,0.819,0,1,1,2,6,0.856,0.774,39.01,0.709,0.875,1
21,3610,0.853,3,2,0,2,13,1.0,0.843,28.78,0.905,1.0,1
51,3611,0.747,2,2,3,2,13,0.8,0.812,34.15,0.798,0.835,1
59,3612,0.709,3,0,2,2,10,0.865,0.873,12.02,0.814,0.824,1
39,3613,0.744,1,3,0,2,4,0.836,0.714,35.66,0.744,0.857,1
55,3614,0.549,2,5,0,2,8,0.738,0.739,50.16,0.824,0.814,1
41,3615,0.637,3,1,1,2,10,0.94,0.752,17.43,0.878,0.861,1
39,3616,0.499,1,3,4,3,13,0.738,0.852,50.57,0.648,0.858,1
13,3617,0.772,0,2,2,2,6,0.646,0.656,39.25,0.689,0.84,0
64,3618,0.905,2,6,0,3,2,0.822,0.872,43.68,0.978,0.988,0
11,3619,0.512,1,2,0,2,4,0.747,0.791,43.78,0.736,0.698,0
19,3620,0.879,1,5,1,3,9,0.72,0.666,44.04,0.719,0.791,1
11,3621,0.663,3,2,5,2,2,0.929,0.856,33.18,0.867,0.893,0
77,3622,0.758,2,3,0,2,4,0.749,0.701,38.5,0.682,0.868,1
46,3623,0.717,2,2,1,1,13,0.76,0.801,32.51,0.738,0.831,1
45,3624,0.906,0,1,3,3,5,0.552,0.546,37.56,0.613,0.918,1
1,3625,0.661,1,5,1,2,14,0.62,0.627,51.2,0.641,0.782,1
40,3626,0.771,1,5,1,1,8,0.642,0.756,46.16,0.811,0.716,1
19,3627,0.877,2,4,0,1,9,0.848,0.862,42.17,0.872,0.954,1
76,3628,0.893,2,2,2,2,6,0.759,0.788,29.77,0.842,0.907,1
72,3629,0.592,0,2,0,2,1,0.618,0.563,47.83,0.657,0.704,1
72,3630,0.8,3,4,2,2,4,1.0,0.75,28.33,0.805,0.928,1
61,3631,0.52,2,2,0,1,5,0.865,0.821,40.58,0.731,0.891,0
12,3632,0.571,0,2,0,2,11,0.532,0.553,46.7,0.618,0.758,1
61,3633,0.962,2,2,1,3,6,0.789,0.954,25.57,0.787,0.879,1
33,3634,0.72,0,3,0,2,1,0.761,0.747,51.26,0.778,0.774,0
45,3635,0.713,2,2,1,2,7,0.947,0.879,27.15,0.783,0.912,1
90,3636,0.617,2,2,0,2,6,0.877,0.73,30.54,0.747,0.85,1
92,3637,0.853,3,4,1,3,13,0.956,0.876,42.48,0.977,1.0,1
69,3638,0.876,1,1,0,2,14,0.797,0.742,29.27,0.778,0.849,1
8,3639,0.426,1,2,1,1,14,0.626,0.641,46.06,0.661,0.684,1
25,3640,0.613,0,3,1,2,11,0.564,0.644,44.65,0.73,0.727,0
91,3641,0.843,0,3,3,2,5,0.673,0.715,38.44,0.648,0.827,1
46,3642,0.743,3,3,2,2,4,0.813,0.715,33.38,0.915,0.839,0
87,3643,0.687,2,4,2,2,7,0.821,0.912,33.43,0.814,0.827,1
30,3644,0.686,3,2,0,1,8,0.908,0.682,33.64,0.933,0.89,1
47,3645,0.857,1,6,2,1,13,0.749,0.669,43.18,0.797,0.959,1
87,3646,0.681,3,2,0,3,2,0.827,0.681,27.2,0.888,0.768,1
49,3647,0.82,0,5,2,3,11,0.725,0.541,52.67,0.687,0.826,0
47,3648,0.869,3,3,0,2,14,0.904,0.702,28.89,0.826,0.923,1
84,3649,0.599,0,2,2,3,11,0.535,0.698,47.64,0.69,0.791,1
82,3650,0.389,2,3,2,3,14,0.772,0.811,41.41,0.595,0.795,1
18,3651,0.79,1,3,2,2,5,0.881,0.828,33.69,0.863,0.859,1
66,3652,0.705,1,5,0,2,5,0.726,0.78,45.88,0.647,0.824,0
68,3653,0.759,2,2,2,2,7,0.653,0.626,29.39,0.827,0.772,0
94,3654,0.703,3,2,1,1,7,0.98,0.804,27.49,0.964,1.0,1
33,3655,0.732,2,3,1,1,6,0.866,0.83,37.94,0.719,0.924,0
36,3656,0.655,1,4,1,3,8,0.6,0.654,42.76,0.719,0.751,1
82,3657,0.713,1,3,0,3,8,0.814,0.592,37.88,0.779,0.946,1
19,3658,0.599,1,1,2,3,8,0.727,0.732,35.02,0.81,0.81,0
28,3659,0.709,3,3,0,1,11,0.756,0.853,30.68,0.87,0.878,1
40,3660,0.816,1,4,2,2,5,0.707,0.71,42.98,0.788,0.805,0
84,3661,0.864,3,1,2,2,11,0.852,0.828,22.3,0.802,0.847,1
97,3662,0.636,2,5,1,2,6,0.961,0.969,46.67,0.976,0.906,1
76,3663,0.877,2,3,3,2,7,0.784,0.749,30.87,0.756,0.983,1
15,3664,0.923,3,2,1,1,3,0.864,0.804,21.68,0.922,0.954,1
41,3665,0.964,2,1,1,2,4,0.907,0.833,25.83,0.843,0.949,1
39,3666,0.804,1,4,0,2,11,0.939,0.756,46.07,0.841,0.871,1
2,3667,0.851,1,3,3,2,13,0.908,0.808,42.17,0.835,0.91,0
63,3668,0.712,1,3,2,3,5,0.713,0.701,43.13,0.649,0.846,0
29,3669,0.744,2,2,1,2,13,0.772,0.827,38.23,0.818,0.831,1
74,3670,0.746,1,4,0,3,5,0.883,0.826,44.98,0.757,0.827,1
66,3671,0.632,2,5,0,1,3,0.721,0.732,45.08,0.767,0.772,1
51,3672,0.756,1,0,1,2,14,0.781,0.605,35.15,0.717,0.766,1
75,3673,0.588,3,4,1,3,3,0.831,0.878,33.49,0.743,0.856,1
77,3674,0.582,2,3,1,2,10,0.702,0.876,46.15,0.796,0.811,0
10,3675,0.893,3,7,1,3,2,0.712,0.73,39.59,0.828,0.897,1
14,3676,0.729,0,7,0,2,1,0.656,0.677,59.23,0.724,0.829,0
82,3677,0.587,2,4,0,1,8,0.845,0.728,41.87,0.701,0.735,1
51,3678,0.969,3,4,1,1,2,0.872,0.748,29.64,0.902,0.86,1
73,3679,0.771,0,1,0,2,8,0.67,0.717,38.64,0.64,0.732,1
39,3680,0.896,3,4,0,3,13,0.916,0.711,33.71,0.897,0.937,1
28,3681,0.503,1,7,3,2,1,0.62,0.669,61.64,0.593,0.618,0
3,3682,0.851,1,6,3,2,2,0.694,0.682,54.92,0.848,0.84,1
84,3683,0.742,2,5,1,2,13,0.744,0.681,46.92,0.825,0.856,1
70,3684,0.722,0,4,1,1,1,0.694,0.637,40.27,0.745,0.819,1
27,3685,0.565,3,5,4,3,8,0.769,0.669,41.43,0.85,0.705,0
2,3686,0.51,1,5,1,2,2,0.723,0.742,48.14,0.838,0.723,0
93,3687,0.504,2,2,4,2,5,0.821,0.734,34.82,0.684,0.776,0
38,3688,0.857,2,5,0,2,12,0.757,0.779,42.45,0.87,0.842,1
3,3689,0.532,2,4,0,2,12,0.766,0.824,41.2,0.708,0.737,1
16,3690,0.571,1,4,4,3,3,0.751,0.633,49.05,0.665,0.799,1
94,3691,0.818,2,2,0,3,3,0.791,0.641,27.79,0.912,1.0,1
40,3692,0.565,1,7,0,3,1,0.658,0.646,51.0,0.759,0.693,0
2,3693,0.887,2,3,1,2,5,0.815,0.8,32.37,0.918,1.0,1
81,3694,0.323,3,3,1,2,3,0.766,0.653,41.27,0.716,0.738,0
41,3695,0.754,0,3,0,2,6,0.556,0.739,46.5,0.645,0.892,1
12,3696,0.531,1,4,2,2,10,0.769,0.774,47.98,0.722,0.784,0
35,3697,0.728,2,3,0,2,7,0.937,0.801,36.68,0.828,0.912,1
65,3698,0.676,0,6,3,1,14,0.663,0.706,59.83,0.64,0.792,1
55,3699,0.856,1,2,2,1,8,0.817,0.736,32.89,0.781,0.851,1
45,3700,0.135,1,1,0,2,9,0.721,0.769,55.47,0.572,0.594,0
79,3701,0.768,2,1,0,3,11,0.929,0.855,25.36,0.81,0.934,1
90,3702,0.483,1,3,0,2,5,0.591,0.627,48.91,0.709,0.812,0
85,3703,0.796,2,3,2,2,6,0.836,0.778,36.66,0.814,0.911,1
62,3704,0.506,2,3,3,2,2,0.723,0.694,48.3,0.655,0.764,1
49,3705,0.596,2,2,3,3,14,0.721,0.692,28.95,0.691,0.776,1
95,3706,0.79,3,3,0,1,2,0.678,0.654,29.65,0.942,0.806,1
25,3707,0.768,2,3,2,3,2,0.963,0.862,28.67,0.879,0.972,0
23,3708,0.637,1,2,1,3,8,0.6,0.655,43.34,0.681,0.758,1
24,3709,0.794,1,4,0,2,13,0.784,0.707,42.93,0.735,0.923,1
38,3710,0.88,2,4,2,3,12,0.831,0.724,40.39,0.89,0.932,1
28,3711,0.518,3,3,3,2,10,0.813,0.929,40.37,0.731,0.733,1
21,3712,0.476,2,2,0,1,12,0.711,0.797,40.81,0.693,0.655,1
54,3713,0.304,1,4,1,2,14,0.633,0.649,46.79,0.529,0.661,1
18,3714,0.548,3,4,2,1,7,0.696,0.642,31.87,0.879,0.708,1
36,3715,0.468,2,3,5,1,1,0.766,0.799,43.56,0.666,0.757,1
99,3716,0.668,1,2,1,3,2,0.74,0.785,37.44,0.762,0.839,0
45,3717,0.874,2,3,0,1,13,0.818,0.773,30.96,0.751,0.832,1
73,3718,0.525,1,4,0,2,6,0.657,0.716,40.52,0.79,0.798,0
53,3719,0.787,2,5,1,2,8,0.756,0.686,44.22,0.877,0.908,1
30,3720,0.747,1,3,0,3,13,0.767,0.731,34.47,0.917,0.954,1
60,3721,0.947,0,2,2,2,7,0.925,0.799,35.07,0.75,0.915,1
98,3722,0.606,2,4,3,1,10,0.815,0.819,47.23,0.772,0.79,0
32,3723,0.687,3,4,1,2,3,0.865,0.655,31.69,0.979,0.968,1
67,3724,0.734,1,4,4,1,11,0.563,0.621,45.08,0.75,0.888,1
67,3725,0.81,1,1,0,2,12,0.733,0.651,26.75,0.68,0.894,1
28,3726,0.934,2,0,2,1,8,0.935,0.732,22.72,0.978,1.0,1
44,3727,0.814,3,3,1,2,10,0.946,0.906,42.6,0.887,0.828,1
79,3728,0.557,0,2,0,1,4,0.705,0.861,43.09,0.752,0.84,0
41,3729,0.719,3,4,0,2,6,0.859,0.682,38.9,0.852,0.809,1
63,3730,0.64,3,5,0,2,2,0.727,0.571,36.8,1.0,0.904,0
23,3731,0.769,2,2,3,2,4,0.76,0.697,28.44,0.848,0.99,1
75,3732,0.672,0,3,1,3,1,0.625,0.586,46.3,0.759,0.945,0
48,3733,0.777,1,2,1,2,14,0.858,0.88,25.95,0.773,0.869,1
32,3734,0.869,1,3,1,1,13,0.755,0.735,29.59,0.747,0.941,1
57,3735,0.607,1,5,4,1,11,0.704,0.617,49.24,0.596,0.743,0
100,3736,0.884,3,4,0,1,11,0.934,0.659,28.97,0.936,0.857,1
33,3737,0.783,0,0,0,2,1,0.619,0.859,27.28,0.746,0.795,1
24,3738,0.702,1,4,1,1,5,0.823,0.913,46.62,0.836,0.875,0
39,3739,0.332,2,6,0,2,8,0.713,0.727,54.04,0.834,0.654,0
34,3740,0.668,3,6,2,1,3,0.716,0.637,47.28,0.849,0.726,1
56,3741,0.645,1,5,2,1,1,0.709,0.954,46.5,0.691,0.881,0
28,3742,0.764,2,4,2,2,3,0.794,0.668,37.2,0.741,0.826,1
37,3743,0.478,2,0,0,2,14,0.755,0.769,29.55,0.858,0.752,1
7,3744,0.83,2,5,1,2,11,0.831,0.755,44.13,0.674,0.825,1
68,3745,0.802,3,2,0,1,2,0.729,0.765,30.21,0.77,0.77,1
37,3746,0.282,0,2,0,1,9,0.693,0.823,56.46,0.74,0.698,0
56,3747,0.829,2,3,3,1,6,0.868,0.815,35.24,0.784,0.907,1
65,3748,0.69,2,3,4,2,6,0.951,0.816,45.48,0.687,0.849,0
65,3749,0.488,3,3,0,2,5,0.8,0.83,39.7,0.752,0.805,1
47,3750,0.822,1,0,2,3,13,0.858,0.82,27.66,0.812,0.956,1
20,3751,0.786,1,5,1,3,3,0.872,0.75,41.4,0.762,0.845,1
19,3752,0.656,0,2,1,3,10,0.612,0.859,41.81,0.619,0.744,1
29,3753,0.758,3,2,2,1,7,0.943,0.807,36.73,0.9,0.95,1
74,3754,0.79,3,4,1,1,9,0.902,0.93,24.97,0.857,0.809,1
60,3755,0.841,2,0,1,2,8,0.782,0.783,18.27,0.886,0.866,1
18,3756,0.956,0,3,1,3,5,0.605,0.784,47.19,0.717,0.805,1
92,3757,0.908,1,4,2,2,4,0.699,0.86,42.35,0.785,0.951,1
35,3758,0.797,2,3,0,2,4,0.726,0.768,32.53,0.938,0.925,1
43,3759,0.504,3,5,1,1,1,0.656,0.814,48.1,0.755,0.717,1
95,3760,0.633,3,4,3,2,2,0.768,0.756,32.41,0.823,0.856,0
91,3761,0.806,2,6,0,2,12,0.867,0.656,43.61,0.833,0.921,1
11,3762,0.523,2,2,1,2,4,0.686,0.661,41.41,0.615,0.801,0
49,3763,0.398,3,4,1,2,11,0.734,0.779,43.92,0.726,0.754,1
38,3764,0.366,3,3,1,3,4,0.663,0.759,43.94,0.763,0.784,0
64,3765,0.823,1,3,3,2,11,0.705,0.831,37.1,0.767,0.694,0
69,3766,0.437,2,3,0,2,10,0.531,0.805,46.05,0.699,0.67,1
8,3767,0.653,2,5,3,2,1,0.678,0.671,39.53,0.767,0.794,0
34,3768,0.497,2,3,1,2,12,0.654,0.688,38.57,0.69,0.793,1
48,3769,0.694,3,8,0,3,4,0.763,0.652,44.31,0.878,0.871,1
56,3770,0.678,1,6,1,2,4,0.677,0.655,51.18,0.777,0.835,1
76,3771,0.749,2,2,2,2,8,0.807,0.735,38.56,0.85,0.918,1
65,3772,0.74,2,2,1,2,1,0.813,0.722,30.44,0.876,0.8,1
31,3773,0.531,3,6,2,3,14,0.859,0.75,46.41,0.741,0.807,1
4,3774,0.715,1,3,1,2,1,0.724,0.705,35.29,0.748,0.784,1
50,3775,0.883,2,2,2,3,12,0.857,0.746,36.8,0.9,0.933,1
69,3776,0.626,0,2,3,3,3,0.639,0.745,48.32,0.722,0.785,0
30,3777,0.731,1,3,1,3,5,0.775,0.82,48.39,0.776,0.838,0
88,3778,0.879,1,2,1,1,1,0.834,0.736,25.65,0.846,0.909,0
59,3779,0.889,2,3,2,3,8,0.858,0.876,30.49,0.745,1.0,1
67,3780,0.658,3,3,1,2,13,0.909,0.938,30.67,0.949,0.814,1
75,3781,0.385,0,2,1,1,8,0.735,0.71,41.72,0.555,0.683,1
45,3782,0.577,1,5,0,3,5,0.601,0.744,44.51,0.605,0.775,1
4,3783,0.87,1,5,0,2,11,0.74,0.643,46.42,0.798,0.924,1
26,3784,0.748,2,2,3,3,13,0.8,0.775,32.84,0.915,0.858,1
27,3785,0.565,0,5,1,2,3,0.688,0.699,53.58,0.655,0.706,0
46,3786,0.781,3,3,1,2,14,0.873,0.81,27.1,0.935,0.894,1
64,3787,0.829,2,0,1,2,11,0.828,0.822,25.89,0.921,0.842,1
91,3788,0.751,3,4,1,3,5,0.912,0.717,34.88,0.815,0.919,1
51,3789,0.504,2,5,0,2,12,0.873,0.633,49.03,0.783,0.839,0
50,3790,0.772,2,1,2,3,7,0.776,0.901,27.6,0.748,0.8,1
6,3791,0.742,3,3,2,3,2,0.875,0.713,32.26,0.75,0.854,1
59,3792,0.736,3,2,0,2,3,0.862,0.779,25.62,0.97,0.884,1
15,3793,0.959,1,4,0,1,2,0.832,0.689,39.8,0.838,1.0,1
30,3794,0.876,3,1,3,3,12,1.0,0.936,25.19,0.986,0.89,1
42,3795,0.539,2,5,2,3,12,0.745,0.741,43.22,0.815,0.867,1
37,3796,0.501,1,1,0,2,10,0.675,0.612,32.44,0.685,0.673,0
42,3797,0.876,2,6,0,3,12,0.698,0.639,40.22,0.838,0.859,1
35,3798,0.93,1,3,4,2,13,0.779,0.776,31.74,0.742,0.941,1
87,3799,0.805,2,5,3,2,12,0.664,0.702,36.82,0.601,0.855,1
6,3800,0.781,3,1,1,2,10,0.844,0.748,27.06,0.91,0.85,1
68,3801,0.456,0,2,0,3,7,0.699,0.713,37.39,0.635,0.639,1
18,3802,0.529,1,1,4,2,5,0.716,0.729,37.37,0.773,0.768,1
73,3803,0.907,3,2,1,2,2,0.919,0.723,25.91,1.0,1.0,1
29,3804,0.739,2,2,1,1,10,0.912,0.849,35.9,0.867,1.0,1
77,3805,0.747,1,2,1,3,11,0.756,0.822,30.47,0.741,0.811,1
59,3806,0.595,3,5,2,2,4,0.801,0.652,39.77,0.76,0.719,1
47,3807,0.713,3,1,2,2,6,0.779,0.89,19.87,0.745,0.818,1
17,3808,0.949,0,6,1,2,9,0.672,0.643,46.87,0.734,0.889,1
96,3809,0.844,1,4,0,3,12,0.785,0.92,37.67,0.664,0.912,1
22,3810,0.784,3,2,3,2,1,0.851,0.812,14.47,0.869,0.9,1
68,3811,0.52,1,3,2,3,6,0.878,0.776,45.18,0.616,0.754,0
69,3812,0.841,2,2,3,1,6,0.77,0.89,33.4,0.837,0.773,0
37,3813,0.78,1,2,1,1,1,0.702,0.608,40.25,0.69,0.845,1
49,3814,0.752,2,3,2,2,4,0.754,0.829,40.46,0.857,0.922,0
13,3815,0.638,1,4,0,2,12,0.686,0.624,44.26,0.555,0.702,1
34,3816,0.645,2,1,2,3,1,0.762,0.694,40.66,0.811,0.938,0
86,3817,0.338,0,2,0,3,8,0.65,0.634,49.54,0.575,0.833,0
53,3818,0.25,1,1,0,2,1,0.554,0.568,37.25,0.604,0.731,0
87,3819,0.961,1,2,1,1,6,0.986,0.861,34.11,0.774,0.981,1
51,3820,0.644,1,1,0,2,14,0.656,0.719,34.98,0.681,0.721,1
3,3821,0.752,3,7,1,2,6,0.813,0.633,46.28,0.746,0.8,1
42,3822,0.659,3,3,0,1,9,0.756,0.838,27.52,0.902,0.82,1
98,3823,0.797,2,4,1,2,7,0.871,0.772,36.57,0.86,0.872,1
32,3824,0.856,2,3,1,1,12,0.759,0.67,39.14,0.936,0.896,1
51,3825,0.895,1,2,0,2,4,0.823,0.828,29.32,0.752,0.895,1
85,3826,0.768,1,1,2,1,8,0.742,0.694,41.89,0.803,0.898,1
46,3827,0.47,1,5,0,1,10,0.567,0.669,48.1,0.588,0.692,0
21,3828,0.587,2,3,1,2,1,0.702,0.689,35.75,0.81,0.828,1
44,3829,0.509,1,2,1,2,12,0.632,0.608,37.06,0.667,0.671,1
11,3830,0.932,3,5,1,2,5,0.963,0.835,25.95,0.907,1.0,1
68,3831,0.326,2,4,1,3,10,0.726,0.887,53.62,0.765,0.518,1
1,3832,0.745,3,3,0,1,7,0.994,0.66,37.57,0.765,0.851,0
92,3833,0.777,2,2,1,2,2,0.772,0.739,34.3,0.769,0.854,0
63,3834,0.4,2,2,0,2,8,0.749,0.619,40.86,0.718,0.78,1
24,3835,0.554,1,2,2,2,14,0.807,0.735,39.96,0.672,0.802,1
99,3836,0.793,2,2,1,2,11,0.851,0.944,29.03,0.856,0.773,1
13,3837,0.626,3,5,1,3,6,0.587,0.586,34.8,0.685,0.898,1
98,3838,0.781,0,3,2,2,2,0.658,0.718,47.5,0.68,0.799,1
11,3839,0.595,1,3,2,2,11,0.74,0.764,47.19,0.757,0.882,1
100,3840,0.91,1,2,0,2,10,0.732,0.72,28.44,0.816,0.884,1
51,3841,0.872,3,2,1,3,13,0.929,0.593,29.93,0.863,0.958,1
17,3842,0.779,1,3,4,1,12,0.602,0.741,34.44,0.793,0.776,0
99,3843,0.795,3,2,0,2,14,0.76,0.752,27.14,0.911,1.0,1
82,3844,0.45,1,1,1,2,14,0.74,0.792,34.5,0.633,0.709,1
86,3845,0.911,3,1,0,2,6,0.877,0.821,25.27,0.884,0.915,1
24,3846,0.405,2,5,0,2,2,0.865,0.772,43.17,0.759,0.869,0
19,3847,0.823,1,6,0,2,6,0.668,0.773,42.8,0.784,0.826,0
37,3848,0.739,2,1,1,1,10,0.825,0.737,34.5,0.754,0.919,1
85,3849,0.412,3,6,4,1,3,0.72,0.819,45.83,0.782,0.664,0
8,3850,0.921,2,4,2,2,12,0.802,0.585,37.7,0.866,0.963,1
28,3851,0.46,2,0,0,2,1,0.653,0.679,27.33,0.749,0.69,1
5,3852,0.639,1,3,1,3,5,0.666,0.674,39.41,0.687,0.758,1
17,3853,0.679,3,5,1,3,1,0.773,0.792,42.9,0.938,0.87,0
36,3854,0.717,0,4,0,2,7,0.803,0.741,50.49,0.624,0.844,1
19,3855,0.67,1,2,1,3,7,0.732,0.652,28.81,0.629,0.78,1
64,3856,0.89,1,4,0,1,1,0.706,0.638,29.04,0.711,0.812,1
91,3857,0.673,1,4,0,2,13,0.714,0.631,55.28,0.769,0.803,1
98,3858,0.78,2,2,0,2,3,0.766,0.823,31.29,0.692,0.823,1
11,3859,0.593,2,3,0,1,12,0.82,0.839,35.71,0.677,0.816,0
54,3860,0.635,2,4,0,2,13,0.813,0.756,42.56,0.753,0.8,0
45,3861,0.556,0,1,4,3,9,0.747,0.737,33.94,0.655,0.827,1
47,3862,0.685,1,4,3,2,11,0.713,0.756,42.87,0.749,0.9,1
12,3863,0.874,3,4,0,3,4,0.804,0.766,27.76,1.0,0.953,1
21,3864,0.771,3,2,1,2,10,0.865,0.717,22.56,0.849,0.864,1
11,3865,0.553,1,5,0,2,4,0.648,0.597,45.72,0.774,0.725,0
92,3866,0.827,2,2,0,2,6,1.0,0.837,21.37,0.848,1.0,1
5,3867,0.463,1,2,1,2,14,0.749,0.857,32.1,0.717,0.842,1
81,3868,0.707,3,5,2,3,3,0.758,0.666,38.91,0.854,0.858,0
56,3869,0.819,3,2,3,3,12,0.946,0.887,18.19,0.844,0.987,1
20,3870,0.358,1,0,0,1,1,0.712,0.837,40.6,0.707,0.661,1
41,3871,0.9,2,2,2,3,10,0.763,0.779,32.47,0.765,0.887,1
46,3872,0.527,1,2,4,1,8,0.676,0.688,42.38,0.654,0.812,0
12,3873,0.767,0,6,1,2,6,0.7,0.713,56.0,0.604,0.753,1
70,3874,0.739,2,2,0,2,4,0.798,0.783,35.72,0.815,0.777,1
17,3875,0.927,2,3,2,2,4,0.926,0.773,27.81,0.815,0.92,0
19,3876,0.889,2,8,0,2,9,0.831,0.71,33.84,0.881,0.911,1
26,3877,0.508,2,5,0,2,14,0.828,0.674,46.75,0.761,0.809,1
48,3878,0.874,3,3,0,1,8,0.935,0.729,26.94,0.888,1.0,1
52,3879,0.814,2,2,2,2,7,0.674,0.638,34.02,0.921,0.85,1
96,3880,0.864,2,0,2,1,3,0.924,0.757,18.48,0.857,0.89,1
70,3881,0.479,2,3,0,2,10,0.861,0.828,38.56,0.885,0.819,1
55,3882,0.756,1,5,4,1,10,0.787,0.825,36.8,0.708,0.718,0
100,3883,0.915,2,3,0,2,8,0.925,0.697,38.85,0.944,0.982,1
75,3884,0.895,3,2,0,3,10,0.96,0.866,33.35,0.921,0.982,1
33,3885,0.765,1,1,1,2,5,0.848,0.935,31.46,0.798,0.868,1
62,3886,0.939,3,6,1,2,13,0.956,0.78,37.41,0.929,1.0,1
88,3887,0.727,2,6,1,1,10,0.592,0.729,39.53,0.757,0.889,1
23,3888,0.789,2,6,2,1,5,0.855,0.733,49.56,0.91,0.949,1
15,3889,0.742,3,3,0,2,4,0.909,0.735,34.9,0.953,0.826,1
27,3890,0.494,2,2,3,3,14,0.616,0.581,44.66,0.885,0.696,1
75,3891,0.825,0,1,2,2,12,0.862,0.82,31.96,0.708,0.926,1
64,3892,0.649,2,1,1,1,2,0.867,0.818,23.17,0.776,0.843,1
81,3893,0.647,3,3,2,2,2,0.826,0.734,40.89,0.816,0.761,1
51,3894,0.751,1,4,0,1,14,0.797,0.824,39.31,0.754,0.874,1
53,3895,0.677,0,2,1,2,10,0.721,0.696,45.77,0.743,0.728,1
78,3896,0.875,1,5,3,3,8,0.785,0.635,38.57,0.79,0.927,1
91,3897,0.717,1,5,0,2,6,0.719,0.66,46.8,0.744,0.796,1
82,3898,0.653,3,3,1,2,13,0.74,0.702,29.6,0.884,0.84,1
92,3899,0.783,0,2,2,2,14,0.628,0.75,42.15,0.854,0.848,1
51,3900,0.92,3,4,3,1,7,0.909,0.895,28.96,1.0,1.0,1
47,3901,0.731,3,3,0,1,2,0.967,0.82,33.49,0.904,0.841,0
4,3902,0.884,3,1,1,2,1,1.0,0.797,22.06,0.808,0.928,1
7,3903,0.721,0,4,2,1,4,0.659,0.713,40.22,0.634,0.79,1
35,3904,0.557,2,1,0,1,4,0.815,0.702,25.52,0.731,0.87,1
48,3905,0.473,3,0,3,2,11,0.883,0.828,30.0,0.717,0.823,1
73,3906,0.274,1,1,1,2,14,0.767,0.896,45.35,0.519,0.774,1
72,3907,0.986,0,2,1,1,12,0.849,0.643,38.86,0.808,0.851,1
45,3908,0.756,3,4,1,3,12,0.977,0.731,33.88,0.839,0.932,1
81,3909,0.405,2,3,1,3,8,0.694,0.59,40.42,0.718,0.741,1
81,3910,0.567,2,1,0,2,2,0.774,0.862,36.09,0.813,0.761,1
97,3911,0.57,3,5,1,3,11,0.867,0.644,40.59,0.709,0.823,0
96,3912,0.766,2,3,0,2,9,0.788,0.747,41.73,0.715,0.855,1
72,3913,0.827,1,2,1,2,14,0.801,0.755,42.48,0.649,0.853,1
19,3914,0.688,2,2,0,2,6,0.735,0.685,31.21,0.809,0.845,1
63,3915,0.717,1,4,2,1,9,0.926,0.813,45.07,0.811,0.881,1
38,3916,0.749,1,5,2,2,10,0.663,0.727,57.07,0.852,0.811,1
67,3917,0.918,2,7,1,3,2,0.694,0.678,53.07,0.943,0.929,0
59,3918,0.824,1,6,2,2,1,0.728,0.576,43.93,0.753,0.895,1
69,3919,0.374,3,5,0,1,1,0.784,0.654,37.82,0.86,0.752,1
13,3920,0.848,0,0,0,3,2,0.716,0.703,37.63,0.605,0.822,1
47,3921,0.795,2,3,2,2,4,0.806,0.871,37.61,0.684,0.794,1
61,3922,0.831,2,3,1,2,8,0.928,0.885,31.84,0.79,0.961,1
31,3923,0.68,2,6,1,3,1,0.757,0.613,44.14,0.887,0.812,1
80,3924,0.934,2,2,0,3,11,0.871,0.795,26.48,0.916,0.93,1
96,3925,0.75,2,2,2,1,9,0.86,0.953,35.85,0.855,0.833,1
22,3926,0.655,3,2,1,2,13,0.995,0.997,29.37,0.85,0.952,1
93,3927,0.677,1,5,1,3,11,0.599,0.669,39.42,0.72,0.774,0
86,3928,0.771,2,5,0,3,12,0.846,0.757,38.67,0.864,0.928,1
43,3929,0.861,3,4,5,3,1,0.958,0.923,23.3,0.891,0.927,0
67,3930,0.734,1,5,0,3,10,0.838,0.654,43.94,0.683,0.884,1
54,3931,0.615,3,6,0,3,6,0.818,0.747,40.12,0.863,0.874,1
10,3932,0.791,2,4,0,2,3,0.743,0.758,28.38,0.846,0.84,0
42,3933,0.72,2,3,0,1,10,0.722,0.695,32.6,0.9,0.817,1
64,3934,0.759,1,0,1,1,14,0.837,0.605,30.64,0.767,0.838,1
21,3935,0.543,3,4,1,3,13,0.839,0.764,43.66,0.815,0.795,1
80,3936,0.755,0,4,1,2,9,0.634,0.674,32.07,0.706,0.795,1
76,3937,0.832,2,1,2,2,8,0.813,0.791,23.2,0.899,0.903,1
66,3938,0.934,2,5,2,2,1,0.787,0.662,41.42,0.916,1.0,1
41,3939,0.441,3,2,0,1,11,0.71,0.65,28.76,0.728,0.717,1
24,3940,0.566,1,2,0,1,8,0.721,0.757,53.02,0.642,0.742,1
35,3941,0.838,0,1,2,2,4,0.735,0.7,26.79,0.746,0.88,1
56,3942,0.797,3,4,1,2,7,0.868,0.719,32.36,0.86,0.902,1
30,3943,0.819,2,0,0,2,14,0.861,0.841,28.17,0.728,0.9,1
57,3944,0.67,1,4,1,1,10,0.712,0.789,43.59,0.902,0.924,1
94,3945,0.766,0,3,1,1,10,0.551,0.674,47.52,0.594,0.807,1
47,3946,0.479,2,5,0,2,10,0.831,0.743,46.39,0.799,0.918,0
35,3947,0.8,2,3,2,1,13,0.676,0.726,29.44,0.805,0.951,1
19,3948,0.575,3,3,1,2,4,0.773,0.75,38.0,0.838,0.824,1
8,3949,0.835,0,2,0,1,7,0.682,0.826,23.83,0.707,0.82,1
26,3950,0.509,3,2,1,3,8,0.953,0.795,27.47,0.738,0.813,0
71,3951,0.675,3,2,2,1,4,0.748,0.664,28.72,0.884,0.822,0
30,3952,0.689,2,0,1,3,2,0.919,0.744,26.01,0.699,0.81,1
7,3953,0.994,0,3,1,2,2,0.763,0.757,43.44,0.805,0.885,0
67,3954,0.995,3,3,1,2,6,0.751,0.75,25.5,0.962,0.985,1
65,3955,0.479,0,3,1,2,1,0.536,0.58,44.1,0.67,0.665,1
36,3956,0.762,2,5,1,2,3,0.728,0.68,48.47,0.814,0.898,1
25,3957,0.698,2,2,1,1,4,0.847,0.694,29.47,0.97,0.919,1
37,3958,0.424,3,1,3,3,12,0.77,0.716,35.21,1.0,0.761,1
1,3959,0.88,2,1,4,2,5,0.974,0.716,22.59,0.795,0.977,1
15,3960,0.828,2,1,0,1,10,0.972,0.888,20.56,0.827,0.959,1
37,3961,0.636,3,2,2,3,13,0.819,0.698,39.93,0.831,0.863,1
13,3962,0.614,3,5,1,3,13,0.736,0.698,51.57,0.659,0.787,1
8,3963,0.883,2,3,1,3,1,0.911,0.741,36.03,0.809,0.915,1
5,3964,0.757,2,8,3,1,1,0.567,0.72,49.36,0.844,0.922,0
60,3965,0.775,3,2,1,2,12,0.977,0.87,30.62,1.0,0.858,1
73,3966,0.81,3,5,3,2,6,0.822,0.814,38.72,0.754,0.983,1
1,3967,0.911,1,5,1,3,1,0.936,0.716,43.34,0.972,0.983,1
36,3968,0.876,2,1,0,2,5,0.889,0.832,26.33,0.822,0.93,1
35,3969,0.427,1,0,3,2,1,0.681,0.781,37.73,0.726,0.67,1
66,3970,0.656,2,6,1,3,1,0.704,0.723,44.86,0.742,0.881,1
63,3971,0.618,3,3,0,2,14,0.832,0.738,35.45,0.898,0.948,1
23,3972,0.887,1,1,0,2,7,0.886,0.869,34.33,0.745,0.843,1
9,3973,0.527,1,3,3,2,14,0.602,0.744,48.52,0.66,0.731,1
34,3974,0.688,2,5,1,2,8,0.833,0.803,41.4,0.753,0.865,1
46,3975,0.906,3,5,1,2,3,0.81,0.88,37.23,0.789,0.761,0
78,3976,0.399,2,3,1,1,6,0.761,0.754,47.09,0.618,0.675,1
4,3977,0.772,1,1,1,3,7,0.903,0.878,38.97,0.742,0.963,1
30,3978,0.701,1,1,1,1,5,0.817,0.836,25.82,0.764,0.824,1
95,3979,0.809,2,2,1,1,2,0.765,0.816,33.33,0.864,0.901,1
75,3980,0.809,2,6,1,1,2,0.918,0.754,43.14,0.916,0.877,1
99,3981,0.471,2,4,0,1,5,0.784,0.793,33.59,0.691,0.717,1
72,3982,0.89,2,4,2,3,12,0.712,0.694,38.84,0.826,1.0,1
3,3983,0.831,2,3,1,3,12,0.887,0.679,38.75,0.888,0.86,1
14,3984,0.568,2,3,0,2,8,0.721,0.566,36.51,0.682,0.753,1
60,3985,0.539,3,3,2,2,10,0.833,0.813,34.18,0.732,0.788,1
77,3986,0.319,3,1,2,2,11,0.68,0.766,34.0,0.77,0.572,1
45,3987,0.607,1,3,0,2,8,0.559,0.731,38.51,0.746,0.727,0
96,3988,0.747,2,4,1,2,7,0.786,0.887,37.05,0.799,0.924,1
34,3989,0.935,2,3,1,3,12,0.907,0.684,29.62,0.854,0.989,1
45,3990,0.692,1,2,0,1,3,0.823,0.606,31.29,0.724,0.915,1
61,3991,0.66,2,1,3,3,14,0.835,0.66,32.8,0.828,0.85,1
83,3992,0.559,2,2,1,2,1,0.849,0.836,34.2,0.82,0.85,1
16,3993,0.827,2,4,2,3,11,0.838,0.63,38.96,0.843,0.91,0
66,3994,0.852,0,3,1,2,9,0.618,0.671,50.64,0.739,0.816,1
40,3995,0.806,1,1,1,1,11,0.802,0.713,34.47,0.698,0.893,1
17,3996,0.381,0,5,1,2,2,0.577,0.558,60.73,0.54,0.627,0
34,3997,0.868,2,3,1,3,8,0.759,0.747,32.69,0.84,0.997,1
16,3998,0.829,3,2,2,2,10,1.0,0.855,30.31,0.897,0.914,1
60,3999,0.955,2,4,1,3,14,0.873,0.712,31.15,0.812,0.881,0
66,4000,0.73,2,5,2,3,9,0.703,0.623,44.06,0.785,0.915,0
66,4001,0.873,0,0,0,2,13,0.673,0.775,38.12,0.697,0.923,1
90,4002,0.748,2,4,1,2,10,0.774,0.761,34.4,0.786,0.853,0
13,4003,0.769,2,1,3,2,9,0.799,0.753,26.94,0.816,0.871,1
56,4004,0.771,0,7,4,3,13,0.793,0.73,62.19,0.678,0.866,0
31,4005,0.581,2,2,2,2,7,0.762,0.916,36.02,0.754,0.777,1
34,4006,0.6,1,3,2,3,4,0.861,0.754,38.7,0.731,0.834,0
39,4007,0.664,2,3,2,1,12,0.826,0.768,32.48,0.862,0.76,1
67,4008,0.937,2,2,1,2,10,0.931,0.856,28.71,0.815,0.878,1
8,4009,0.817,3,3,2,2,2,0.892,0.762,24.19,0.835,0.891,1
87,4010,0.687,1,5,4,2,2,0.658,0.72,48.32,0.825,0.8,0
78,4011,0.65,0,4,0,2,2,0.618,0.614,46.5,0.621,0.798,0
55,4012,0.415,3,3,0,2,2,0.734,0.836,37.41,0.817,0.792,1
27,4013,0.938,1,2,2,2,14,0.728,0.66,33.59,0.729,0.931,1
93,4014,0.71,2,4,1,1,6,0.87,0.837,36.73,0.805,0.807,1
53,4015,0.708,1,6,1,2,12,0.869,0.836,59.27,0.704,0.849,1
39,4016,0.903,2,2,3,3,1,0.998,0.705,34.26,0.817,0.926,1
65,4017,0.955,2,4,0,1,7,0.796,0.664,38.7,0.813,0.822,1
17,4018,0.695,2,6,2,2,4,0.838,0.778,42.76,0.725,0.772,1
30,4019,0.337,0,6,1,2,12,0.525,0.702,57.45,0.646,0.569,0
53,4020,0.491,3,1,0,1,7,0.74,0.633,29.49,0.864,0.824,1
13,4021,0.774,2,4,1,2,8,0.735,0.702,40.28,0.782,0.929,1
21,4022,0.358,2,4,2,2,7,0.605,0.742,47.79,0.742,0.64,0
19,4023,0.932,2,2,1,3,13,0.837,0.69,31.23,0.927,0.942,0
53,4024,0.673,3,3,2,3,10,0.909,0.766,37.77,0.838,1.0,1
19,4025,0.619,3,2,1,1,8,0.851,0.709,28.57,0.986,0.902,1
57,4026,0.912,1,1,0,2,14,0.61,0.615,34.23,0.721,0.812,1
25,4027,0.835,2,1,2,3,4,0.783,0.832,20.52,0.718,0.771,1
86,4028,0.854,2,2,2,3,6,0.78,0.735,36.82,0.772,0.98,1
31,4029,0.848,3,1,2,3,12,1.0,0.864,28.77,1.0,1.0,0
81,4030,0.782,0,1,1,3,6,0.635,0.811,39.0,0.735,0.783,1
55,4031,0.909,1,1,0,2,12,0.8,0.827,30.5,0.651,0.859,1
23,4032,0.934,2,1,1,2,12,0.933,0.766,27.64,0.788,0.991,1
32,4033,0.952,2,3,1,2,12,0.781,0.829,28.75,0.922,0.916,1
62,4034,0.515,1,0,1,1,4,0.715,0.796,31.54,0.712,0.649,1
74,4035,0.464,1,4,0,2,5,0.767,0.715,45.66,0.788,0.782,0
10,4036,0.74,2,2,3,3,3,0.904,0.647,30.59,0.832,0.767,0
100,4037,0.641,0,5,0,1,9,0.715,0.695,52.44,0.695,0.791,1
72,4038,0.252,1,2,1,2,12,0.666,0.607,47.25,0.576,0.644,0
54,4039,0.811,2,4,1,1,5,0.774,0.734,40.9,0.746,0.799,0
52,4040,0.863,3,3,3,1,6,0.742,0.753,29.17,0.85,0.815,1
20,4041,0.66,2,3,2,1,8,0.918,0.741,37.17,0.96,0.931,1
32,4042,0.896,2,4,2,2,12,0.866,0.713,38.67,0.773,0.844,1
14,4043,0.521,0,0,2,3,14,0.761,0.756,40.98,0.632,0.691,0
50,4044,0.561,3,1,3,1,7,0.736,0.704,22.73,0.706,0.827,0
28,4045,0.758,1,1,1,2,10,0.662,0.647,38.42,0.842,0.873,0
53,4046,0.8,1,3,0,3,11,0.829,0.669,36.66,0.641,0.884,1
24,4047,0.606,0,4,1,3,7,0.566,0.743,44.57,0.609,0.805,0
79,4048,0.744,2,3,2,1,8,0.76,0.856,38.23,0.917,0.911,1
22,4049,0.579,2,1,1,2,2,0.844,0.773,27.58,0.87,0.867,1
30,4050,0.971,3,1,1,2,14,0.894,0.848,11.7,1.0,1.0,1
63,4051,0.697,1,3,0,3,14,0.69,0.625,46.9,0.753,0.756,1
4,4052,0.477,3,3,3,1,3,0.828,0.668,32.09,0.797,0.816,1
77,4053,0.957,2,2,2,3,3,0.789,0.744,30.13,0.73,0.951,1
59,4054,0.653,1,4,1,2,10,0.764,0.775,38.29,0.77,0.668,1
87,4055,0.803,2,1,1,1,4,0.793,0.757,16.55,0.763,0.869,1
8,4056,0.38,2,1,0,2,11,0.729,0.769,25.61,0.859,0.792,1
82,4057,0.899,2,4,2,2,7,0.849,0.744,37.46,0.833,0.993,1
12,4058,0.667,1,4,1,1,13,0.585,0.749,45.64,0.712,0.768,1
31,4059,0.674,3,3,1,2,3,0.912,0.764,36.25,0.831,0.935,1
78,4060,0.753,1,3,0,3,2,0.664,0.914,33.3,0.901,0.861,1
34,4061,0.853,3,2,2,2,8,0.943,0.77,21.99,0.985,1.0,1
82,4062,0.788,2,3,2,2,7,0.78,0.8,33.89,0.832,0.9,1
98,4063,0.567,2,4,0,2,13,0.7,0.68,44.16,0.74,0.789,1
75,4064,0.613,0,6,2,1,9,0.645,0.623,55.86,0.61,0.812,0
76,4065,0.654,2,2,1,2,3,0.774,0.576,41.45,0.787,0.778,1
49,4066,0.423,2,5,1,3,8,0.616,0.628,45.07,0.681,0.629,0
79,4067,0.639,1,6,1,3,4,0.649,0.603,36.64,0.726,0.769,0
57,4068,0.663,1,1,0,2,3,0.682,0.729,36.01,0.88,0.686,1
95,4069,0.442,1,1,1,2,5,0.588,0.644,44.16,0.651,0.68,1
93,4070,0.323,0,2,1,3,6,0.588,0.74,55.12,0.655,0.729,0
26,4071,0.648,1,4,2,3,5,0.537,0.61,47.72,0.692,0.895,0
18,4072,0.894,0,1,1,3,7,0.807,0.797,30.32,0.743,0.907,0
96,4073,0.9,2,7,1,2,12,0.799,0.77,49.65,0.877,0.894,0
86,4074,0.858,2,2,0,1,9,0.747,0.76,36.33,0.871,0.843,1
38,4075,0.835,3,6,0,3,12,0.812,0.877,42.22,0.78,0.768,1
81,4076,0.767,1,4,0,2,3,0.873,0.685,48.5,0.763,0.935,1
87,4077,0.568,2,5,2,3,13,0.687,0.651,45.32,0.715,0.816,0
88,4078,0.637,2,3,3,1,1,0.842,0.874,34.16,0.782,0.849,0
50,4079,0.862,2,0,1,2,2,0.839,0.837,18.76,0.921,0.956,0
8,4080,0.871,2,2,2,3,13,0.742,0.66,35.01,0.818,0.827,0
41,4081,0.922,2,6,1,1,5,0.717,0.745,43.51,0.929,0.875,1
6,4082,0.767,0,5,0,3,10,0.685,0.779,50.86,0.766,0.871,1
69,4083,0.722,0,3,0,2,7,0.771,0.688,37.88,0.639,0.824,0
44,4084,0.685,0,3,3,2,2,0.71,0.797,47.26,0.773,0.758,1
64,4085,0.711,1,0,0,2,12,0.885,0.804,30.51,0.741,0.833,1
29,4086,0.818,2,3,2,2,11,0.803,0.731,22.34,0.819,1.0,1
28,4087,0.958,2,5,0,2,10,0.891,0.867,40.11,0.841,0.952,1
11,4088,0.665,2,1,2,2,4,0.752,0.77,36.06,0.837,0.797,1
65,4089,0.371,1,3,2,1,1,0.659,0.705,40.24,0.775,0.626,0
19,4090,0.68,2,2,2,2,14,0.729,0.707,27.64,0.796,0.766,1
9,4091,0.716,1,3,3,2,1,0.619,0.747,46.59,0.855,0.909,1
27,4092,0.9,0,2,1,1,1,0.782,0.717,36.4,0.855,1.0,1
34,4093,0.854,2,4,0,2,13,0.78,0.758,41.88,0.765,0.95,1
44,4094,0.456,2,0,3,2,12,0.691,0.796,39.4,0.789,0.821,1
68,4095,0.671,2,1,0,3,8,0.73,0.762,38.48,0.765,0.809,1
100,4096,0.477,1,4,1,3,3,0.457,0.644,50.98,0.669,0.693,1
82,4097,0.764,3,1,2,2,2,0.713,0.579,18.99,0.791,0.867,1
15,4098,0.853,3,8,4,3,7,0.713,0.757,42.11,0.838,0.836,1
51,4099,0.76,2,0,1,1,2,0.917,0.63,31.46,0.811,0.9,1
13,4100,0.589,3,3,2,2,5,0.82,0.876,37.24,0.803,0.796,1
83,4101,0.818,1,2,1,2,7,0.812,0.848,34.84,0.791,0.839,0
49,4102,0.732,2,4,1,2,12,0.786,0.745,41.09,0.863,0.658,1
70,4103,0.69,3,5,1,3,9,0.714,0.609,45.03,0.797,0.83,0
56,4104,0.886,2,3,2,2,14,0.762,0.682,39.21,0.814,0.836,0
76,4105,0.701,2,6,1,3,10,0.635,0.671,52.27,0.81,0.789,0
51,4106,0.423,0,2,3,3,9,0.704,0.712,43.22,0.664,0.697,0
37,4107,0.575,1,2,1,2,9,0.619,0.708,43.15,0.691,0.803,1
17,4108,0.974,1,5,1,2,4,0.783,0.693,32.11,0.879,0.969,1
58,4109,0.907,2,1,1,3,4,0.946,0.792,26.32,0.861,1.0,1
87,4110,0.734,1,2,1,3,8,0.655,0.733,33.78,0.624,0.808,1
90,4111,0.658,0,6,2,3,13,0.557,0.699,63.28,0.579,0.826,1
29,4112,0.787,2,1,2,2,6,0.672,0.794,26.22,0.733,0.949,0
33,4113,0.831,2,6,2,3,3,0.765,0.629,33.32,0.929,0.954,0
60,4114,0.575,2,3,2,2,5,0.7,0.62,25.58,0.784,0.809,1
91,4115,0.696,3,3,3,3,2,0.838,0.64,26.97,0.751,0.911,1
89,4116,0.785,2,0,1,2,2,0.871,0.896,25.13,0.895,0.9,1
55,4117,0.686,1,1,0,3,13,0.691,0.693,40.06,0.664,0.752,1
10,4118,0.803,2,1,3,2,4,0.834,0.828,21.19,0.717,0.87,1
47,4119,0.904,0,3,1,3,10,0.77,0.726,39.79,0.73,0.845,1
23,4120,0.718,2,1,0,2,7,0.741,0.583,28.75,0.778,0.882,0
85,4121,0.525,2,2,1,2,4,0.803,0.854,29.53,0.669,0.833,0
21,4122,0.522,2,1,1,2,13,0.81,0.761,33.9,0.817,0.863,1
13,4123,0.815,1,5,1,2,5,0.782,1.0,39.17,0.803,0.873,0
33,4124,0.694,1,5,1,3,10,0.699,0.66,44.62,0.809,0.843,0
24,4125,0.834,2,9,1,1,9,0.758,0.739,55.7,0.828,0.829,1
11,4126,0.781,1,1,0,2,14,0.771,0.864,35.06,0.661,0.846,1
17,4127,0.855,3,1,0,3,3,0.893,0.746,23.07,0.956,0.941,1
68,4128,0.853,3,1,2,2,12,0.876,0.852,21.72,0.904,0.959,1
47,4129,0.773,2,0,2,1,8,0.795,0.998,23.01,0.844,0.849,1
25,4130,0.6,3,3,0,3,3,0.801,0.848,38.88,0.844,0.703,0
94,4131,0.454,2,1,1,2,3,0.862,0.923,35.55,0.8,0.765,1
73,4132,0.602,1,0,1,2,13,0.735,0.948,41.02,0.735,0.813,1
21,4133,0.805,2,3,2,2,13,0.861,0.768,32.11,0.854,0.883,1
84,4134,0.908,1,2,3,1,13,0.873,0.767,32.61,0.814,0.954,1
83,4135,0.984,2,3,0,2,4,0.912,0.825,27.61,0.918,0.987,1
83,4136,0.719,0,3,0,2,11,0.814,0.696,53.58,0.715,0.793,1
12,4137,0.591,3,5,1,2,11,0.819,0.711,48.39,0.924,0.759,1
37,4138,0.587,2,3,0,3,6,0.824,0.713,30.16,0.753,0.783,1
42,4139,0.561,0,4,0,1,5,0.749,0.613,58.0,0.673,0.822,1
17,4140,0.697,3,1,2,3,9,0.816,0.741,20.26,0.84,0.786,0
48,4141,0.919,3,3,0,2,13,0.87,0.709,31.74,0.778,0.953,1
28,4142,0.957,3,4,3,2,7,0.936,0.805,35.25,0.871,1.0,1
41,4143,0.906,2,2,0,1,13,0.758,0.712,14.59,0.847,0.968,1
99,4144,0.866,2,3,0,3,10,0.9,0.822,28.52,0.997,0.973,1
47,4145,0.758,1,3,2,3,5,0.641,0.756,38.6,0.668,0.875,1
18,4146,0.642,1,2,1,3,7,0.708,0.597,38.58,0.706,0.806,0
78,4147,0.769,1,4,4,1,12,0.735,0.707,48.91,0.781,0.884,1
99,4148,0.897,1,6,0,2,8,0.625,0.566,47.74,0.85,0.825,1
71,4149,0.904,1,2,2,3,3,0.773,0.791,31.86,0.827,0.941,1
13,4150,0.8,2,2,1,2,5,0.717,0.76,37.72,0.767,0.816,1
82,4151,0.677,1,3,1,2,7,0.634,0.672,37.64,0.714,0.763,0
13,4152,0.911,1,2,2,1,9,0.904,0.823,23.68,0.777,0.955,1
100,4153,0.936,2,5,2,1,3,0.793,0.651,40.24,0.697,0.908,1
31,4154,0.839,0,3,2,2,11,0.804,0.759,39.7,0.815,0.815,1
2,4155,0.825,1,3,2,2,9,0.784,0.763,30.16,0.82,0.888,1
16,4156,0.7,2,4,0,3,10,0.806,0.783,38.06,0.822,0.728,1
9,4157,0.827,1,6,0,3,14,0.702,0.68,50.38,0.689,0.803,0
73,4158,0.597,3,2,1,2,7,0.704,0.72,27.46,0.873,0.763,0
38,4159,0.924,2,4,4,3,1,0.963,0.856,45.02,0.956,0.945,1
75,4160,0.489,2,3,1,2,12,0.788,0.735,46.25,0.725,0.876,1
54,4161,0.678,1,5,0,3,1,0.681,0.718,49.3,0.764,0.837,0
56,4162,0.802,1,2,1,3,6,0.712,0.756,33.48,0.727,0.837,1
86,4163,0.697,2,1,1,2,2,0.65,0.704,30.6,0.699,0.848,1
97,4164,0.615,3,4,3,1,5,0.754,0.732,35.2,0.86,0.777,0
100,4165,0.916,2,6,1,3,7,0.892,0.688,39.08,0.741,0.914,0
87,4166,0.463,2,1,2,1,5,0.802,0.782,34.01,0.706,0.707,0
45,4167,0.636,1,2,2,3,11,0.716,0.737,41.33,0.698,0.744,0
34,4168,0.924,2,3,0,2,13,0.735,0.633,27.06,0.824,0.971,1
9,4169,0.787,1,1,2,2,13,0.815,0.788,34.96,0.689,0.89,1
88,4170,0.71,1,0,0,3,1,0.781,0.636,24.26,0.819,1.0,0
8,4171,0.633,2,1,0,3,8,0.773,0.772,26.72,0.784,0.736,1
7,4172,0.551,1,3,0,1,3,0.704,0.732,47.31,0.799,0.685,0
36,4173,0.942,2,3,0,2,11,0.802,0.696,26.74,0.83,0.936,1
18,4174,0.845,3,2,3,3,1,0.828,0.733,19.39,0.867,0.81,1
3,4175,0.77,1,2,1,2,12,0.853,0.7,33.6,0.738,0.832,1
28,4176,0.749,1,2,1,3,12,0.806,0.761,32.36,0.853,0.81,1
70,4177,0.93,1,1,1,2,7,0.758,0.713,35.9,0.89,0.985,1
44,4178,0.852,1,2,1,3,4,0.602,0.76,38.99,0.783,0.725,1
21,4179,0.509,2,3,0,3,14,0.792,0.787,35.88,0.7,0.728,1
28,4180,0.799,1,2,2,2,1,0.808,0.769,40.77,0.736,0.842,1
54,4181,0.308,2,4,1,2,5,0.703,0.721,39.85,0.784,0.765,0
54,4182,0.873,2,2,1,2,10,0.895,0.7,27.83,0.838,0.891,1
65,4183,0.859,0,1,1,2,7,0.721,0.729,36.2,0.717,0.809,1
100,4184,0.682,2,4,1,2,4,0.687,0.616,41.65,0.832,0.846,1
21,4185,0.779,3,0,2,2,13,0.73,0.67,21.79,0.881,0.839,1
99,4186,0.802,0,3,0,3,4,0.555,0.805,39.24,0.651,0.785,1
13,4187,0.518,2,2,1,2,2,0.781,0.91,39.27,0.76,0.794,0
57,4188,0.473,2,5,1,3,7,0.732,0.598,43.02,0.717,0.889,0
49,4189,0.894,2,3,0,2,8,0.946,0.765,41.01,0.966,0.938,1
54,4190,0.958,1,6,2,2,7,0.793,0.759,34.48,0.722,0.938,1
10,4191,0.781,3,3,0,2,5,0.774,0.785,23.98,0.838,0.835,1
53,4192,0.381,2,4,2,2,12,0.726,0.747,59.93,0.694,0.679,1
44,4193,0.337,2,5,1,2,1,0.74,0.781,43.65,0.698,0.834,0
47,4194,0.714,2,4,1,2,14,0.776,0.808,38.06,0.845,0.744,1
53,4195,0.719,3,4,2,3,4,0.884,0.732,32.76,0.986,0.978,0
74,4196,0.764,3,6,0,2,11,0.907,0.804,39.92,0.889,0.888,1
46,4197,0.933,3,4,0,3,1,1.0,0.874,19.33,0.869,1.0,1
13,4198,0.635,1,2,1,1,1,0.75,0.745,37.64,0.548,0.694,1
37,4199,0.812,1,2,1,2,2,0.677,0.861,30.51,0.671,0.844,0
24,4200,0.387,2,4,1,2,13,0.772,0.611,48.4,0.845,0.652,1
2,4201,0.743,0,4,3,2,2,0.697,0.6,44.12,0.586,0.909,0
86,4202,0.927,2,1,0,1,1,0.97,0.791,26.5,0.875,1.0,0
81,4203,0.896,1,3,3,3,2,0.816,0.716,35.85,0.753,0.9,0
100,4204,0.576,2,3,1,2,5,0.753,0.549,37.04,0.699,0.757,1
14,4205,0.913,2,3,0,2,1,0.853,0.697,35.66,0.962,0.987,1
10,4206,0.464,2,2,1,3,12,0.749,0.762,36.5,0.796,0.769,1
35,4207,0.519,1,3,3,3,14,0.664,0.759,40.17,0.695,0.894,1
25,4208,0.762,3,2,1,2,6,0.879,0.792,35.06,0.833,0.927,1
3,4209,0.347,2,5,1,2,2,0.66,0.659,46.48,0.663,0.704,0
17,4210,0.581,2,3,1,3,9,0.613,0.679,46.13,0.714,0.802,1
12,4211,0.662,2,4,1,1,6,0.719,0.796,25.47,0.744,0.75,1
54,4212,0.928,2,0,0,2,1,0.865,0.912,34.74,0.788,0.901,1
24,4213,0.747,1,4,0,2,12,0.786,0.766,41.1,0.771,0.943,0
29,4214,0.744,1,3,4,2,3,0.737,0.712,41.26,0.787,0.935,1
43,4215,0.772,3,1,1,2,2,0.909,0.835,25.3,0.809,0.978,1
25,4216,0.628,1,4,2,3,13,0.55,0.668,38.88,0.64,0.761,1
100,4217,0.781,2,2,2,2,7,0.817,0.972,29.18,0.829,0.838,1
60,4218,0.647,1,5,2,1,12,0.713,0.756,48.98,0.754,0.827,1
90,4219,0.426,2,4,0,3,4,0.679,0.874,41.32,0.649,0.683,1
65,4220,0.849,1,0,2,2,3,0.672,0.712,19.98,0.913,0.919,1
84,4221,0.787,2,2,0,2,14,0.84,0.756,41.02,0.788,0.859,1
28,4222,0.658,3,3,0,1,12,0.891,0.793,34.0,0.897,0.99,1
16,4223,0.558,2,2,3,2,2,0.85,0.758,45.61,0.702,0.877,0
47,4224,0.851,2,5,0,2,5,0.75,0.618,45.18,0.891,0.873,1
81,4225,0.613,2,2,1,2,4,0.772,0.851,36.91,0.866,0.879,1
92,4226,0.627,2,3,0,3,6,1.0,0.816,46.13,0.935,0.902,1
58,4227,0.56,0,1,4,2,14,0.688,0.728,41.89,0.646,0.682,1
76,4228,0.632,1,3,1,3,9,0.723,0.796,42.65,0.677,0.888,1
27,4229,0.859,2,2,1,2,9,0.943,0.873,24.09,0.817,0.926,1
53,4230,0.985,3,4,2,2,4,0.926,0.676,30.57,0.896,0.966,1
42,4231,0.693,2,3,1,3,6,0.737,0.643,34.63,0.836,0.908,1
59,4232,0.561,2,3,1,2,13,0.735,0.773,43.23,0.669,0.814,1
47,4233,0.877,2,3,2,1,3,0.763,0.848,36.42,0.811,0.914,1
94,4234,0.678,3,5,1,2,11,0.879,0.677,29.2,0.96,0.968,1
34,4235,0.874,2,3,1,1,1,0.749,0.726,30.6,0.779,0.893,1
37,4236,0.801,2,0,2,3,8,0.905,0.892,25.29,0.74,0.899,1
6,4237,0.816,1,6,2,1,10,0.635,0.648,54.09,0.913,0.788,1
7,4238,0.566,1,2,0,3,7,0.681,0.676,39.25,0.725,0.85,0
96,4239,0.439,1,1,1,1,5,0.637,0.629,29.74,0.644,0.614,1
96,4240,0.538,3,3,0,2,7,0.752,0.705,30.76,0.814,0.833,1
25,4241,0.72,2,3,2,1,12,0.923,0.689,38.29,0.787,0.88,1
33,4242,0.493,2,4,1,2,6,0.676,0.791,39.38,0.793,0.765,0
55,4243,0.475,3,1,1,1,8,0.746,0.837,26.91,0.73,0.842,1
58,4244,0.919,3,2,0,2,11,0.91,0.689,21.48,1.0,0.987,1
7,4245,0.791,2,0,0,2,9,0.786,0.728,24.44,0.762,0.795,1
57,4246,0.917,1,1,1,2,7,0.983,0.963,32.64,0.824,0.978,1
12,4247,0.821,0,1,0,2,2,0.744,0.835,37.87,0.741,0.901,1
16,4248,0.799,1,3,1,2,7,0.812,0.744,34.91,0.687,0.818,0
80,4249,0.605,2,0,0,2,11,0.782,0.659,30.17,0.762,0.888,1
43,4250,0.689,2,1,0,3,10,0.917,0.732,26.55,0.794,0.808,1
100,4251,0.795,1,1,0,2,5,0.804,0.82,29.35,0.783,0.825,1
77,4252,0.63,2,3,1,2,14,0.847,0.906,35.44,0.932,0.856,0
7,4253,0.854,1,3,0,1,2,0.839,0.803,42.07,0.786,0.764,0
100,4254,0.81,2,3,3,3,6,0.876,0.797,33.86,0.93,0.867,1
51,4255,0.79,2,3,3,2,2,0.728,0.788,28.74,0.734,0.801,1
73,4256,0.487,2,3,0,3,7,0.755,0.605,29.33,0.833,0.816,1
32,4257,0.691,3,2,2,3,7,0.882,0.812,23.78,1.0,0.839,1
75,4258,0.802,2,5,0,2,1,0.925,0.646,37.55,0.912,0.975,0
8,4259,0.958,1,3,1,2,7,0.903,0.63,41.45,0.724,0.91,1
97,4260,0.928,1,3,2,2,2,0.814,0.773,34.49,0.741,0.867,0
87,4261,0.776,2,1,0,3,6,0.884,0.855,26.09,0.806,0.915,1
89,4262,0.623,3,4,1,1,8,0.816,0.637,34.84,0.874,0.902,1
72,4263,0.683,3,6,3,3,6,0.819,0.687,39.31,0.861,0.926,1
45,4264,0.708,3,2,1,1,8,0.807,0.719,18.56,0.839,0.881,0
86,4265,0.526,2,7,0,2,13,0.711,0.708,49.69,0.737,0.843,1
59,4266,0.454,2,1,0,3,9,0.741,0.774,37.96,0.746,0.775,1
4,4267,0.846,2,0,0,2,2,0.813,0.747,22.95,0.813,0.873,1
67,4268,0.974,2,2,2,1,1,0.831,0.693,30.57,0.856,0.958,1
29,4269,0.946,1,2,2,1,14,0.872,0.767,35.43,0.76,0.959,1
29,4270,0.609,0,3,1,1,2,0.572,0.64,44.65,0.755,0.674,1
98,4271,0.618,2,4,0,2,12,0.788,0.784,44.81,0.714,0.773,1
98,4272,0.973,1,7,0,3,3,0.676,0.668,53.74,0.833,0.923,0
28,4273,0.829,3,1,3,2,9,0.891,0.882,25.23,0.877,0.888,1
77,4274,0.868,2,5,1,3,3,0.786,0.725,38.76,0.711,1.0,1
79,4275,0.87,2,3,1,2,12,0.767,0.735,32.64,0.776,0.887,1
87,4276,0.822,0,3,1,2,9,0.79,0.693,40.84,0.773,0.85,0
44,4277,0.592,2,2,2,2,3,0.715,0.716,31.2,0.627,0.742,1
90,4278,0.813,2,2,0,2,7,0.805,0.732,34.24,0.79,0.952,1
4,4279,0.675,2,4,0,3,5,0.681,0.687,46.21,0.731,0.793,0
90,4280,0.869,2,4,1,3,3,0.927,0.747,32.39,0.81,0.946,0
9,4281,0.761,3,2,1,3,14,0.837,0.623,33.68,0.851,1.0,1
5,4282,0.544,2,4,3,3,8,0.934,0.718,40.82,0.712,0.838,1
56,4283,0.929,2,1,0,3,4,0.878,0.845,28.38,0.857,0.955,1
96,4284,0.77,1,1,2,2,4,0.929,1.0,33.48,0.859,0.813,0
84,4285,0.664,2,4,1,2,7,0.843,0.7,46.8,0.81,0.85,1
50,4286,0.612,3,2,0,3,5,0.81,0.71,35.47,0.814,0.838,1
75,4287,0.737,3,2,2,2,1,0.971,0.691,31.2,0.842,0.847,1
15,4288,0.847,0,1,1,2,3,0.768,0.742,39.34,0.737,0.872,1
32,4289,0.733,2,1,0,2,7,0.826,0.8,32.08,0.678,0.881,1
28,4290,0.618,1,3,2,2,7,0.805,0.755,48.61,0.843,0.807,1
22,4291,0.787,2,1,1,2,7,0.759,0.753,27.89,0.867,0.881,1
17,4292,0.929,3,6,0,2,12,0.823,0.719,29.54,1.0,0.991,1
59,4293,0.621,2,6,3,2,4,0.693,0.62,46.61,0.773,0.886,0
90,4294,0.613,2,2,1,2,14,0.752,0.815,37.7,0.73,0.763,1
71,4295,0.854,1,1,1,1,7,0.738,0.622,33.34,0.893,0.843,1
57,4296,0.718,1,3,0,2,4,0.832,0.755,43.77,0.652,0.831,1
26,4297,0.456,3,6,2,2,1,0.771,0.653,45.93,0.753,0.692,1
25,4298,0.649,3,3,1,1,3,0.878,0.807,28.94,0.717,0.84,1
10,4299,0.795,3,1,0,2,14,0.79,0.761,24.14,0.992,0.927,1
45,4300,0.571,1,3,1,1,10,0.774,0.863,40.04,0.903,0.922,1
83,4301,0.657,2,2,1,3,6,0.8,0.766,42.42,0.738,0.829,1
11,4302,0.705,0,3,1,2,7,0.657,0.589,45.45,0.721,0.89,1
77,4303,0.488,1,2,2,2,9,0.702,0.722,51.93,0.642,0.774,1
53,4304,0.932,2,4,1,2,14,0.878,0.783,43.8,0.843,0.974,1
72,4305,0.561,2,2,3,2,10,0.688,0.896,40.33,0.822,0.811,1
68,4306,0.799,1,3,0,2,12,0.791,0.777,44.8,0.726,0.816,1
95,4307,0.817,0,1,0,2,11,0.739,0.678,35.23,0.715,0.894,1
28,4308,0.906,2,3,2,2,6,0.788,0.829,28.97,0.79,0.792,0
75,4309,0.974,1,5,0,2,5,0.869,0.88,44.62,0.919,0.934,1
65,4310,0.592,0,3,1,3,14,0.748,0.751,48.24,0.7,0.836,0
49,4311,0.695,2,3,2,2,7,0.819,0.653,40.57,0.843,0.939,1
47,4312,0.536,1,8,2,1,3,0.706,0.694,69.26,0.694,0.694,0
52,4313,0.837,2,4,1,2,5,0.78,0.878,37.9,0.901,0.961,0
88,4314,0.742,3,4,1,1,3,0.778,0.826,30.58,0.858,0.92,1
54,4315,0.595,1,3,1,1,3,0.718,0.878,40.83,0.573,0.746,0
60,4316,0.853,3,4,2,2,2,0.988,0.836,34.15,0.872,0.923,0
57,4317,0.932,0,5,1,1,13,0.636,0.825,51.99,0.693,0.841,0
47,4318,0.597,0,3,0,3,13,0.615,0.661,47.23,0.631,0.815,1
31,4319,0.694,2,3,1,2,13,0.756,0.596,34.38,0.821,0.809,0
46,4320,0.933,2,4,2,2,3,0.863,0.636,40.19,0.905,0.858,1
26,4321,0.834,2,2,2,3,10,0.804,0.842,29.46,0.794,0.985,1
5,4322,0.933,1,3,3,3,6,0.793,0.775,49.7,0.853,0.907,1
84,4323,0.804,2,4,0,2,10,0.77,0.78,37.88,0.851,0.925,1
52,4324,0.828,3,2,1,3,3,0.889,0.878,22.1,0.98,0.887,1
75,4325,0.758,3,5,0,2,9,0.89,0.701,43.08,0.852,0.928,1
54,4326,0.777,2,4,2,2,4,0.685,0.791,38.58,0.876,0.797,1
33,4327,0.844,2,2,2,2,11,0.816,0.631,25.05,0.914,0.834,1
50,4328,0.722,3,2,0,3,8,1.0,0.899,30.4,0.791,0.913,1
38,4329,0.944,2,2,0,3,9,0.95,0.765,29.31,0.851,0.955,1
27,4330,0.884,3,5,3,2,13,0.792,0.77,37.94,0.959,0.937,1
98,4331,0.527,3,2,3,2,11,0.883,0.776,38.85,0.727,0.842,0
15,4332,0.727,2,2,0,1,4,0.87,0.736,34.02,0.941,0.942,0
96,4333,0.887,1,4,1,2,2,0.698,0.845,43.76,0.752,0.8,0
61,4334,0.888,2,4,1,2,4,0.913,0.758,36.45,0.831,0.864,1
21,4335,0.745,3,3,1,2,12,0.891,0.807,33.75,0.82,0.922,1
46,4336,0.315,1,4,0,2,2,0.608,0.701,53.48,0.606,0.698,0
69,4337,0.852,0,3,2,2,7,0.706,0.728,43.07,0.753,0.824,1
6,4338,0.753,1,2,1,3,7,0.676,0.798,36.85,0.82,0.802,0
38,4339,0.914,3,1,0,3,3,0.964,0.813,22.49,0.949,1.0,1
62,4340,0.796,2,3,1,1,12,0.877,0.611,30.17,0.87,0.853,1
86,4341,0.455,1,2,2,3,4,0.768,0.887,36.64,0.767,0.825,1
62,4342,0.775,0,4,1,1,7,0.657,0.602,41.96,0.691,0.771,0
82,4343,0.745,2,5,2,3,7,0.779,0.65,38.94,0.871,0.784,1
78,4344,0.744,2,3,5,1,14,0.796,0.775,35.29,0.955,1.0,1
74,4345,0.831,0,5,1,2,10,0.611,0.596,43.01,0.798,0.87,1
46,4346,0.714,3,4,2,2,7,0.899,0.817,36.75,0.866,0.958,1
13,4347,0.743,2,3,0,2,3,0.768,0.622,40.7,0.819,0.903,0
95,4348,0.841,2,6,2,2,3,0.837,0.697,43.54,0.951,0.983,1
94,4349,0.698,3,1,1,1,5,0.867,0.834,20.86,0.817,0.77,1
3,4350,0.611,1,6,1,3,10,0.556,0.69,45.71,0.66,0.683,0
94,4351,0.62,2,2,2,2,1,0.808,0.771,22.26,0.892,0.81,1
6,4352,0.96,2,1,2,2,3,0.866,0.894,27.45,0.917,0.955,1
93,4353,0.699,3,5,1,2,9,0.666,0.683,47.41,0.881,0.868,1
8,4354,0.388,1,3,2,1,13,0.757,0.629,44.53,0.636,0.66,0
44,4355,0.63,2,2,1,2,8,0.647,0.737,37.61,0.733,0.787,1
33,4356,0.826,2,1,1,2,4,0.855,0.697,20.18,0.861,0.856,1
81,4357,0.853,3,3,1,2,4,0.918,0.89,32.32,0.978,0.928,1
75,4358,0.424,3,3,3,2,3,0.79,0.856,40.4,0.731,0.74,0
77,4359,0.625,0,0,3,1,7,0.686,0.805,39.07,0.72,0.834,1
50,4360,0.606,1,4,2,2,10,0.719,0.697,41.17,0.821,0.839,1
11,4361,0.779,1,2,2,2,8,0.681,0.651,36.38,0.773,0.814,0
95,4362,0.71,2,1,1,2,13,0.895,0.737,22.86,0.926,0.948,1
28,4363,0.515,3,8,0,3,8,0.724,0.809,50.98,0.785,0.711,0
70,4364,0.903,0,2,2,1,5,0.717,0.676,34.91,0.708,0.964,0
41,4365,0.675,2,4,2,2,1,0.739,0.779,42.13,0.843,0.858,0
16,4366,0.827,3,2,0,1,9,0.88,0.774,25.58,0.905,0.904,1
68,4367,0.587,3,2,1,3,13,0.761,0.704,34.73,0.879,0.846,1
99,4368,0.852,2,0,0,2,6,0.859,0.641,25.26,0.761,0.908,1
48,4369,0.801,3,2,2,3,13,0.822,0.751,24.56,0.91,0.869,1
56,4370,0.812,1,2,2,2,12,0.799,0.948,38.31,0.774,0.881,1
64,4371,0.321,1,2,2,2,13,0.684,0.612,53.19,0.657,0.747,0
59,4372,0.606,0,2,2,2,12,0.585,0.715,41.83,0.682,0.771,1
90,4373,0.743,2,3,1,2,9,0.753,0.753,31.74,0.728,0.891,1
62,4374,0.49,2,1,1,2,13,0.646,0.77,43.58,0.777,0.795,1
76,4375,0.505,1,0,1,2,3,0.779,0.749,35.81,0.666,0.737,1
11,4376,0.66,1,5,0,3,10,0.485,0.508,57.99,0.568,0.831,1
89,4377,0.456,1,1,0,3,12,0.63,0.77,36.41,0.66,0.814,1
18,4378,0.604,1,0,1,3,5,0.827,0.719,31.15,0.713,0.81,1
19,4379,0.836,3,1,2,3,10,0.976,0.876,21.45,0.898,0.908,1
87,4380,0.65,3,1,1,2,9,0.92,0.846,28.54,1.0,0.817,1
55,4381,0.399,0,0,0,2,7,0.749,0.733,37.75,0.475,0.71,1
82,4382,0.555,1,7,0,2,3,0.499,0.677,52.83,0.756,0.712,1
26,4383,0.788,3,5,2,1,8,0.893,0.749,37.51,0.769,0.926,1
6,4384,0.587,0,2,0,2,7,0.672,0.785,41.88,0.593,0.686,1
4,4385,0.606,3,4,3,1,5,0.74,0.736,33.93,0.823,0.941,1
29,4386,0.801,1,5,0,1,5,0.751,0.76,41.13,0.676,0.817,1
59,4387,0.857,2,2,0,2,14,0.72,0.738,27.86,0.88,0.878,1
98,4388,0.648,2,2,1,2,9,0.832,0.776,32.68,0.736,0.771,0
17,4389,0.661,1,4,0,3,7,0.661,0.673,36.33,0.686,0.679,0
43,4390,0.735,1,3,1,1,9,0.606,0.613,35.52,0.793,0.771,1
80,4391,0.898,3,2,0,1,14,0.864,0.783,25.39,0.841,0.971,1
66,4392,0.818,3,4,2,3,14,0.771,0.786,34.36,0.888,0.905,1
34,4393,0.758,2,5,1,2,12,0.666,0.624,44.0,0.922,0.915,1
8,4394,0.695,3,7,2,2,7,0.844,0.808,49.25,0.865,0.845,1
13,4395,0.897,3,2,2,1,13,0.919,0.716,19.26,0.852,0.819,1
8,4396,0.79,1,3,0,2,5,0.857,0.794,38.8,0.77,0.824,1
94,4397,0.932,1,2,1,2,8,0.84,0.723,35.61,0.755,0.975,1
96,4398,0.483,1,4,1,2,6,0.79,0.71,42.2,0.63,0.772,1
100,4399,0.958,0,3,2,3,14,0.668,0.618,35.13,0.831,0.958,1
94,4400,0.77,2,4,1,2,3,0.703,0.753,40.24,0.937,0.884,1
65,4401,0.867,1,2,4,3,12,0.792,0.786,32.01,0.735,0.865,0
43,4402,0.585,0,3,0,2,11,0.607,0.649,55.05,0.539,0.828,0
39,4403,0.98,1,1,0,1,12,0.883,0.938,31.75,0.966,0.842,1
81,4404,0.746,0,1,1,2,13,0.753,0.76,46.52,0.567,0.826,1
59,4405,0.652,1,2,0,1,12,0.778,0.573,37.76,0.806,0.843,1
84,4406,0.484,0,3,2,3,5,0.762,0.699,46.71,0.617,0.772,0
88,4407,0.847,3,3,2,2,14,0.947,0.871,26.76,1.0,0.917,1
86,4408,0.919,2,4,1,2,2,0.712,0.728,34.14,0.854,0.912,1
93,4409,0.691,3,3,1,3,10,0.82,0.77,29.83,0.77,0.801,1
86,4410,0.832,3,2,1,2,12,0.694,0.867,28.6,0.935,0.926,1
44,4411,0.974,3,2,1,2,9,0.97,0.775,18.6,0.9,0.964,1
9,4412,0.751,1,4,1,3,2,0.659,0.645,39.58,0.771,0.79,0
37,4413,0.535,3,4,0,1,6,0.758,0.706,30.88,0.801,0.796,1
74,4414,0.96,2,3,2,2,5,0.928,0.843,38.6,0.858,0.961,0
36,4415,0.82,1,4,1,1,12,0.861,0.66,44.52,0.84,0.85,1
92,4416,0.556,2,3,1,2,5,0.785,0.872,27.17,0.846,0.814,1
28,4417,0.622,1,1,2,1,2,0.805,0.729,30.09,0.733,0.798,1
42,4418,0.636,0,2,1,3,2,0.739,0.743,36.51,0.529,0.83,0
43,4419,0.513,0,3,0,2,5,0.681,0.793,54.25,0.657,0.881,0
85,4420,0.824,2,3,1,2,1,0.952,0.905,29.67,0.958,0.864,1
88,4421,0.643,3,4,1,2,12,0.824,0.771,32.23,0.948,0.926,1
42,4422,0.672,1,2,1,3,3,0.799,0.747,36.72,0.807,0.869,1
66,4423,0.863,2,4,0,2,3,0.761,0.71,38.37,0.788,0.99,1
55,4424,0.647,0,1,2,2,13,0.794,0.591,40.14,0.558,0.723,0
72,4425,0.579,1,1,1,3,2,0.695,0.669,40.15,0.598,0.788,1
48,4426,0.747,1,4,0,2,8,0.639,0.671,32.28,0.735,0.789,1
91,4427,0.866,3,2,1,2,11,0.975,0.865,24.03,0.919,0.897,1
22,4428,0.335,3,4,1,3,13,0.833,0.775,38.17,0.678,0.584,1
27,4429,0.486,1,1,0,3,12,0.686,0.678,44.56,0.715,0.783,1
93,4430,0.721,3,2,0,2,7,0.835,0.66,31.83,0.832,0.911,0
67,4431,0.852,2,4,1,1,4,0.874,0.823,33.39,0.757,0.914,1
13,4432,0.607,0,5,1,2,6,0.657,0.582,49.49,0.618,0.754,0
45,4433,0.912,2,2,2,2,4,0.818,0.825,25.58,0.836,0.81,1
10,4434,0.906,3,1,2,2,6,0.875,0.8,16.33,0.967,0.875,1
100,4435,0.827,2,3,0,2,6,0.768,0.74,38.38,0.76,0.99,0
9,4436,0.604,2,1,0,2,7,0.95,0.792,33.15,0.874,0.814,1
54,4437,0.835,2,4,2,2,9,0.74,0.763,43.13,0.799,0.919,1
27,4438,0.878,1,1,0,2,12,0.869,0.813,32.23,0.897,0.904,1
34,4439,0.926,0,3,1,3,10,0.693,0.749,36.44,0.758,0.743,0
1,4440,0.782,2,3,1,3,12,0.906,0.852,36.15,0.873,0.853,1
32,4441,0.785,2,2,1,2,1,0.816,0.819,25.25,0.898,0.898,1
89,4442,0.76,2,5,2,1,13,0.7,0.782,41.05,0.914,0.857,0
93,4443,0.772,2,2,1,2,8,0.758,0.694,32.49,1.0,0.937,1
71,4444,0.617,1,6,2,2,11,0.621,0.719,45.49,0.733,0.693,1
67,4445,0.647,0,1,0,1,9,0.636,0.781,37.4,0.58,0.728,0
84,4446,0.534,3,3,2,2,5,0.838,0.637,32.59,0.816,0.772,1
20,4447,0.828,2,6,3,3,6,0.822,0.725,43.38,0.874,0.96,0
94,4448,0.839,2,3,1,2,3,0.932,0.67,39.54,0.845,1.0,1
35,4449,0.716,1,4,2,2,12,0.674,0.66,39.95,0.853,0.822,1
99,4450,0.853,1,1,1,2,13,0.775,0.852,27.75,0.739,0.848,1
91,4451,0.929,0,3,1,3,3,0.838,0.73,36.35,0.798,0.969,0
90,4452,0.783,2,4,2,1,8,0.764,0.846,34.47,0.895,0.8,1
78,4453,0.699,2,2,2,2,4,0.813,0.724,37.65,0.803,0.988,0
17,4454,0.407,2,4,0,3,2,0.705,0.575,43.21,0.768,0.828,0
18,4455,0.825,3,3,0,2,8,0.949,0.907,30.04,0.909,1.0,1
45,4456,0.668,1,4,2,1,2,0.859,0.739,43.38,0.852,0.833,1
93,4457,0.762,1,3,1,2,3,0.732,0.689,43.9,0.753,0.87,1
84,4458,0.886,1,2,0,2,8,0.731,0.772,25.82,0.818,0.87,1
53,4459,0.875,2,6,0,3,10,0.869,0.722,36.05,0.727,0.971,1
91,4460,0.772,3,2,1,2,10,0.971,0.772,27.53,0.818,0.912,1
82,4461,0.45,3,4,0,3,4,0.801,0.745,42.76,0.928,0.796,1
68,4462,0.767,2,3,3,3,12,0.832,0.827,41.3,0.739,0.88,1
65,4463,0.262,2,3,1,3,8,0.712,0.739,42.13,0.622,0.644,0
1,4464,0.687,3,2,0,2,13,0.833,0.742,27.18,0.787,0.905,1
58,4465,0.682,2,5,5,2,7,0.959,0.742,41.55,0.772,0.946,0
26,4466,0.857,1,1,1,3,2,0.727,0.753,32.56,0.725,0.956,1
20,4467,0.854,2,5,0,3,11,0.793,0.878,35.37,0.857,0.963,1
87,4468,0.597,2,2,1,2,10,0.835,0.8,37.96,0.747,0.713,1
10,4469,0.344,2,6,2,3,9,0.648,0.622,46.81,0.77,0.654,0
59,4470,0.706,1,2,2,3,7,0.8,0.791,49.84,0.695,0.798,0
75,4471,0.849,1,1,2,1,5,0.928,0.71,28.94,0.729,0.774,1
41,4472,0.603,2,6,1,2,1,0.67,0.489,53.75,0.806,0.798,0
5,4473,0.69,1,1,0,3,7,0.779,0.703,34.8,0.736,0.942,1
65,4474,0.33,2,4,1,3,12,0.554,0.661,46.37,0.727,0.787,0
17,4475,0.898,1,4,2,2,12,0.875,0.785,36.22,0.746,0.913,1
22,4476,0.798,2,2,1,2,2,0.791,0.738,36.2,0.822,0.931,1
98,4477,0.754,0,5,1,3,14,0.779,0.785,42.28,0.788,0.771,1
41,4478,0.683,3,5,1,2,3,0.883,0.769,37.82,0.854,0.845,1
93,4479,0.585,1,1,0,2,6,0.766,0.717,38.93,0.745,0.795,1
68,4480,0.994,2,4,1,2,2,0.65,0.62,39.59,0.775,0.946,0
69,4481,0.88,0,5,1,1,9,0.669,0.64,47.23,0.713,0.97,1
11,4482,0.684,1,8,3,1,4,0.627,0.632,55.16,0.768,0.822,0
56,4483,0.633,2,3,3,3,8,0.677,0.663,36.94,0.835,0.761,0
51,4484,0.728,1,0,1,3,9,0.969,0.756,28.58,0.84,0.944,1
21,4485,0.8,2,1,1,3,3,0.904,0.645,21.46,0.76,0.888,1
99,4486,0.898,0,4,1,1,2,0.752,0.63,47.42,0.782,0.835,1
76,4487,0.71,2,1,3,2,1,0.872,0.711,23.88,0.741,0.854,0
26,4488,0.573,2,3,0,3,8,0.8,0.635,36.94,0.819,0.715,1
19,4489,0.731,3,1,2,3,10,0.893,0.845,27.37,0.818,0.879,1
60,4490,0.642,2,4,2,2,9,0.839,0.689,45.71,0.763,0.918,1
71,4491,0.208,3,1,0,3,13,0.675,0.801,32.19,0.802,0.632,1
47,4492,0.758,3,1,0,3,5,0.885,0.89,34.02,0.767,0.878,1
71,4493,0.289,1,3,1,3,13,0.716,0.697,50.59,0.67,0.7,0
26,4494,0.863,3,2,6,3,8,0.979,0.821,20.36,0.919,1.0,1
40,4495,0.867,2,2,0,3,14,0.747,0.73,29.49,0.771,0.893,1
5,4496,0.212,1,2,1,1,10,0.524,0.657,40.88,0.576,0.571,1
21,4497,0.565,3,1,1,2,1,0.913,0.912,21.77,0.783,0.811,1
78,4498,0.746,1,3,1,2,11,0.825,0.81,33.76,0.716,0.821,0
4,4499,0.651,2,3,0,1,7,0.668,0.62,32.7,0.734,0.831,0
23,4500,0.462,2,3,1,3,4,0.775,0.601,45.2,0.709,0.798,0
84,4501,0.611,2,7,1,2,14,0.755,0.78,63.94,0.713,0.86,0
15,4502,0.922,2,1,0,3,12,0.853,0.661,27.39,0.751,0.855,1
93,4503,0.87,1,3,1,2,11,0.711,0.66,32.21,0.81,0.817,1
8,4504,0.791,1,1,2,2,4,0.74,0.662,32.28,0.785,0.848,1
41,4505,0.769,1,7,4,2,7,0.578,0.678,48.15,0.846,0.896,1
19,4506,0.684,1,4,3,1,13,0.569,0.811,45.04,0.744,0.732,0
46,4507,0.614,3,3,3,1,1,0.841,0.71,32.29,0.815,0.881,1
28,4508,0.968,2,4,2,1,2,0.927,0.694,33.42,0.805,0.944,0
91,4509,0.877,2,5,2,3,4,0.799,0.808,42.78,0.789,0.897,1
68,4510,0.707,0,6,0,2,11,0.623,0.614,57.61,0.733,0.794,1
15,4511,0.805,2,3,0,3,2,0.729,0.863,34.72,0.721,0.827,1
99,4512,0.87,1,0,0,3,8,0.865,0.656,32.77,0.743,0.859,1
37,4513,0.646,2,7,2,2,9,0.552,0.548,54.95,0.721,0.757,1
1,4514,0.817,0,3,3,2,10,0.782,0.664,42.3,0.756,0.866,1
67,4515,0.834,2,4,0,2,10,0.864,0.739,31.91,0.916,0.935,0
24,4516,0.907,2,3,1,1,1,0.823,0.757,26.27,0.767,0.917,1
27,4517,0.784,3,1,2,1,7,0.94,0.833,27.58,0.821,0.97,1
40,4518,0.869,0,1,0,2,7,0.745,0.732,40.89,0.67,0.81,1
63,4519,0.779,1,7,0,3,14,0.79,0.707,50.83,0.626,0.915,1
61,4520,0.471,3,3,1,2,13,1.0,0.801,40.5,0.879,0.734,1
36,4521,0.74,2,3,2,2,9,0.881,0.819,38.54,0.792,0.932,1
98,4522,0.754,2,4,0,2,10,0.766,0.852,42.0,0.76,0.755,1
93,4523,0.655,2,1,2,2,3,0.764,0.729,25.2,0.714,0.792,1
24,4524,0.41,1,3,1,2,1,0.678,0.74,41.95,0.562,0.777,0
24,4525,0.924,1,1,2,2,9,0.798,0.619,21.47,0.89,0.81,1
4,4526,0.641,1,4,0,2,13,0.813,0.764,43.19,0.687,0.751,1
67,4527,0.793,2,4,1,1,12,0.759,0.863,37.65,0.757,0.967,1
34,4528,0.862,3,3,3,2,11,1.0,0.92,22.23,0.841,1.0,1
57,4529,0.559,2,4,0,2,3,0.786,0.786,40.83,0.66,0.739,1
49,4530,0.65,2,4,3,2,14,0.776,0.6,42.04,0.758,0.704,1
87,4531,0.801,1,3,1,2,7,0.701,0.821,42.09,0.88,0.873,1
53,4532,0.817,2,4,2,2,4,0.812,0.877,37.21,0.858,0.919,1
23,4533,0.644,3,1,3,3,14,0.79,0.799,27.84,0.868,0.858,1
69,4534,0.351,3,1,0,2,10,0.873,0.971,37.5,0.71,0.841,1
95,4535,0.502,1,0,1,3,3,0.654,0.545,37.8,0.68,0.784,0
53,4536,0.469,1,2,0,2,8,0.73,0.743,34.87,0.494,0.754,1
62,4537,0.709,2,6,3,2,4,0.601,0.558,37.62,0.81,0.812,1
41,4538,0.856,2,4,1,2,6,0.884,0.74,33.59,0.85,0.989,1
57,4539,0.728,2,3,3,3,10,0.705,0.729,33.93,0.725,0.857,0
60,4540,0.769,2,1,1,3,5,0.729,0.699,33.57,0.873,0.89,1
54,4541,0.586,1,2,3,1,1,0.788,0.741,46.74,0.678,0.779,1
70,4542,0.789,1,1,3,2,11,0.854,0.59,33.94,0.769,0.741,1
57,4543,0.422,1,4,2,1,4,0.579,0.731,51.94,0.656,0.765,1
10,4544,0.8,0,3,0,3,7,0.669,0.882,40.08,0.797,0.819,0
40,4545,0.692,1,4,0,2,2,0.713,0.83,38.06,0.85,0.897,1
7,4546,0.277,1,2,1,2,4,0.541,0.634,43.49,0.647,0.698,0
38,4547,0.693,1,7,0,1,1,0.568,0.582,47.81,0.671,0.845,0
85,4548,0.408,0,4,2,3,14,0.71,0.741,53.81,0.541,0.719,0
61,4549,0.846,1,1,2,2,1,0.795,0.822,38.36,0.82,0.727,1
84,4550,0.795,2,3,1,2,1,0.763,0.961,27.68,0.798,0.835,1
3,4551,0.669,3,2,1,2,2,0.913,0.942,22.09,0.835,0.856,1
51,4552,0.62,1,3,1,2,4,0.867,0.66,40.97,0.725,0.844,0
86,4553,0.768,0,8,3,2,12,0.651,0.674,60.21,0.87,0.909,1
47,4554,0.826,1,2,2,3,5,0.624,0.767,29.84,0.69,0.835,0
68,4555,0.741,3,3,0,2,8,0.827,0.754,32.19,0.9,0.829,1
92,4556,0.543,1,4,1,2,6,0.611,0.63,43.27,0.715,0.691,0
76,4557,0.399,1,2,1,3,11,0.71,0.719,46.78,0.72,0.796,1
38,4558,0.799,3,7,0,1,6,0.783,0.803,41.45,0.999,0.862,1
36,4559,0.74,1,3,1,2,2,0.709,0.655,43.13,0.815,0.719,0
41,4560,0.858,3,2,1,2,5,0.696,0.772,25.03,0.926,0.756,0
69,4561,0.414,3,0,1,2,7,0.868,0.809,42.65,0.77,0.83,1
13,4562,0.714,2,4,1,3,8,0.702,0.732,33.15,0.874,0.806,1
87,4563,0.763,2,5,3,2,1,0.696,0.626,40.67,0.723,0.833,1
58,4564,0.539,1,1,2,2,2,0.769,0.736,42.98,0.788,0.714,1
50,4565,0.634,2,1,0,2,7,0.832,0.727,26.72,0.843,0.753,1
30,4566,0.509,1,5,0,2,4,0.666,0.71,53.33,0.668,0.675,0
62,4567,0.984,2,7,0,2,12,0.804,0.77,44.07,0.892,0.948,1
25,4568,0.509,1,1,3,1,12,0.812,0.767,37.43,0.629,0.731,1
27,4569,0.612,1,2,1,2,3,0.673,0.767,40.21,0.702,0.763,1
51,4570,0.849,2,2,0,2,13,0.988,0.9,34.47,0.792,0.956,1
78,4571,0.576,2,4,2,2,3,0.745,0.729,41.36,0.776,0.775,0
57,4572,0.324,1,3,3,2,9,0.648,0.587,51.34,0.664,0.598,0
47,4573,0.763,2,2,1,3,3,0.907,0.802,29.14,0.794,0.952,1
100,4574,0.87,2,5,2,2,7,0.781,0.756,40.69,0.766,0.915,1
39,4575,0.451,2,2,1,3,6,0.867,0.787,38.61,0.715,0.729,1
16,4576,0.852,2,3,0,2,14,0.904,0.72,30.25,0.751,0.773,1
22,4577,0.687,2,0,0,2,11,0.851,0.814,33.08,0.886,0.76,1
85,4578,0.829,3,2,1,3,10,0.85,0.843,21.75,0.877,0.905,1
54,4579,0.926,2,1,0,3,13,0.784,0.732,17.26,0.822,1.0,1
21,4580,0.944,3,1,1,2,5,0.879,0.76,17.13,1.0,0.989,1
72,4581,0.583,1,6,2,2,8,0.703,0.726,53.44,0.684,0.781,0
16,4582,0.896,1,2,2,2,3,0.827,0.701,41.57,0.708,0.882,1
59,4583,0.846,2,3,0,2,14,0.781,0.687,27.55,0.83,0.978,1
31,4584,0.655,1,2,2,2,4,0.804,0.784,40.93,0.734,0.892,0
42,4585,0.852,3,6,1,3,6,0.741,0.561,32.25,0.96,0.928,0
74,4586,0.778,1,4,1,2,7,0.912,0.761,41.48,0.927,0.918,0
32,4587,0.916,2,3,1,3,6,0.987,0.795,30.09,0.967,0.988,1
59,4588,0.601,2,3,1,2,9,0.678,0.616,43.53,0.764,0.853,1
34,4589,0.894,0,3,1,3,14,0.804,0.725,46.27,0.613,0.853,1
9,4590,0.829,2,1,3,2,12,0.94,0.821,33.24,0.78,0.964,1
81,4591,0.886,2,5,2,3,12,0.864,0.933,34.03,0.982,0.883,1
11,4592,0.532,3,4,0,3,3,0.768,0.629,39.66,0.832,0.64,1
96,4593,0.488,2,3,0,2,13,0.848,0.663,38.04,0.782,0.802,1
10,4594,0.671,2,3,0,3,2,0.842,0.809,41.86,0.779,0.887,1
86,4595,0.612,3,3,1,2,8,0.833,0.751,41.58,0.876,0.849,1
17,4596,0.322,1,3,1,1,6,0.692,0.727,35.61,0.663,0.675,1
68,4597,0.472,1,4,2,2,4,0.631,0.699,47.56,0.722,0.804,0
48,4598,0.782,1,4,1,1,11,0.666,0.833,44.88,0.679,0.793,1
52,4599,0.551,3,4,0,1,3,0.731,0.78,43.92,0.872,0.777,1
25,4600,0.875,1,5,2,2,2,0.687,0.745,48.22,0.835,0.874,0
21,4601,0.941,2,1,3,3,6,0.89,0.867,23.47,0.889,0.982,1
65,4602,0.833,2,7,1,2,2,0.846,0.72,42.04,0.772,0.964,1
63,4603,0.823,1,1,2,3,5,0.874,0.714,32.3,0.691,0.718,1
89,4604,0.575,3,1,0,3,8,0.944,0.827,28.87,0.688,0.817,1
51,4605,0.963,2,3,2,1,12,0.857,0.828,33.03,0.924,0.927,1
36,4606,0.595,2,3,0,3,13,0.708,0.768,36.63,0.799,0.803,1
81,4607,0.788,1,0,2,2,5,0.873,0.733,30.21,0.821,0.885,1
88,4608,0.592,1,7,1,1,1,0.695,0.698,51.55,0.655,0.79,0
66,4609,0.851,2,3,1,1,3,0.817,0.548,33.23,0.881,0.89,0
15,4610,0.662,1,3,1,2,2,0.744,0.773,43.84,0.634,0.879,0
96,4611,0.577,2,2,3,2,3,0.761,0.697,38.15,0.79,0.873,1
39,4612,0.934,1,1,2,1,11,0.713,0.792,29.22,0.795,0.971,0
70,4613,0.758,3,5,1,2,5,0.947,0.752,36.34,1.0,0.88,1
1,4614,0.474,2,2,0,1,3,0.705,0.651,46.7,0.721,0.789,1
23,4615,0.854,2,1,2,2,6,0.864,0.77,25.83,0.735,0.935,1
39,4616,0.606,1,2,1,1,8,0.724,0.686,32.44,0.709,0.688,1
57,4617,0.959,2,1,2,2,3,0.779,0.827,19.95,0.922,1.0,1
81,4618,0.745,0,1,0,3,2,0.775,0.891,36.65,0.587,0.832,0
34,4619,0.815,1,5,2,3,11,0.865,0.738,46.99,0.755,0.869,1
41,4620,0.847,1,4,0,1,4,0.673,0.597,37.46,0.763,0.86,0
93,4621,0.424,3,2,0,3,9,0.899,0.753,39.82,0.726,0.823,1
73,4622,0.614,3,3,0,2,8,0.874,0.654,33.38,0.862,0.845,1
13,4623,0.633,2,3,1,3,1,0.894,0.772,46.68,0.872,0.942,0
70,4624,0.674,2,5,2,2,4,0.722,0.697,38.59,0.855,0.752,1
6,4625,0.795,2,1,0,2,1,0.749,0.811,26.94,0.777,0.868,1
84,4626,0.667,0,6,0,1,11,0.622,0.785,47.97,0.657,0.771,0
52,4627,0.466,3,3,0,2,2,0.791,0.841,34.64,0.842,0.824,0
3,4628,0.726,2,4,0,2,5,0.757,0.802,27.6,0.713,0.836,0
81,4629,0.503,2,5,0,2,11,0.709,0.724,49.27,0.605,0.781,1
63,4630,0.858,3,3,1,3,5,0.919,0.804,30.75,0.937,0.975,1
49,4631,0.91,3,2,0,1,3,0.883,0.807,31.72,0.995,0.882,1
76,4632,0.61,1,3,0,1,3,0.857,0.866,34.48,0.673,0.692,1
47,4633,0.751,2,5,1,1,6,0.768,0.74,42.68,0.8,0.815,1
55,4634,0.808,3,3,0,1,11,0.922,0.859,24.0,0.894,0.972,1
64,4635,0.86,2,2,1,2,10,0.808,0.682,30.3,0.802,0.837,1
65,4636,0.684,3,1,2,3,10,0.778,0.766,30.07,0.747,0.778,0
81,4637,0.821,1,2,3,2,2,0.794,0.671,26.32,0.997,0.858,1
67,4638,0.336,1,8,2,2,6,0.649,0.578,59.6,0.674,0.778,0
90,4639,0.657,1,6,3,2,3,0.669,0.603,50.48,0.685,0.823,0
15,4640,0.728,1,2,6,2,11,0.619,0.758,37.64,0.64,0.732,0
100,4641,0.351,3,5,0,2,4,0.687,0.712,48.23,0.803,0.636,1
32,4642,0.682,2,0,2,2,4,0.825,0.712,24.67,0.733,0.957,0
96,4643,0.688,3,2,1,3,8,0.809,0.8,28.2,0.883,0.879,1
68,4644,0.839,1,2,0,2,7,0.811,0.817,38.68,0.754,0.881,1
18,4645,0.311,0,4,1,2,13,0.586,0.808,55.25,0.593,0.705,1
83,4646,0.582,1,2,3,2,10,0.776,0.684,36.16,0.689,0.772,1
43,4647,0.759,1,5,0,2,6,0.738,0.737,44.69,0.831,0.968,1
35,4648,0.729,2,2,2,2,1,0.764,0.889,29.94,0.814,0.766,1
78,4649,0.857,1,4,2,1,13,0.805,0.803,42.03,0.69,0.894,1
58,4650,0.774,1,2,0,2,6,0.753,0.785,49.69,0.716,0.915,1
33,4651,0.943,2,2,2,1,5,0.722,0.771,35.92,0.86,0.989,1
14,4652,0.599,1,1,0,3,9,0.636,0.758,28.18,0.801,0.734,1
34,4653,0.738,0,4,0,1,9,0.681,0.65,47.95,0.821,0.823,1
61,4654,0.972,2,4,0,2,10,0.918,0.868,30.75,0.953,0.884,1
4,4655,0.549,2,3,2,2,11,0.78,0.636,35.4,0.717,0.846,1
88,4656,0.766,3,2,2,2,13,0.986,0.656,28.29,1.0,0.919,1
59,4657,0.77,2,2,1,2,6,0.797,0.866,35.28,0.822,0.923,1
29,4658,0.811,3,5,1,2,9,0.846,0.77,38.75,0.951,0.929,0
83,4659,0.915,1,1,1,2,2,0.792,0.712,27.3,0.953,0.925,1
6,4660,0.758,1,3,1,2,13,0.624,0.717,42.86,0.824,0.758,1
97,4661,0.757,3,5,0,3,8,0.838,0.744,42.49,0.985,0.935,1
49,4662,0.694,3,5,0,2,6,0.676,0.635,30.34,0.851,0.956,1
40,4663,0.748,2,5,5,2,7,0.796,0.724,45.05,0.992,0.931,0
83,4664,0.869,2,4,2,2,11,0.863,0.742,44.77,0.881,0.923,1
65,4665,0.917,0,1,0,2,6,0.775,0.85,38.1,0.807,0.945,1
69,4666,0.717,1,3,0,3,6,0.788,0.787,47.79,0.768,0.884,0
27,4667,0.913,1,4,1,2,13,0.92,0.844,34.9,0.954,0.962,1
80,4668,0.645,0,5,2,3,9,0.623,0.693,40.74,0.762,0.793,1
6,4669,0.73,2,3,0,2,9,0.775,0.74,29.16,0.885,0.848,1
13,4670,0.88,1,4,0,3,12,0.816,0.611,44.69,0.97,0.966,1
64,4671,0.72,1,7,0,2,2,0.667,0.504,47.36,0.788,0.926,0
62,4672,0.523,3,4,1,2,14,0.789,0.678,47.9,0.857,0.79,1
99,4673,0.85,2,5,2,1,6,0.7,0.65,37.38,0.826,0.894,1
19,4674,0.827,1,3,1,1,2,0.658,0.633,38.75,0.768,0.881,1
76,4675,0.413,2,3,1,2,11,0.777,0.607,51.91,0.662,0.711,0
80,4676,0.669,3,2,0,1,13,0.773,0.725,26.47,0.961,0.848,1
43,4677,0.696,1,3,0,2,11,0.739,0.589,31.12,0.705,0.863,1
74,4678,0.805,3,1,0,2,1,0.948,0.858,25.91,0.78,0.924,1
89,4679,0.335,1,4,0,3,13,0.639,0.572,52.21,0.648,0.766,0
20,4680,0.886,2,7,1,1,12,0.84,0.77,41.72,0.69,0.953,1
95,4681,0.495,1,0,1,2,12,0.638,0.809,40.19,0.673,0.773,1
68,4682,0.949,2,3,3,2,6,0.863,0.82,22.83,0.866,0.966,1
44,4683,0.412,2,3,2,1,7,0.799,0.894,46.39,0.671,0.63,1
23,4684,0.761,2,4,0,1,13,0.792,0.737,39.5,0.807,0.872,1
2,4685,0.571,2,4,2,3,2,0.864,0.74,40.74,0.832,0.829,1
22,4686,0.958,3,3,4,2,8,1.0,0.963,26.04,0.835,0.925,1
57,4687,0.433,1,3,0,3,11,0.605,0.562,49.44,0.752,0.732,0
72,4688,0.852,2,4,2,2,6,0.725,0.648,36.75,0.885,0.847,1
7,4689,0.831,1,3,2,3,4,0.845,0.714,41.0,0.786,0.906,1
78,4690,0.846,2,2,0,2,12,0.865,0.747,25.74,0.871,0.868,1
56,4691,0.719,2,1,0,2,7,0.685,0.787,32.74,0.77,0.902,1
67,4692,0.424,0,3,1,3,8,0.579,0.608,45.69,0.6,0.758,0
16,4693,0.672,0,6,1,1,5,0.708,0.707,43.11,0.707,0.854,0
83,4694,0.658,3,5,1,1,4,0.808,0.69,47.99,0.785,0.862,1
51,4695,0.462,1,0,2,2,6,0.722,0.81,31.85,0.736,0.787,1
82,4696,0.694,1,1,0,2,9,0.767,0.721,32.84,0.814,0.875,1
80,4697,0.641,2,4,1,2,13,0.717,0.645,36.75,0.817,0.791,1
72,4698,0.668,1,6,1,2,7,0.834,0.783,54.48,0.713,0.766,0
97,4699,0.931,1,1,0,2,1,0.79,0.797,29.09,0.812,0.99,1
12,4700,0.691,2,1,3,3,13,0.83,0.914,35.49,0.808,0.779,1
53,4701,0.367,0,3,3,3,6,0.597,0.64,50.02,0.58,0.655,0
75,4702,0.948,3,5,1,2,8,0.947,0.799,40.13,0.94,0.782,1
5,4703,0.68,3,3,2,2,6,0.67,0.573,39.56,0.856,0.815,0
27,4704,0.963,2,4,1,2,9,0.749,0.736,25.07,0.801,0.946,1
12,4705,0.91,1,3,0,2,6,0.798,0.746,46.9,0.791,0.935,1
17,4706,0.859,2,6,3,1,3,0.793,0.787,38.35,0.752,0.834,1
6,4707,0.687,0,1,0,3,8,0.631,0.714,44.67,0.729,0.792,1
97,4708,0.602,1,1,0,2,11,0.698,0.74,41.09,0.74,0.795,0
5,4709,0.503,0,2,0,1,13,0.703,0.717,36.75,0.634,0.677,1
57,4710,0.529,2,2,1,2,11,0.844,0.801,27.73,0.787,0.892,1
28,4711,0.893,1,2,0,3,14,0.759,0.65,39.05,0.812,0.877,1
78,4712,0.786,2,2,0,2,3,0.86,0.748,29.95,0.813,0.859,1
69,4713,0.749,0,1,0,3,14,0.572,0.609,44.95,0.715,0.746,1
59,4714,0.758,2,4,3,3,4,0.813,0.814,36.31,0.907,0.981,1
33,4715,0.766,0,5,0,1,5,0.612,0.621,48.15,0.691,0.843,0
62,4716,0.427,3,3,0,2,12,0.801,0.632,33.67,0.906,0.847,1
50,4717,0.759,2,1,2,2,9,0.822,0.85,28.37,0.823,0.898,1
19,4718,0.958,1,4,2,2,14,0.921,0.74,32.94,0.882,0.989,1
86,4719,0.538,1,1,1,2,4,0.741,0.608,33.81,0.85,0.877,0
69,4720,0.53,0,0,5,1,8,0.878,0.871,32.8,0.684,0.904,0
66,4721,0.736,2,2,2,2,6,0.85,0.806,33.89,0.699,0.817,1
94,4722,0.598,1,2,2,2,6,0.641,0.669,39.26,0.757,0.734,1
47,4723,0.817,2,0,2,2,12,0.931,0.762,30.95,0.821,0.982,1
39,4724,0.63,1,4,1,2,12,0.74,0.682,48.6,0.721,0.831,1
68,4725,0.759,2,4,1,3,7,0.681,0.788,32.36,0.748,0.933,1
33,4726,0.886,2,3,3,2,5,0.756,0.755,37.77,0.852,0.889,1
13,4727,0.815,3,6,2,3,10,0.706,0.656,35.8,0.906,0.838,1
84,4728,0.818,3,3,0,1,4,0.898,0.802,23.27,0.809,0.873,1
54,4729,0.486,3,1,0,1,8,0.723,0.846,36.5,0.72,0.858,1
7,4730,0.695,1,3,3,2,10,0.688,0.652,40.65,0.88,0.82,0
79,4731,0.946,2,3,1,1,2,0.896,0.767,30.39,0.936,1.0,1
87,4732,0.837,2,0,1,2,10,0.898,0.736,26.69,0.844,0.93,1
14,4733,0.874,2,5,1,2,4,0.947,0.649,33.26,0.863,0.934,1
87,4734,0.921,3,4,2,2,1,0.92,0.811,31.05,0.846,1.0,1
19,4735,0.916,1,6,0,3,9,0.815,0.725,40.13,0.677,0.807,0
54,4736,0.86,2,2,0,2,12,0.887,0.836,38.13,0.832,0.968,1
93,4737,0.358,2,7,1,2,13,0.722,0.691,52.3,0.704,0.755,1
20,4738,0.645,0,2,1,1,11,0.72,0.809,37.68,0.673,0.826,1
29,4739,0.958,3,1,1,2,13,0.956,0.816,28.51,0.911,1.0,1
24,4740,0.527,1,1,3,1,6,0.777,0.819,43.62,0.658,0.693,1
82,4741,0.687,2,6,0,2,14,0.89,0.846,47.51,0.959,0.828,0
63,4742,0.529,3,5,1,2,6,0.731,0.747,31.49,0.881,0.815,1
74,4743,0.573,2,3,1,2,1,0.69,0.718,35.02,0.703,0.712,0
57,4744,0.644,3,5,0,1,1,0.914,0.759,36.15,0.935,0.825,0
8,4745,0.917,0,8,1,2,10,0.727,0.694,53.36,0.712,0.917,0
90,4746,0.763,2,4,1,3,4,0.835,0.855,43.48,0.842,0.877,1
62,4747,0.76,2,6,2,2,12,0.778,0.704,52.03,0.786,0.797,0
29,4748,0.765,2,2,0,2,2,0.809,0.83,37.36,0.771,0.864,1
74,4749,0.746,1,2,0,2,1,0.781,0.807,43.09,0.767,0.858,1
17,4750,0.433,2,3,4,3,6,0.62,0.759,40.8,0.654,0.784,1
66,4751,0.302,1,4,1,2,1,0.637,0.765,42.96,0.582,0.687,0
6,4752,0.687,0,4,2,2,11,0.664,0.694,54.34,0.689,0.778,0
58,4753,0.793,2,5,1,2,5,0.813,0.775,38.11,0.84,0.811,0
69,4754,0.835,2,4,2,2,6,0.705,0.577,39.7,0.821,0.864,1
28,4755,0.758,3,5,4,3,5,0.846,0.795,41.83,0.87,0.872,1
62,4756,0.755,2,1,2,1,4,0.703,0.705,26.17,0.855,0.943,1
41,4757,0.404,2,2,1,3,9,0.553,0.753,44.81,0.707,0.713,1
69,4758,0.593,1,3,2,1,1,0.738,0.78,38.22,0.59,0.8,1
82,4759,0.582,1,4,2,2,2,0.716,0.716,39.58,0.664,0.72,0
90,4760,0.882,2,2,1,2,5,0.75,0.819,37.14,0.788,0.893,0
84,4761,0.36,1,2,4,2,14,0.614,0.701,44.72,0.528,0.786,1
41,4762,0.76,2,0,2,1,2,0.882,0.834,27.51,0.986,0.952,1
49,4763,0.743,1,8,1,2,14,0.673,0.616,49.81,0.751,0.751,1
91,4764,0.735,1,3,2,2,2,0.781,0.757,40.67,0.645,0.806,1
49,4765,0.758,2,5,0,2,8,0.81,0.77,42.44,0.915,0.966,1
76,4766,0.441,3,1,1,2,7,0.834,0.722,28.68,0.822,0.688,1
71,4767,0.901,1,4,2,2,11,0.837,0.784,40.88,0.713,0.96,1
3,4768,0.86,1,7,2,2,13,0.862,0.738,56.62,0.766,0.929,0
10,4769,0.881,3,4,0,1,8,0.734,0.807,41.9,0.924,0.916,1
98,4770,0.744,2,6,3,3,1,0.785,0.679,44.53,0.777,0.832,1
89,4771,0.902,3,3,2,2,14,0.892,0.718,31.53,0.875,0.95,1
35,4772,0.755,1,5,2,2,2,0.763,0.765,41.94,0.758,0.905,1
80,4773,0.986,2,4,2,3,13,0.682,0.662,38.47,0.9,0.861,1
2,4774,0.525,0,4,4,2,6,0.835,0.716,54.62,0.576,0.892,0
24,4775,0.662,1,1,0,2,1,0.808,0.694,32.47,0.716,0.842,0
74,4776,0.818,1,4,1,2,5,0.586,0.638,45.83,0.679,0.89,1
38,4777,0.856,1,0,0,3,11,0.832,0.822,21.52,0.835,0.902,1
22,4778,0.56,3,5,2,2,13,0.687,0.757,47.53,0.826,0.637,1
26,4779,0.823,2,2,2,1,6,0.862,0.731,29.69,0.804,0.889,1
43,4780,0.777,2,3,1,3,5,0.79,0.873,39.35,0.776,0.816,0
55,4781,0.567,3,4,0,2,11,0.764,0.779,39.11,0.691,0.917,1
39,4782,0.677,1,0,3,3,10,0.687,0.843,38.44,0.713,0.794,1
91,4783,0.707,1,3,2,3,14,0.733,0.754,36.9,0.786,0.797,1
29,4784,0.733,1,3,2,2,2,0.766,0.727,37.59,0.733,0.834,0
20,4785,0.304,3,3,0,2,4,0.813,0.522,38.64,0.767,0.686,0
91,4786,0.444,2,1,3,2,12,0.753,0.765,37.72,0.721,0.72,1
41,4787,0.753,2,5,0,2,14,0.877,0.607,49.3,0.854,0.876,0
54,4788,0.787,3,9,0,1,4,0.763,0.792,48.7,0.961,0.983,0
20,4789,0.639,1,2,0,2,6,0.733,0.605,41.18,0.729,0.736,1
19,4790,0.743,1,0,2,2,10,0.725,0.867,28.93,0.663,0.832,0
84,4791,0.932,2,2,3,1,9,0.834,0.631,31.39,0.809,0.83,0
99,4792,0.943,2,6,6,2,2,0.977,0.818,49.68,0.971,0.948,1
66,4793,0.624,1,1,0,2,12,0.705,0.836,32.09,0.665,0.777,1
30,4794,0.942,1,3,0,2,4,0.728,0.727,37.35,0.868,0.835,1
53,4795,0.584,2,1,0,2,1,0.85,0.797,33.44,0.687,0.723,0
34,4796,0.268,1,3,3,3,1,0.566,0.594,53.39,0.619,0.625,0
22,4797,0.98,2,1,1,1,7,1.0,0.867,11.14,0.946,1.0,1
67,4798,0.777,2,3,2,1,3,0.947,0.826,32.6,0.827,0.889,1
6,4799,0.505,2,3,1,2,13,0.679,0.778,40.62,0.732,0.748,0
79,4800,0.92,3,3,1,2,5,0.801,0.915,24.26,0.893,0.867,1
27,4801,0.623,2,4,2,1,10,0.661,0.647,31.27,0.696,0.743,1
10,4802,0.656,1,4,1,3,14,0.773,0.733,46.25,0.753,0.876,1
73,4803,0.542,2,3,1,3,6,0.766,0.843,40.45,0.842,0.724,1
97,4804,0.454,1,3,0,3,10,0.703,0.59,39.7,0.706,0.71,1
96,4805,0.896,3,1,2,2,3,0.87,0.718,23.97,1.0,1.0,1
48,4806,0.851,2,3,0,2,6,0.957,0.752,24.91,0.873,0.97,1
70,4807,0.68,2,2,3,3,14,0.61,0.733,35.65,0.789,0.85,1
59,4808,0.56,3,5,1,1,8,0.871,0.839,35.58,0.803,0.928,1
100,4809,0.847,2,3,0,1,7,0.7,0.733,31.68,0.832,0.792,1
59,4810,0.734,3,8,0,2,12,0.734,0.705,43.12,0.825,0.731,0
2,4811,0.639,0,3,0,3,1,0.627,0.697,48.99,0.737,0.78,0
29,4812,0.628,1,5,2,1,2,0.865,0.691,48.57,0.619,0.766,1
68,4813,0.898,2,3,1,2,3,0.753,0.902,30.59,0.899,0.977,1
65,4814,0.836,1,5,0,3,8,0.756,0.714,48.82,0.869,0.863,1
83,4815,0.648,2,3,1,1,7,0.79,0.737,34.68,0.831,0.793,1
26,4816,0.688,2,3,0,1,4,0.771,0.714,36.66,0.751,0.913,1
89,4817,0.567,2,2,0,2,2,0.752,0.735,36.38,0.706,0.823,0
10,4818,0.49,3,4,1,2,9,0.749,0.628,49.37,0.869,0.837,1
53,4819,0.763,2,2,1,2,3,0.86,0.803,33.62,0.85,0.866,1
79,4820,0.445,3,2,3,2,8,0.815,0.835,29.05,0.823,0.897,1
59,4821,0.415,2,1,1,1,11,0.658,0.771,44.74,0.622,0.733,0
22,4822,0.445,2,4,0,3,3,0.765,0.622,45.52,0.746,0.765,1
51,4823,0.883,2,8,1,2,1,0.826,0.769,48.61,0.925,0.949,1
48,4824,0.669,3,2,4,2,3,0.782,0.953,33.07,0.809,0.803,1
21,4825,0.758,1,3,0,3,9,0.48,0.594,43.69,0.634,0.843,1
22,4826,0.911,2,2,0,2,6,0.83,0.641,32.57,0.889,0.906,1
100,4827,0.288,1,3,0,2,4,0.662,0.586,47.05,0.618,0.761,0
98,4828,0.731,0,1,0,1,8,0.758,0.72,49.03,0.645,0.857,1
30,4829,0.367,3,4,1,2,6,0.738,0.795,40.51,0.658,0.667,0
25,4830,0.854,1,6,2,1,9,0.653,0.717,44.14,0.791,0.927,1
28,4831,0.874,2,2,0,2,2,0.762,0.778,30.4,0.91,0.976,1
65,4832,0.682,2,2,2,3,6,0.797,0.74,42.5,0.74,0.766,0
45,4833,0.757,3,3,1,2,7,0.786,0.781,37.91,0.85,0.889,1
68,4834,0.93,2,3,1,1,1,0.983,0.845,33.25,0.952,0.882,1
7,4835,0.648,1,4,1,3,11,0.685,0.696,46.6,0.66,0.798,0
49,4836,0.593,2,9,3,2,12,0.683,0.731,53.8,0.835,0.918,1
9,4837,0.899,0,3,1,2,11,0.654,0.74,33.64,0.863,0.77,0
36,4838,0.401,2,1,2,3,4,0.765,0.738,39.79,0.751,0.654,1
83,4839,0.604,2,4,1,2,9,0.679,0.618,39.62,0.849,0.732,1
1,4840,0.864,1,2,0,2,14,0.838,0.75,30.98,0.757,0.894,1
10,4841,0.689,3,3,1,1,11,0.875,0.781,22.94,0.93,0.928,1
36,4842,0.76,0,5,0,2,9,0.594,0.585,50.15,0.533,0.682,1
73,4843,0.853,0,1,1,3,5,0.748,0.729,35.76,0.776,0.933,1
46,4844,0.915,0,2,1,3,8,0.769,0.682,31.98,0.857,0.989,1
32,4845,0.869,1,5,1,2,11,0.835,0.668,41.93,0.838,0.9,1
32,4846,0.771,2,3,2,1,10,0.811,0.628,38.5,0.787,0.969,1
6,4847,0.814,1,2,1,2,10,0.841,0.782,37.22,0.88,0.85,1
48,4848,0.79,3,4,3,1,11,0.795,0.873,28.83,0.938,0.882,1
38,4849,0.61,3,1,3,3,13,0.825,0.701,30.25,0.878,0.806,1
17,4850,0.685,2,3,1,2,11,0.801,0.699,36.69,0.869,0.872,1
74,4851,0.416,2,4,2,2,13,0.64,0.728,45.14,0.64,0.606,1
27,4852,0.621,3,2,1,2,5,0.782,0.752,30.29,1.0,0.869,1
54,4853,0.64,2,4,0,2,3,0.782,0.785,42.41,0.769,0.867,1
50,4854,0.752,1,2,4,3,3,0.784,0.778,37.18,0.691,0.885,0
35,4855,0.635,2,1,1,2,1,0.899,0.976,34.84,0.803,0.856,1
85,4856,0.736,1,1,1,1,10,0.754,0.795,39.91,0.77,0.861,1
25,4857,0.719,2,3,0,2,6,0.8,0.695,32.18,0.905,0.887,1
28,4858,0.394,2,1,3,2,10,0.748,0.716,37.83,0.78,0.726,0
15,4859,0.69,2,1,1,2,3,0.83,0.763,37.79,0.75,0.885,1
4,4860,0.54,1,9,0,1,14,0.605,0.561,58.99,0.679,0.729,1
93,4861,0.878,0,0,3,1,1,0.736,0.711,26.1,0.818,0.907,1
73,4862,0.866,3,6,5,2,4,0.835,0.7,38.57,1.0,0.898,1
27,4863,0.539,3,3,0,2,8,0.786,0.805,41.04,0.777,0.84,0
26,4864,0.511,2,3,1,2,7,0.751,0.637,40.43,0.857,0.844,1
19,4865,0.809,2,4,0,3,6,0.933,0.765,36.98,0.762,0.854,1
92,4866,0.555,2,4,2,1,1,0.723,0.685,36.27,0.74,0.775,0
17,4867,0.702,2,3,2,3,1,0.804,0.743,41.07,0.823,0.862,0
43,4868,0.729,1,4,0,3,14,0.76,0.682,40.39,0.828,0.943,0
41,4869,0.777,2,3,0,2,2,0.689,0.738,36.11,0.905,0.935,1
42,4870,0.468,3,7,0,2,9,0.785,0.62,50.32,0.883,0.971,0
50,4871,0.633,3,3,1,1,9,0.793,0.633,33.13,0.884,0.784,1
84,4872,0.402,2,2,0,2,13,0.752,0.788,44.91,0.815,0.68,1
40,4873,0.31,1,1,1,2,13,0.755,0.939,39.86,0.598,0.726,1
39,4874,0.7,3,1,0,2,12,0.887,0.789,27.66,0.96,0.935,1
23,4875,0.825,2,3,1,3,9,0.827,0.636,34.41,0.822,0.9,1
96,4876,0.618,2,3,1,1,14,0.85,0.781,33.36,0.754,0.859,1
52,4877,0.456,1,5,0,2,3,0.762,0.691,56.82,0.696,0.838,1
47,4878,0.277,2,5,0,3,8,0.592,0.697,51.14,0.635,0.71,0
63,4879,0.749,1,1,0,1,9,0.639,0.836,36.49,0.865,0.896,1
97,4880,0.505,2,6,3,2,13,0.622,0.632,53.61,0.831,0.659,0
69,4881,0.535,2,2,1,2,10,0.572,0.549,36.84,0.734,0.731,1
43,4882,0.734,2,4,1,2,4,0.868,0.726,34.71,0.819,0.95,1
48,4883,0.524,2,7,2,3,14,0.725,0.463,52.37,0.792,0.777,0
34,4884,0.503,2,2,4,1,4,0.843,0.687,34.09,0.746,0.816,1
40,4885,0.953,0,2,2,3,14,0.739,0.814,44.3,0.753,1.0,1
75,4886,0.275,2,3,0,2,10,0.531,0.66,43.08,0.644,0.575,1
61,4887,0.916,1,3,0,2,1,0.887,0.784,30.18,0.83,0.945,1
50,4888,0.614,1,3,0,1,8,0.775,0.663,45.06,0.662,0.805,1
67,4889,0.628,2,5,1,2,6,0.656,0.692,40.93,0.706,0.864,0
62,4890,0.568,2,3,0,2,4,0.65,0.648,37.86,0.819,0.804,1
58,4891,0.729,2,3,0,2,1,0.791,0.803,38.44,0.783,0.882,1
33,4892,0.679,2,1,1,3,3,0.815,0.787,29.5,0.681,0.889,0
75,4893,0.733,0,2,2,2,7,0.756,0.711,40.53,0.708,0.827,0
16,4894,0.621,1,4,2,2,2,0.724,0.754,43.31,0.791,0.698,1
82,4895,0.87,1,6,6,1,9,0.64,0.574,42.14,0.733,0.952,0
94,4896,0.675,1,4,0,2,3,0.8,0.716,48.27,0.752,0.804,0
48,4897,0.711,2,1,1,3,6,0.893,0.862,28.2,0.763,0.836,1
10,4898,0.789,1,4,0,2,5,0.643,0.82,46.88,0.765,0.825,1
82,4899,0.691,2,1,3,2,11,0.9,0.837,21.4,0.729,0.915,0
38,4900,0.631,3,5,1,3,14,0.733,0.77,46.12,0.896,0.848,1
19,4901,0.886,2,0,0,3,3,0.808,0.847,33.34,0.782,0.74,1
36,4902,0.895,2,3,1,2,4,0.908,0.626,31.77,0.868,0.963,1
59,4903,0.545,3,1,0,2,8,0.907,0.732,28.85,0.978,0.841,1
63,4904,0.447,1,4,1,2,1,0.732,0.683,53.63,0.598,0.725,0
77,4905,0.596,2,4,2,3,11,0.785,0.806,46.33,0.746,0.722,1
46,4906,0.899,0,4,2,1,9,0.769,0.774,52.98,0.824,0.934,1
3,4907,0.758,0,2,1,2,4,0.626,0.772,35.93,0.683,0.803,1
74,4908,0.909,1,4,2,2,4,0.624,0.802,40.11,0.793,0.797,1
65,4909,0.44,1,3,1,3,11,0.661,0.746,33.75,0.692,0.73,0
91,4910,0.561,2,1,1,3,2,0.829,0.701,39.68,0.63,0.687,0
8,4911,0.627,1,4,1,2,5,0.655,0.773,34.4,0.769,0.861,0
51,4912,0.878,3,4,0,3,8,0.865,0.69,35.31,0.841,0.981,1
81,4913,0.576,3,0,2,2,13,0.778,0.776,35.13,0.751,0.778,1
73,4914,0.797,3,2,0,2,1,0.973,0.94,35.76,0.821,0.986,1
6,4915,0.932,3,2,1,1,3,0.774,0.701,28.32,1.0,0.958,1
89,4916,0.724,3,4,0,2,14,0.817,0.574,38.85,0.802,0.817,1
39,4917,0.88,1,3,0,3,7,0.824,0.762,28.99,0.846,0.931,1
60,4918,0.772,2,5,1,2,6,0.763,0.729,46.43,0.806,0.899,1
28,4919,0.658,1,7,0,2,9,0.836,0.785,48.01,0.653,0.858,0
97,4920,0.933,2,2,6,2,10,1.0,0.817,31.93,0.932,0.887,1
54,4921,0.708,2,4,0,1,14,0.756,0.584,38.58,0.76,0.93,1
37,4922,0.411,2,4,1,3,9,0.656,0.637,39.11,0.739,0.781,0
9,4923,0.786,1,3,1,2,5,0.678,0.678,35.75,0.732,0.908,0
82,4924,0.753,2,1,4,2,12,0.851,0.892,28.65,0.825,0.824,1
56,4925,0.754,0,1,1,2,7,0.636,0.595,35.36,0.726,0.832,0
59,4926,0.725,2,3,1,2,3,0.817,0.784,38.49,0.809,0.81,1
85,4927,0.864,2,1,2,2,4,0.624,0.79,26.83,0.779,0.872,1
2,4928,0.644,3,2,0,2,10,0.844,0.665,29.15,0.918,0.914,1
61,4929,0.819,3,5,0,3,13,0.798,0.445,41.57,0.779,0.831,1
58,4930,0.425,1,5,1,2,12,0.525,0.595,43.89,0.783,0.667,0
60,4931,0.769,3,1,1,3,2,0.81,0.7,21.94,0.858,1.0,1
40,4932,0.951,3,4,1,2,9,0.978,0.803,38.98,0.948,1.0,1
36,4933,0.524,2,1,1,3,14,0.901,0.814,33.29,0.701,0.854,1
37,4934,0.796,3,1,0,1,12,0.771,0.874,36.85,0.873,0.81,1
79,4935,0.428,0,5,0,2,6,0.552,0.505,53.82,0.672,0.695,0
92,4936,0.493,3,0,1,1,9,0.905,0.872,21.53,0.807,0.807,1
18,4937,0.971,2,2,1,2,14,0.873,0.767,28.49,0.974,0.982,1
98,4938,0.679,3,2,1,1,3,0.825,0.786,32.42,0.786,0.811,0
63,4939,0.601,1,4,2,2,9,0.887,0.58,47.25,0.715,0.823,0
22,4940,0.873,2,5,1,1,3,0.758,0.614,48.23,0.897,1.0,1
11,4941,0.888,2,3,1,2,9,0.792,0.583,31.3,0.867,0.88,1
58,4942,0.503,1,3,2,3,12,0.774,0.581,46.7,0.733,0.783,0
57,4943,0.824,3,1,1,1,8,1.0,0.795,30.59,0.96,1.0,1
77,4944,0.599,2,2,3,2,6,0.827,0.821,25.7,0.798,0.896,1
4,4945,0.444,3,4,4,2,7,0.927,0.786,42.93,0.856,0.791,0
86,4946,0.825,2,4,0,1,7,0.784,0.772,40.61,0.78,0.871,1
7,4947,0.761,3,4,1,3,6,0.662,0.764,35.19,0.879,0.768,1
61,4948,0.73,2,1,1,2,10,0.886,0.911,26.55,0.771,0.781,1
54,4949,0.841,0,5,0,1,9,0.56,0.686,50.99,0.604,0.797,1
88,4950,0.638,2,1,1,2,9,0.913,0.809,16.61,0.849,0.846,1
68,4951,0.96,0,2,1,3,1,0.718,0.618,26.87,0.617,0.897,1
92,4952,0.901,3,4,2,3,4,0.867,0.752,29.83,0.971,0.984,1
79,4953,0.917,1,4,0,2,2,0.86,0.755,47.31,0.805,0.848,0
1,4954,0.631,2,4,0,3,10,0.691,0.791,34.72,0.717,0.823,1
55,4955,0.729,2,3,4,3,13,0.817,0.837,38.5,0.841,0.939,1
3,4956,0.512,2,2,1,2,12,0.885,0.762,37.2,0.708,0.761,1
78,4957,0.771,2,4,1,2,4,0.719,0.638,39.14,0.88,0.916,1
38,4958,0.954,3,4,2,3,13,0.961,0.905,27.95,0.929,0.919,1
1,4959,0.721,1,5,1,1,6,0.81,0.8,57.74,0.725,0.915,1
38,4960,0.513,2,2,2,2,14,0.873,0.836,41.85,0.733,0.706,1
85,4961,0.44,1,3,0,2,7,0.85,0.634,40.43,0.651,0.788,1
29,4962,0.774,2,2,1,2,5,0.923,0.683,46.39,0.864,1.0,1
5,4963,0.647,1,0,0,1,14,0.932,0.889,23.84,0.707,0.891,1
74,4964,0.359,2,2,2,2,14,0.649,0.813,39.41,0.641,0.652,0
92,4965,0.846,1,3,1,2,10,0.829,0.795,37.74,0.719,0.911,1
21,4966,0.461,3,2,0,2,9,0.764,0.642,32.88,0.73,0.79,1
71,4967,0.764,1,5,1,2,13,0.809,0.641,50.2,0.683,0.811,1
67,4968,0.544,1,5,2,2,9,0.585,0.532,44.23,0.631,0.799,0
47,4969,0.772,2,3,4,2,4,0.775,0.696,36.72,0.92,0.815,0
84,4970,0.86,1,1,2,1,12,0.786,0.843,27.63,0.894,0.994,1
83,4971,0.724,1,1,0,1,1,0.726,0.776,43.21,0.835,0.884,1
35,4972,0.842,2,4,0,1,1,0.804,0.68,42.76,0.837,0.844,1
68,4973,0.917,2,4,2,2,14,0.849,0.706,32.42,0.868,0.829,1
69,4974,0.853,1,2,0,1,12,0.812,0.876,38.77,0.738,0.8,1
1,4975,0.599,0,6,0,3,1,0.491,0.735,52.88,0.591,0.754,1
68,4976,0.547,2,3,0,2,13,0.853,0.709,42.37,0.763,0.722,1
12,4977,0.82,2,2,0,2,3,0.905,0.733,36.91,0.755,0.85,0
60,4978,0.651,1,2,0,1,11,0.751,0.761,33.16,0.768,0.831,1
27,4979,0.672,1,3,2,1,2,0.742,0.694,51.12,0.884,0.757,1
56,4980,0.935,1,1,0,2,9,0.815,0.762,31.67,0.774,0.874,1
23,4981,0.765,3,6,1,2,5,0.608,0.555,44.13,0.81,0.77,0
25,4982,0.645,2,4,0,2,9,0.699,0.627,39.49,0.658,0.78,1
21,4983,0.642,1,2,1,1,10,0.786,0.785,40.94,0.74,0.739,1
61,4984,0.508,2,7,0,2,5,0.708,0.596,53.76,0.772,0.765,0
63,4985,0.82,3,4,0,2,12,0.865,0.711,37.86,0.879,0.995,1
52,4986,0.745,0,3,2,2,12,0.7,0.69,43.36,0.711,0.837,1
88,4987,0.656,2,2,1,2,14,0.805,0.776,32.63,0.906,0.929,1
25,4988,0.678,3,2,3,3,7,0.788,0.756,30.74,0.789,0.79,1
55,4989,0.731,1,4,1,2,3,0.701,0.704,45.76,0.73,0.838,1
46,4990,0.542,3,4,1,3,5,0.66,0.707,39.97,0.799,0.687,0
32,4991,0.939,2,5,1,1,12,0.797,0.816,42.17,0.887,0.963,1
55,4992,0.623,2,0,1,3,9,0.978,0.819,41.1,0.776,0.914,1
96,4993,0.65,3,3,3,2,8,0.833,0.892,30.73,0.874,0.943,1
5,4994,0.672,1,3,3,2,5,0.712,0.757,42.94,0.776,0.836,0
36,4995,0.886,2,3,2,2,12,0.742,0.878,21.13,0.901,0.846,1
49,4996,0.735,3,2,1,2,2,0.95,0.652,25.24,0.852,0.934,1
58,4997,0.773,2,0,1,3,8,0.91,0.752,25.36,0.85,0.871,1
39,4998,0.921,0,1,1,1,14,0.88,0.788,45.77,0.827,0.827,1
80,4999,0.66,2,1,2,2,11,0.777,0.542,32.05,0.69,0.874,1
97,5000,0.869,1,3,0,2,7,0.706,0.693,40.24,0.652,0.894,1
85,5001,0.715,2,3,0,3,9,0.854,0.642,47.38,0.802,0.83,1
61,5002,0.861,2,2,1,1,9,0.803,0.776,32.85,0.889,0.856,1
9,5003,0.77,2,3,1,2,13,0.737,0.762,36.17,0.797,0.831,1
6,5004,0.51,2,2,3,3,5,0.773,0.836,32.5,0.711,0.749,1
35,5005,0.744,1,2,1,3,9,0.682,0.685,35.55,0.805,0.917,1
39,5006,0.967,0,2,0,3,6,0.553,0.792,39.61,0.66,0.81,1
22,5007,0.599,3,6,4,3,14,0.804,0.816,44.08,0.841,0.788,1
41,5008,0.707,0,1,1,2,7,0.702,0.798,36.28,0.668,0.861,1
5,5009,0.712,1,1,2,2,12,0.625,0.776,28.09,0.915,0.844,1
42,5010,0.768,3,0,2,3,2,0.972,0.846,27.84,0.841,0.813,1
87,5011,0.679,2,3,0,2,5,0.806,0.705,48.82,0.881,0.91,1
81,5012,0.544,2,3,1,1,6,0.781,0.754,30.78,0.652,0.841,1
76,5013,0.716,1,1,1,1,3,0.702,0.768,33.95,0.811,0.931,1
87,5014,0.65,1,6,2,3,14,0.679,0.626,48.08,0.766,0.731,0
80,5015,0.907,2,4,2,1,2,0.671,0.609,34.55,0.872,0.985,1
67,5016,0.74,2,3,2,2,14,0.821,0.864,34.14,0.763,0.886,1
30,5017,0.469,3,3,0,3,10,0.778,0.747,41.13,0.928,0.899,0
57,5018,0.884,2,4,0,2,11,0.814,0.522,36.77,0.833,1.0,1
86,5019,0.767,0,4,4,1,13,0.606,0.737,47.03,0.745,0.836,1
73,5020,0.792,1,5,1,1,9,0.742,0.696,45.05,0.765,0.874,1
29,5021,0.651,1,1,1,1,9,0.734,0.729,30.94,0.679,0.865,1
37,5022,0.663,1,2,0,2,14,0.635,0.654,31.82,0.74,0.756,1
87,5023,0.716,2,6,0,2,2,0.575,0.576,44.8,0.842,0.875,0
13,5024,0.687,1,6,2,1,2,0.681,0.617,43.54,0.713,0.819,0
32,5025,0.747,1,0,0,1,2,0.931,0.882,36.11,0.906,0.899,1
46,5026,0.925,3,1,1,3,7,1.0,0.768,13.06,0.854,0.904,1
23,5027,0.539,2,4,0,1,2,0.79,0.823,43.35,0.72,0.693,1
45,5028,0.605,1,4,3,2,11,0.68,0.64,57.99,0.701,0.683,1
17,5029,0.855,1,4,0,2,8,0.712,0.552,40.77,0.721,0.879,1
85,5030,0.904,3,3,2,2,6,0.865,0.861,35.94,0.916,0.889,1
66,5031,0.772,3,3,0,1,5,0.77,0.591,27.49,0.932,0.849,1
6,5032,0.715,2,0,1,2,7,0.716,0.704,27.97,0.722,0.83,1
18,5033,0.799,2,5,1,3,9,0.904,0.781,34.59,0.786,0.904,0
94,5034,0.931,2,2,0,2,9,0.852,0.65,22.11,0.876,1.0,1
22,5035,0.98,3,3,3,2,11,0.849,0.638,24.94,0.904,0.933,1
33,5036,0.55,1,3,0,2,4,0.734,0.711,43.53,0.61,0.748,0
30,5037,0.907,3,3,1,2,8,0.793,0.728,36.01,1.0,0.946,1
81,5038,0.645,3,1,0,2,14,0.813,0.697,22.53,0.717,0.88,1
32,5039,0.848,1,4,2,2,14,0.78,0.695,35.21,0.7,0.921,1
42,5040,0.687,1,0,1,2,1,0.682,0.79,33.87,0.801,0.791,1
78,5041,0.846,2,3,3,2,3,0.739,0.708,25.09,0.817,0.803,0
10,5042,0.743,1,1,1,1,2,0.688,0.633,25.26,0.881,0.811,1
36,5043,0.782,1,3,2,2,9,0.871,0.526,39.47,0.849,0.98,1
34,5044,0.783,3,1,1,2,7,0.992,0.902,35.84,0.802,0.99,1
73,5045,0.729,2,4,0,3,4,0.918,0.843,40.6,0.851,0.86,1
28,5046,0.761,2,4,2,2,3,0.696,0.743,41.61,0.768,0.94,0
11,5047,0.328,1,3,0,2,11,0.658,0.721,50.1,0.648,0.676,0
78,5048,0.764,2,5,1,2,7,0.753,0.613,46.54,0.766,0.826,1
39,5049,0.631,2,0,3,1,9,0.784,0.657,26.41,0.814,0.901,1
47,5050,0.678,1,2,0,3,10,0.696,0.786,34.63,0.763,0.86,1
19,5051,0.524,1,3,2,3,5,0.75,0.812,40.99,0.802,0.751,0
15,5052,0.647,1,7,4,3,14,0.731,0.585,46.85,0.854,0.803,0
28,5053,0.88,1,4,0,2,7,0.751,0.688,38.64,0.623,0.817,1
24,5054,0.728,3,2,2,2,1,0.887,0.713,25.78,0.941,0.93,0
72,5055,0.896,1,2,0,3,9,0.95,0.846,35.58,0.935,1.0,1
9,5056,0.846,0,5,1,2,12,0.668,0.568,51.78,0.739,0.811,1
47,5057,0.751,2,2,2,2,5,0.714,0.697,24.71,0.805,0.909,1
33,5058,0.56,2,3,0,2,10,0.72,0.78,44.44,0.865,0.888,0
62,5059,0.707,1,3,2,1,3,0.635,0.614,39.92,0.684,0.739,1
97,5060,0.593,2,3,2,3,11,0.725,0.633,34.57,0.783,0.716,0
19,5061,0.521,0,9,0,2,7,0.539,0.58,71.89,0.728,0.718,0
67,5062,0.765,1,5,3,2,6,0.754,0.737,52.04,0.794,0.854,1
74,5063,0.678,1,4,1,2,11,0.727,0.641,42.54,0.715,0.779,1
40,5064,0.343,1,2,2,2,9,0.608,0.776,40.69,0.654,0.618,1
47,5065,0.606,1,1,0,3,8,0.695,0.76,36.84,0.727,0.756,0
65,5066,0.836,2,3,1,1,12,0.953,0.877,36.07,0.903,0.904,1
29,5067,0.613,0,5,1,2,8,0.762,0.728,48.98,0.667,0.77,1
50,5068,0.868,1,0,3,2,13,0.836,0.764,34.73,0.74,0.954,1
98,5069,0.348,2,3,1,1,6,0.743,0.73,44.44,0.569,0.669,1
13,5070,0.57,2,4,3,1,5,0.784,0.725,40.96,0.81,0.836,0
1,5071,0.877,1,5,4,3,6,0.768,0.617,39.67,0.816,1.0,1
34,5072,0.688,1,3,3,2,1,0.807,0.758,44.91,0.618,0.778,1
93,5073,0.683,2,2,1,2,10,0.798,0.693,43.46,0.948,0.825,1
48,5074,0.713,0,3,0,3,2,0.712,0.6,41.01,0.723,0.811,1
77,5075,0.663,2,3,1,3,6,0.633,0.681,31.49,0.793,0.862,1
48,5076,0.653,1,1,0,2,5,0.82,0.755,34.67,0.749,0.853,0
49,5077,0.644,3,2,2,2,13,0.716,0.796,32.88,0.852,0.882,1
64,5078,0.605,2,2,1,2,1,0.757,0.72,34.31,0.743,0.848,1
61,5079,0.897,2,4,1,1,6,0.811,0.811,34.19,0.944,0.828,1
29,5080,0.671,1,2,2,3,13,0.819,0.803,36.69,0.747,0.934,1
39,5081,0.737,2,3,1,2,12,0.88,0.796,35.24,0.807,0.882,1
88,5082,0.954,2,3,0,3,2,0.952,0.797,25.76,0.869,0.818,0
26,5083,0.795,1,1,1,2,4,0.856,0.684,44.98,0.692,0.824,1
17,5084,0.762,3,4,0,2,9,0.847,0.759,36.9,0.839,0.815,0
71,5085,0.634,3,4,0,2,6,0.866,0.905,33.8,0.823,0.917,1
13,5086,0.82,1,2,1,2,3,0.92,0.811,36.21,0.789,0.96,1
69,5087,0.846,3,2,2,1,9,0.968,0.874,28.09,0.872,1.0,1
26,5088,0.998,2,5,1,2,1,0.679,0.502,31.15,0.776,0.924,0
49,5089,0.965,2,1,0,3,3,0.923,0.72,25.93,0.999,1.0,1
67,5090,0.876,1,1,3,3,5,0.863,0.904,38.32,0.724,0.985,0
7,5091,0.804,1,4,3,1,3,0.814,0.748,39.62,0.778,0.849,1
58,5092,0.812,3,2,1,2,6,0.88,0.803,23.03,0.863,0.844,1
49,5093,0.776,2,2,1,2,5,0.859,0.927,31.24,0.769,0.951,0
53,5094,0.452,2,2,2,1,10,0.779,0.728,44.73,0.752,0.765,1
65,5095,0.873,2,2,1,2,12,0.865,0.698,27.51,0.772,0.884,0
62,5096,0.473,2,0,1,2,2,0.77,0.796,32.24,0.678,0.66,0
17,5097,0.74,1,3,0,3,8,0.94,0.883,39.27,0.866,0.905,0
43,5098,0.825,1,8,0,2,2,0.823,0.76,51.8,0.815,0.816,1
25,5099,0.692,3,3,3,2,10,0.834,0.738,32.93,0.945,0.897,1
3,5100,0.947,3,1,1,1,10,0.922,0.736,17.44,0.919,0.912,1
79,5101,0.746,3,3,1,2,2,0.942,0.824,34.64,0.857,0.852,1
29,5102,0.657,0,4,1,3,6,0.624,0.687,52.88,0.626,0.682,0
32,5103,0.817,2,2,1,2,3,0.935,0.967,32.05,0.793,0.951,1
26,5104,0.749,2,3,1,2,2,0.799,0.79,27.11,0.729,0.816,0
16,5105,0.887,2,3,0,2,2,0.766,0.748,31.27,0.791,1.0,1
25,5106,0.884,2,4,1,2,9,0.77,0.632,38.65,0.832,0.977,1
54,5107,0.811,1,6,1,3,14,0.81,0.553,34.45,0.923,0.935,1
28,5108,0.629,0,5,2,3,9,0.611,0.684,51.46,0.638,0.793,0
73,5109,0.822,0,6,2,3,7,0.767,0.788,52.34,0.769,0.844,1
56,5110,0.858,1,3,2,3,9,0.863,0.697,31.21,0.749,1.0,1
65,5111,0.668,1,1,2,1,2,0.651,0.701,36.76,0.794,0.774,1
93,5112,0.676,3,2,2,2,2,0.912,0.896,18.21,0.82,0.826,1
86,5113,0.727,0,4,1,2,3,0.673,0.746,51.99,0.748,0.885,1
80,5114,0.757,2,2,1,2,10,0.899,0.809,37.88,0.724,0.934,1
41,5115,0.901,3,2,1,2,8,0.869,0.775,23.01,0.895,0.935,1
51,5116,0.688,2,0,0,3,5,0.802,0.83,29.92,0.737,0.878,1
71,5117,0.487,1,2,1,2,1,0.695,0.737,35.3,0.597,0.764,1
78,5118,0.586,1,3,2,3,14,0.725,0.858,41.19,0.768,0.813,0
29,5119,0.855,2,3,1,2,12,0.861,0.824,32.71,0.775,0.892,1
83,5120,0.606,0,3,1,2,1,0.681,0.751,45.75,0.77,0.805,1
19,5121,0.772,3,1,1,2,7,0.874,0.768,23.98,0.915,0.792,1
66,5122,0.786,2,0,0,2,14,0.857,0.808,26.13,0.871,0.863,1
41,5123,0.735,2,3,0,2,6,0.859,0.804,44.11,0.868,0.831,0
45,5124,0.812,2,3,1,3,11,0.79,0.866,41.95,0.895,0.969,1
15,5125,0.804,3,2,0,2,11,0.981,0.808,25.01,0.866,0.879,1
3,5126,0.938,2,1,1,2,6,0.871,0.811,28.41,0.772,0.902,1
11,5127,0.825,2,1,0,2,10,0.843,0.592,22.84,0.904,0.872,1
53,5128,0.655,3,5,1,2,5,0.786,0.574,41.49,0.827,0.802,0
46,5129,0.593,3,4,0,2,2,0.979,0.73,40.54,0.711,0.858,1
30,5130,0.739,0,3,0,2,9,0.74,0.82,49.31,0.665,0.847,1
57,5131,0.868,1,3,1,2,4,0.763,0.756,30.07,0.747,0.867,1
18,5132,0.515,1,6,4,3,2,0.653,0.687,53.86,0.714,0.747,1
51,5133,0.832,0,6,2,3,3,0.919,0.793,52.74,0.774,0.956,1
48,5134,0.645,3,4,1,2,12,0.835,0.932,40.06,0.813,0.789,1
66,5135,0.747,1,2,0,1,8,0.822,0.738,33.73,0.746,0.956,1
96,5136,0.736,1,0,4,2,10,0.764,0.798,27.68,0.84,0.803,1
8,5137,0.646,0,4,1,3,4,0.662,0.731,57.05,0.686,0.836,0
22,5138,0.519,3,8,3,1,3,0.733,0.646,48.87,0.846,0.813,0
6,5139,0.328,3,1,2,2,3,0.728,0.884,40.09,0.855,0.608,1
76,5140,0.644,2,2,3,1,10,0.834,0.669,40.57,0.863,0.84,1
57,5141,0.208,2,1,0,2,10,0.718,0.798,34.04,0.587,0.666,0
36,5142,0.896,2,0,0,2,6,0.917,0.966,17.88,0.838,0.879,1
79,5143,0.777,2,7,2,2,10,0.775,0.678,42.19,0.736,0.908,0
92,5144,0.92,1,1,2,2,10,0.859,0.716,39.7,0.83,1.0,1
57,5145,0.862,2,3,0,2,9,0.822,0.871,30.41,0.791,0.912,1
49,5146,0.305,2,2,3,2,7,0.684,0.66,44.77,0.712,0.756,0
45,5147,0.691,2,4,2,2,5,0.774,0.881,40.43,0.78,0.844,1
82,5148,0.775,2,5,2,2,10,0.983,0.803,42.2,0.924,0.851,0
66,5149,0.524,3,2,2,3,3,0.887,0.754,34.82,0.886,0.773,1
77,5150,0.815,2,2,3,1,10,0.739,0.742,31.76,0.879,0.901,1
45,5151,0.638,2,4,3,3,1,0.774,0.642,43.39,0.705,0.733,0
79,5152,0.539,3,2,3,2,9,0.847,0.776,34.23,0.835,0.813,1
20,5153,0.492,1,1,1,1,3,0.721,0.77,36.1,0.636,0.783,1
64,5154,0.669,1,1,1,2,3,0.736,0.833,37.11,0.767,0.981,1
93,5155,0.535,2,2,0,2,12,0.63,0.808,35.23,0.735,0.809,1
93,5156,0.689,2,4,1,2,8,0.746,0.845,47.21,0.879,0.826,0
67,5157,0.862,1,4,3,3,14,0.873,0.63,42.93,0.863,0.917,1
83,5158,0.698,2,1,4,3,2,0.891,0.771,35.85,0.802,0.803,1
3,5159,0.554,3,2,1,3,9,0.93,0.8,41.25,0.884,0.78,1
54,5160,0.766,2,1,1,2,4,0.834,0.673,26.35,0.743,0.903,0
78,5161,0.913,2,6,0,2,8,0.747,0.538,36.26,0.817,0.995,0
64,5162,0.821,1,3,0,2,10,0.675,0.863,38.84,0.844,0.856,1
40,5163,0.686,3,1,2,2,14,0.831,0.868,29.34,0.818,0.922,1
59,5164,0.442,2,1,3,2,11,0.922,0.953,40.99,0.754,0.805,1
55,5165,0.586,2,0,3,3,13,0.855,0.73,21.58,0.713,0.897,0
62,5166,0.59,2,3,1,1,8,0.829,0.727,37.42,0.85,0.726,1
4,5167,0.81,1,3,0,3,13,0.752,0.673,48.18,0.808,0.874,1
60,5168,0.607,0,1,3,2,12,0.701,0.664,43.33,0.671,0.74,1
75,5169,0.804,1,2,2,2,13,0.866,0.818,37.17,0.792,0.964,1
95,5170,0.856,0,0,2,2,7,0.709,0.767,38.8,0.666,0.838,1
96,5171,0.599,2,1,1,2,8,0.74,0.719,21.63,0.84,0.829,1
91,5172,0.457,2,5,0,2,12,0.797,0.652,39.09,0.826,0.778,0
30,5173,0.645,1,2,1,2,9,0.677,0.62,35.98,0.734,0.726,1
2,5174,0.488,2,3,0,3,3,0.737,0.664,43.24,0.691,0.789,1
62,5175,0.729,0,1,4,2,5,0.787,0.733,34.04,0.617,0.851,1
49,5176,0.558,2,6,1,3,3,0.675,0.692,47.85,0.677,0.75,1
9,5177,0.821,0,3,1,3,1,0.746,0.779,40.61,0.845,0.854,1
92,5178,0.642,2,3,1,2,14,0.722,0.851,49.86,0.739,0.915,0
31,5179,0.46,2,4,1,2,6,0.608,0.505,50.29,0.778,0.794,0
98,5180,0.637,1,3,1,2,9,0.608,0.947,43.29,0.731,0.783,1
61,5181,0.826,2,6,1,2,1,0.813,0.814,39.39,0.861,0.918,1
79,5182,0.906,2,3,0,2,8,0.839,0.778,34.0,0.977,0.987,1
48,5183,0.768,2,1,1,1,10,0.821,0.942,32.2,0.763,0.855,1
25,5184,0.86,1,3,3,3,3,0.88,0.766,36.74,0.864,0.969,1
36,5185,0.949,1,3,0,3,6,0.931,0.803,35.2,0.833,0.959,1
8,5186,0.894,2,2,0,2,9,0.947,0.747,31.65,0.882,0.978,1
73,5187,0.697,3,2,1,2,9,0.869,0.814,21.45,0.812,0.798,1
58,5188,0.823,2,3,1,3,2,0.9,0.787,38.2,0.79,0.957,1
45,5189,0.57,1,1,1,2,11,0.747,0.755,44.06,0.816,0.886,1
62,5190,0.559,2,2,1,2,4,0.803,0.83,32.54,0.795,0.682,1
39,5191,0.557,0,2,1,1,2,0.673,0.71,44.05,0.612,0.809,1
96,5192,0.656,3,1,1,1,11,0.747,0.771,24.99,0.785,0.71,1
58,5193,0.792,3,3,2,3,5,0.93,0.646,27.04,0.86,0.825,1
81,5194,0.461,2,0,4,2,1,0.658,0.769,35.9,0.81,0.663,1
99,5195,0.743,3,1,0,1,2,0.942,0.962,22.75,1.0,0.968,1
83,5196,0.899,0,2,2,2,12,0.725,0.837,39.41,0.846,0.852,1
64,5197,0.277,1,1,2,1,14,0.467,0.584,37.95,0.522,0.517,1
44,5198,0.716,1,7,2,2,2,0.69,0.708,57.38,0.7,0.792,0
29,5199,0.84,2,5,2,1,3,0.91,0.717,41.98,0.941,0.856,1
59,5200,0.907,2,1,0,2,3,0.949,0.638,31.99,0.944,1.0,0
71,5201,0.782,1,2,0,2,6,0.777,0.805,34.84,0.793,0.851,1
92,5202,0.819,1,3,0,2,10,0.733,0.83,35.46,0.805,0.866,0
9,5203,0.795,3,5,0,2,6,0.848,0.585,48.45,0.959,0.923,1
92,5204,0.707,0,4,2,2,2,0.699,0.602,50.52,0.823,0.943,1
6,5205,0.488,1,6,2,2,1,0.589,0.665,62.8,0.634,0.652,0
29,5206,0.654,1,3,1,2,14,0.726,0.846,39.28,0.598,0.783,1
58,5207,0.849,1,0,0,3,13,0.817,0.74,33.47,0.782,0.896,1
17,5208,0.9,1,2,0,2,12,0.85,0.812,30.32,0.936,0.997,1
16,5209,0.626,2,4,1,3,4,0.82,0.714,34.37,0.801,0.861,0
87,5210,0.651,2,4,0,2,8,0.754,0.777,43.03,0.761,0.935,1
95,5211,0.63,2,0,3,2,14,0.837,0.804,30.3,0.805,0.793,1
3,5212,0.762,2,6,4,1,9,0.687,0.551,45.28,0.821,0.887,1
21,5213,0.459,3,3,2,2,6,0.633,0.54,28.53,0.852,0.73,1
64,5214,0.602,1,7,1,3,11,0.726,0.645,45.05,0.625,0.756,1
90,5215,0.537,0,2,0,1,14,0.574,0.587,45.77,0.612,0.733,0
36,5216,0.598,1,4,1,3,7,0.631,0.609,38.33,0.692,0.781,0
86,5217,0.679,2,5,0,2,12,0.819,0.88,47.96,0.941,0.984,1
62,5218,0.878,0,7,1,2,9,0.454,0.508,56.44,0.77,0.777,1
42,5219,0.813,2,2,1,3,7,0.871,0.618,39.62,0.837,0.876,1
76,5220,0.642,2,4,1,3,13,0.665,0.546,44.01,0.749,0.91,1
42,5221,0.696,2,2,1,1,11,0.805,0.637,31.09,0.803,0.875,1
61,5222,0.69,1,4,0,3,10,0.706,0.689,46.16,0.812,0.839,1
13,5223,0.535,2,2,0,2,5,0.714,0.857,31.37,0.647,0.755,1
11,5224,0.857,3,2,1,2,12,0.933,0.794,30.51,0.899,0.847,1
54,5225,0.557,1,4,1,2,8,0.648,0.575,53.99,0.785,0.612,0
16,5226,0.851,1,2,2,2,8,0.625,0.733,34.51,0.7,0.813,1
8,5227,0.837,0,4,1,2,9,0.729,0.753,43.87,0.697,0.805,1
59,5228,0.822,2,3,3,2,2,0.71,0.698,34.07,0.793,0.924,1
57,5229,0.591,3,3,2,3,4,1.0,0.971,37.46,0.861,0.889,1
40,5230,0.53,0,2,1,2,12,0.646,0.535,47.59,0.519,0.831,1
59,5231,0.46,2,3,3,3,6,0.696,0.693,44.8,0.679,0.831,1
2,5232,0.902,3,6,0,1,10,0.98,0.631,36.53,0.813,0.987,0
94,5233,0.765,2,1,2,2,6,0.837,0.82,39.16,0.762,0.949,1
94,5234,0.948,1,3,2,3,1,0.626,0.724,34.0,0.81,0.95,1
76,5235,0.621,3,2,2,2,3,0.831,0.637,25.3,0.781,0.875,1
10,5236,0.973,0,2,1,3,12,0.831,0.875,29.98,0.808,0.883,1
44,5237,0.885,1,1,0,1,7,0.752,0.747,30.91,0.924,0.888,1
11,5238,0.78,3,3,2,3,5,0.93,0.765,30.27,0.739,0.783,0
79,5239,0.853,1,4,1,1,12,0.738,0.714,39.01,0.807,0.902,1
80,5240,0.782,3,3,2,1,4,0.811,0.745,35.96,0.924,0.9,1
81,5241,0.926,1,6,1,2,12,0.632,0.626,51.53,0.763,0.895,1
90,5242,0.762,3,2,2,3,14,0.865,0.596,26.07,0.807,0.897,1
2,5243,0.709,2,2,3,1,7,0.941,0.826,39.86,0.8,0.947,1
50,5244,0.626,2,1,4,3,13,0.71,0.836,40.54,0.79,0.724,0
12,5245,0.853,2,2,1,2,9,0.914,0.841,25.53,0.863,0.943,1
90,5246,0.866,1,4,4,1,4,0.831,0.682,44.93,0.786,0.97,1
23,5247,0.521,1,1,1,2,12,0.804,0.852,38.74,0.686,0.898,1
18,5248,0.805,2,1,2,3,2,0.94,0.876,25.5,0.912,1.0,1
62,5249,0.69,3,2,3,3,4,0.651,0.558,32.24,0.886,0.82,1
96,5250,0.703,2,2,2,2,12,0.902,0.761,28.03,0.87,0.826,1
62,5251,0.413,3,5,0,3,3,0.744,0.695,44.75,0.711,0.66,0
38,5252,0.858,3,0,1,1,3,0.918,0.948,22.91,0.925,0.971,1
67,5253,0.619,2,4,0,2,10,0.633,0.813,42.52,0.722,0.784,1
38,5254,0.708,3,4,1,1,9,0.895,0.827,38.19,0.942,0.864,1
67,5255,0.533,1,7,0,2,12,0.536,0.552,60.71,0.617,0.782,1
94,5256,0.708,2,5,1,3,9,0.712,0.673,38.51,0.845,0.823,1
61,5257,0.367,2,2,1,1,14,0.534,0.808,50.13,0.686,0.614,0
1,5258,0.77,1,0,0,2,4,0.783,0.727,32.22,0.732,0.932,1
94,5259,0.633,3,1,0,3,9,0.847,0.624,25.93,0.793,0.811,1
45,5260,0.917,0,4,2,2,13,0.816,0.636,47.3,0.703,0.901,0
96,5261,0.915,2,1,0,3,14,0.844,0.752,25.56,0.917,0.881,1
28,5262,0.843,0,4,2,2,12,0.684,0.712,41.36,0.78,0.878,1
21,5263,0.593,2,1,0,2,3,0.785,0.848,34.33,0.687,0.793,1
13,5264,0.709,2,1,0,3,1,0.803,0.784,33.52,0.77,0.829,0
27,5265,0.671,2,4,2,3,2,0.7,0.756,38.14,0.862,0.875,0
100,5266,0.284,2,0,0,2,5,0.645,0.814,32.21,0.739,0.603,0
7,5267,0.892,2,6,0,2,11,1.0,0.787,39.87,0.849,1.0,1
22,5268,0.648,2,1,0,2,13,0.802,0.711,34.14,0.742,0.746,1
74,5269,0.799,1,1,1,2,13,0.803,0.841,27.63,0.747,0.873,1
53,5270,0.685,2,3,1,1,9,0.744,0.818,34.86,0.804,0.862,1
79,5271,0.746,3,0,1,2,14,0.84,0.896,22.11,0.941,0.766,1
79,5272,0.884,2,3,0,2,1,0.825,0.857,27.6,0.825,0.875,0
4,5273,0.68,2,4,1,1,12,0.877,0.813,43.4,0.728,0.777,1
96,5274,0.457,1,1,0,3,13,0.602,0.769,39.11,0.753,0.793,1
23,5275,0.832,1,4,1,2,4,0.775,0.683,49.56,0.668,0.919,0
70,5276,0.76,3,5,1,2,7,1.0,0.743,46.56,0.886,0.884,1
88,5277,0.84,3,6,1,2,5,0.905,0.717,36.29,0.82,0.957,1
84,5278,0.797,1,3,1,2,13,0.791,0.67,43.41,0.677,0.857,1
84,5279,0.744,2,2,0,2,6,0.814,0.887,31.23,0.826,0.841,1
76,5280,0.77,2,6,1,2,12,0.814,0.796,49.46,0.712,0.868,0
33,5281,0.939,2,5,1,2,11,0.907,0.743,43.67,0.811,0.88,1
28,5282,0.549,2,3,2,2,12,0.836,0.638,26.88,0.805,0.828,1
8,5283,0.883,2,8,0,2,10,0.849,0.638,36.99,0.792,0.945,0
1,5284,0.626,3,5,1,3,10,0.872,0.651,41.56,0.839,0.842,0
37,5285,0.879,3,6,1,2,2,0.826,0.803,43.35,0.923,0.951,1
63,5286,0.437,3,3,1,2,6,0.76,0.726,25.5,0.838,0.793,1
22,5287,0.776,2,3,0,2,10,0.738,0.666,30.68,0.884,0.724,1
70,5288,0.926,0,5,0,3,14,0.718,0.678,54.97,0.74,0.771,1
21,5289,0.797,2,5,0,3,3,0.675,0.865,33.89,0.844,0.807,1
96,5290,0.372,2,0,1,2,6,0.706,0.696,31.99,0.843,0.661,0
35,5291,0.855,3,3,2,2,2,0.742,0.708,42.08,0.914,0.814,0
79,5292,0.863,3,2,0,3,11,0.734,0.704,27.29,0.929,0.859,1
5,5293,0.684,2,2,0,2,3,0.647,0.642,30.89,0.795,0.858,0
60,5294,0.874,1,2,1,3,12,0.663,0.637,38.31,0.738,0.79,1
46,5295,0.768,1,3,3,2,1,0.844,0.751,42.17,0.7,0.9,0
50,5296,0.499,2,4,1,3,8,0.685,0.669,42.34,0.761,0.768,0
48,5297,0.731,1,3,3,1,7,0.701,0.659,46.66,0.744,0.893,1
6,5298,0.779,3,5,1,2,10,0.706,0.581,36.76,0.878,0.837,1
89,5299,0.685,2,4,1,2,1,0.698,0.552,38.91,0.843,0.846,1
56,5300,0.866,3,5,1,3,10,0.897,0.87,33.08,0.98,0.995,0
59,5301,0.743,1,4,1,3,9,0.784,0.861,44.9,0.821,0.939,0
29,5302,0.59,1,3,1,2,9,0.771,0.806,43.57,0.773,0.827,1
71,5303,0.435,2,3,0,3,3,0.726,0.673,43.92,0.613,0.855,1
77,5304,0.579,3,3,2,3,8,0.829,0.771,30.44,0.716,0.816,1
18,5305,0.606,1,7,1,1,14,0.658,0.706,54.61,0.696,0.837,1
2,5306,0.993,3,4,1,2,7,0.94,0.735,24.99,0.987,0.894,1
8,5307,0.571,2,4,0,1,10,0.8,0.7,32.88,0.586,0.718,1
75,5308,0.91,3,2,1,2,8,0.849,0.645,21.83,0.906,0.987,1
97,5309,0.888,1,4,0,2,2,0.663,0.669,38.08,0.857,0.868,0
54,5310,0.566,2,2,3,2,10,0.862,0.747,23.04,0.828,0.737,1
38,5311,0.803,1,3,1,2,1,0.871,0.759,33.27,0.774,0.925,1
48,5312,0.664,1,2,1,1,12,0.656,0.724,41.0,0.646,0.769,1
27,5313,0.803,2,4,1,1,7,0.763,0.843,38.03,0.844,0.782,1
20,5314,0.941,1,1,0,2,10,0.937,0.906,31.95,0.921,0.939,1
12,5315,0.885,2,4,1,1,14,0.801,0.729,44.64,0.832,0.92,1
43,5316,0.721,2,6,0,3,3,0.675,0.635,45.21,0.852,0.792,1
61,5317,0.563,1,6,1,1,1,0.752,0.622,54.12,0.732,0.982,0
31,5318,0.612,3,6,1,3,8,0.721,0.674,51.44,0.772,0.742,1
91,5319,0.792,3,3,1,2,1,0.761,0.69,23.74,0.881,0.835,1
96,5320,0.733,3,3,1,2,7,0.776,0.7,35.0,0.82,0.822,1
61,5321,0.688,2,4,1,2,11,0.814,0.631,25.41,0.816,0.915,1
74,5322,0.887,2,2,1,1,13,0.712,0.59,38.57,0.945,0.914,1
67,5323,0.783,1,3,1,3,8,0.73,0.648,41.86,0.838,0.937,1
91,5324,0.728,0,1,0,3,5,0.631,0.74,41.09,0.721,0.764,1
35,5325,0.862,2,3,2,2,8,0.962,0.702,36.64,0.924,0.904,1
95,5326,0.701,2,3,2,1,4,0.721,0.776,39.3,0.81,0.782,0
15,5327,0.793,2,1,3,1,4,0.83,0.688,37.05,0.861,0.934,1
16,5328,0.979,2,3,2,3,14,0.848,0.829,29.86,0.895,0.903,1
13,5329,0.726,1,1,1,2,13,0.708,0.693,33.22,0.932,0.847,1
35,5330,0.734,2,4,0,2,13,0.613,0.771,40.35,0.89,0.818,1
75,5331,0.567,1,4,0,2,1,0.842,0.801,38.66,0.64,0.789,1
59,5332,0.864,2,2,0,2,6,0.822,0.775,32.45,0.862,0.901,1
21,5333,0.882,1,5,0,2,13,0.669,0.698,45.15,0.664,0.948,1
54,5334,0.54,0,2,4,1,7,0.825,0.787,40.77,0.745,0.793,0
75,5335,0.779,3,4,0,2,12,0.945,0.692,25.44,0.908,0.938,1
30,5336,0.916,1,4,3,3,14,0.705,0.675,35.69,0.869,0.969,1
48,5337,0.708,2,4,0,3,5,0.753,0.75,38.08,0.882,0.914,1
35,5338,0.621,3,3,1,3,3,0.771,0.78,42.43,0.745,0.878,0
86,5339,0.794,1,3,2,2,6,0.748,0.705,33.81,0.729,0.851,1
38,5340,0.8,2,0,2,1,8,0.836,1.0,20.24,0.823,0.86,0
31,5341,0.85,1,3,1,2,6,0.798,0.952,30.78,0.749,0.899,0
78,5342,0.633,0,3,1,1,13,0.662,0.757,48.88,0.696,0.768,0
24,5343,0.951,2,3,0,3,4,0.852,0.847,33.68,0.812,0.885,1
49,5344,0.697,2,2,1,2,10,0.733,0.853,38.92,0.777,0.745,1
96,5345,0.594,0,1,0,1,4,0.696,0.735,38.43,0.582,0.732,1
100,5346,0.665,2,1,0,3,13,0.868,0.846,33.2,0.889,0.829,1
32,5347,0.921,0,2,3,2,14,0.676,0.669,42.98,0.585,0.851,1
55,5348,0.777,3,3,0,1,9,0.8,0.774,32.91,0.742,0.802,1
79,5349,0.582,2,0,2,2,9,0.727,0.697,29.5,0.773,0.758,1
58,5350,0.876,0,3,1,1,14,0.698,0.747,44.32,0.735,0.886,1
99,5351,0.804,3,5,1,2,3,0.909,0.719,40.72,0.815,0.855,1
3,5352,0.829,1,1,2,1,9,0.747,0.904,36.21,0.714,0.836,1
80,5353,0.926,1,5,2,2,5,0.705,0.636,45.36,0.665,0.836,1
69,5354,0.676,1,2,1,2,2,0.772,0.837,35.12,0.747,0.799,1
85,5355,0.433,2,1,1,3,2,0.794,0.647,30.96,0.773,0.677,1
10,5356,0.905,0,6,0,2,1,0.566,0.575,45.93,0.734,0.895,1
83,5357,0.874,0,2,0,2,5,0.701,0.719,41.27,0.689,0.741,0
25,5358,0.396,2,2,2,3,8,0.674,0.697,43.08,0.657,0.757,0
68,5359,0.65,3,1,3,1,14,0.955,0.982,23.7,0.804,0.78,1
61,5360,0.578,2,5,0,3,9,0.775,0.719,38.43,0.823,0.793,1
29,5361,0.566,2,3,0,1,8,0.772,0.596,39.9,0.848,0.841,1
19,5362,0.5,3,3,0,2,6,0.894,0.732,41.64,0.807,0.714,1
43,5363,0.894,1,5,1,1,12,0.817,0.648,50.2,0.789,0.913,1
66,5364,0.635,1,1,2,3,3,0.718,0.7,40.11,0.768,0.711,1
74,5365,0.621,3,1,0,2,12,0.879,0.778,28.86,0.836,0.911,1
61,5366,0.86,2,3,1,3,10,0.857,0.859,29.87,0.827,0.885,1
43,5367,0.894,0,5,5,1,4,0.735,0.867,42.43,0.723,0.807,0
25,5368,0.679,2,4,1,2,6,0.844,0.777,56.31,0.876,0.808,1
20,5369,0.606,3,0,5,2,2,0.929,0.836,19.44,0.87,0.849,1
48,5370,0.694,1,6,1,3,3,0.719,0.717,45.3,0.817,0.908,0
83,5371,0.516,1,2,0,3,7,0.644,0.781,38.79,0.639,0.775,1
87,5372,0.599,1,3,3,3,3,0.671,0.818,48.68,0.671,0.777,0
24,5373,0.793,2,3,1,2,8,0.749,0.8,31.91,0.932,0.979,1
11,5374,0.867,2,4,1,3,7,0.805,0.769,37.01,0.803,0.866,1
98,5375,0.895,0,2,0,2,10,0.628,0.785,39.08,0.622,0.819,1
55,5376,0.472,2,3,1,2,5,0.727,0.75,47.62,0.77,0.814,1
28,5377,0.778,2,3,2,3,1,0.689,0.721,33.12,0.789,0.868,0
69,5378,0.57,0,2,3,2,11,0.626,0.758,43.84,0.666,0.785,0
63,5379,0.759,2,5,1,1,3,0.811,0.78,44.39,0.866,0.901,1
59,5380,0.546,2,3,1,2,9,0.858,0.668,38.66,0.778,0.78,1
5,5381,0.868,2,7,1,2,11,0.737,0.666,42.23,0.758,0.853,0
51,5382,0.779,3,6,3,1,3,0.941,0.724,28.07,0.843,0.867,1
21,5383,0.922,1,4,0,2,14,0.902,0.801,34.17,0.793,0.937,1
12,5384,0.6,0,2,1,2,13,0.675,0.798,35.39,0.692,0.76,0
50,5385,0.857,2,0,0,3,7,0.921,0.91,24.52,0.889,1.0,1
4,5386,0.723,2,2,2,2,4,0.829,0.724,29.6,0.761,0.897,0
42,5387,0.574,3,3,1,2,12,0.962,0.698,35.65,0.767,0.942,1
84,5388,0.541,1,2,1,2,9,0.838,1.0,40.72,0.586,0.719,0
38,5389,0.868,1,0,1,2,2,0.772,0.754,23.53,0.872,0.958,1
25,5390,0.771,2,0,1,2,8,0.89,0.77,33.11,0.905,0.816,1
14,5391,0.922,3,1,1,1,8,0.885,0.837,25.29,0.973,0.888,1
75,5392,0.665,2,0,2,2,7,0.789,0.722,35.15,0.772,0.961,0
32,5393,0.86,2,3,3,2,7,0.867,0.873,38.0,0.758,0.92,1
11,5394,0.488,1,4,3,2,9,0.619,0.623,53.58,0.602,0.776,0
61,5395,0.507,2,2,4,2,3,0.679,0.604,41.87,0.685,0.685,0
18,5396,0.414,1,4,1,2,7,0.454,0.516,48.23,0.599,0.749,1
27,5397,0.815,3,2,0,2,4,0.754,0.699,27.83,0.908,0.925,0
55,5398,0.773,1,6,0,1,4,0.696,0.638,52.02,0.712,0.821,1
54,5399,0.717,2,7,2,2,2,0.746,0.673,48.17,0.767,0.848,0
82,5400,0.529,0,3,1,2,12,0.689,0.679,51.6,0.589,0.844,1
87,5401,0.538,3,7,0,3,9,0.862,0.756,38.6,0.869,0.944,1
75,5402,0.79,2,3,0,2,2,0.76,0.803,34.79,0.896,0.882,1
21,5403,0.602,3,2,0,1,13,0.752,0.707,27.9,0.891,0.846,1
44,5404,0.959,0,1,2,2,9,0.771,0.876,34.22,0.785,0.913,0
5,5405,0.444,1,4,1,2,11,0.724,0.842,47.87,0.771,0.788,1
87,5406,0.612,1,2,4,2,13,0.808,0.895,40.67,0.595,0.694,0
41,5407,0.857,2,5,2,2,4,0.812,0.569,38.96,0.746,0.833,0
59,5408,0.92,1,3,1,2,12,0.743,0.785,37.78,0.744,0.862,1
89,5409,0.778,2,3,3,2,7,0.787,0.776,29.09,0.857,0.85,1
54,5410,0.618,1,6,1,3,7,0.701,0.64,51.86,0.832,0.83,0
74,5411,0.556,2,5,0,2,8,0.706,0.754,44.19,0.862,0.834,0
22,5412,0.862,1,1,2,2,7,0.762,0.715,29.51,0.807,0.88,1
83,5413,0.919,2,2,2,3,7,0.822,0.733,36.48,0.964,0.921,1
65,5414,0.454,2,1,2,1,2,0.623,0.69,32.48,0.737,0.747,1
64,5415,0.685,0,3,1,3,8,0.631,0.765,53.68,0.603,0.732,0
71,5416,0.929,3,3,0,3,5,0.895,0.646,25.15,0.904,0.823,1
4,5417,0.862,2,2,1,2,3,0.806,0.734,29.16,0.922,0.94,1
65,5418,0.808,2,2,1,2,4,0.814,0.853,27.08,0.834,0.902,1
15,5419,0.619,2,6,1,3,9,0.787,0.859,47.02,0.871,0.82,0
76,5420,0.6,0,7,0,2,12,0.593,0.618,58.19,0.771,0.854,0
22,5421,0.816,2,2,1,3,2,0.807,0.69,30.32,0.734,0.856,0
86,5422,0.38,2,3,3,2,14,0.71,0.725,39.53,0.486,0.773,0
47,5423,0.745,1,5,1,1,8,0.78,0.58,50.44,0.73,0.866,0
81,5424,0.707,3,2,1,2,7,0.872,0.883,31.1,0.858,0.789,1
93,5425,0.831,1,1,1,1,3,0.783,0.811,28.65,0.863,0.824,1
46,5426,0.588,1,4,1,2,8,0.596,0.637,48.61,0.813,0.785,0
14,5427,0.816,2,5,1,2,3,0.762,0.586,43.24,0.728,0.883,1
50,5428,0.529,2,5,4,2,4,0.711,0.808,44.35,0.632,0.89,0
20,5429,0.482,0,4,0,2,13,0.56,0.556,48.31,0.607,0.755,1
50,5430,0.859,2,1,0,1,13,0.755,0.654,29.23,0.962,0.955,1
33,5431,0.754,1,3,1,2,13,0.719,0.847,43.42,0.818,0.889,1
59,5432,0.816,2,3,3,2,3,0.856,0.779,37.2,0.836,0.937,0
43,5433,0.949,2,4,1,1,9,0.841,0.816,31.02,0.845,0.888,1
79,5434,0.78,3,1,1,2,11,1.0,0.856,21.71,0.855,1.0,1
12,5435,0.888,1,1,1,2,7,0.794,0.876,29.21,0.931,0.885,1
40,5436,0.8,3,2,2,2,8,0.975,0.761,33.25,1.0,0.941,1
20,5437,0.824,2,5,1,2,11,0.842,0.74,42.6,0.732,0.796,1
94,5438,0.788,3,1,2,3,7,0.831,0.773,24.74,0.896,0.959,1
38,5439,0.779,3,3,1,3,6,0.859,0.665,25.37,0.789,0.887,1
3,5440,0.956,2,8,0,2,12,0.761,0.722,51.63,0.914,0.86,1
28,5441,0.618,1,4,2,3,4,0.737,0.783,37.74,0.692,0.819,1
56,5442,0.918,2,3,0,3,13,0.76,0.715,39.57,0.908,0.958,0
90,5443,0.572,1,2,1,3,11,0.581,0.653,34.91,0.758,0.848,1
94,5444,0.777,0,2,1,1,11,0.841,0.815,45.19,0.696,0.787,1
13,5445,0.521,3,2,1,2,10,0.851,0.699,38.51,0.899,0.753,1
77,5446,0.778,1,3,4,2,4,0.805,0.698,43.29,0.889,0.919,1
66,5447,0.538,1,6,3,1,10,0.693,0.726,60.25,0.726,0.721,1
37,5448,0.971,2,1,2,1,11,0.918,0.802,29.02,0.89,0.978,1
49,5449,0.372,3,2,2,2,8,0.887,0.707,32.27,0.715,0.792,0
66,5450,0.868,3,5,1,1,6,1.0,0.839,46.34,0.839,0.955,1
36,5451,0.897,2,1,2,2,1,0.736,0.753,24.73,0.871,0.961,1
54,5452,0.392,0,3,1,2,14,0.573,0.719,45.91,0.593,0.687,0
26,5453,0.542,2,4,1,2,6,0.709,0.93,40.72,0.789,0.871,1
75,5454,0.811,2,3,1,1,6,0.839,0.595,33.15,0.714,0.903,1
72,5455,0.295,1,2,2,2,14,0.786,0.79,42.96,0.761,0.763,0
40,5456,0.387,3,3,1,3,6,0.822,0.775,38.66,0.807,0.693,1
43,5457,0.356,0,4,4,3,7,0.645,0.689,57.2,0.774,0.794,0
22,5458,0.761,1,3,0,2,6,0.872,0.734,42.74,0.76,0.942,1
20,5459,0.794,0,2,2,3,2,0.611,0.668,36.36,0.694,0.786,0
8,5460,0.85,3,0,0,1,12,0.901,0.847,21.57,0.871,1.0,1
29,5461,0.795,0,4,2,2,6,0.678,0.697,46.89,0.604,0.779,1
40,5462,0.67,2,0,0,1,11,0.805,0.752,33.09,0.819,0.967,1
90,5463,0.757,3,2,2,3,10,0.84,0.907,33.58,0.853,0.932,1
30,5464,0.734,1,3,1,3,7,0.744,0.781,31.98,0.694,0.785,1
81,5465,0.938,1,4,1,2,14,0.855,0.676,33.39,0.811,0.963,1
84,5466,0.802,1,5,1,2,12,0.668,0.698,35.07,0.82,0.837,1
55,5467,0.599,2,2,0,1,11,0.901,0.784,37.83,0.849,0.854,1
16,5468,0.936,2,1,2,2,11,0.906,0.9,22.11,0.833,0.991,0
46,5469,0.627,2,0,1,1,2,0.883,0.855,27.21,0.767,0.859,1
62,5470,0.908,1,5,1,1,7,0.673,0.619,41.58,0.746,0.821,1
7,5471,0.704,2,1,2,2,2,0.873,0.772,29.75,0.805,0.884,1
80,5472,0.693,3,3,2,1,8,0.934,0.844,33.44,0.731,0.854,1
45,5473,0.867,3,4,1,3,12,0.761,0.626,31.93,0.954,0.901,1
59,5474,0.827,2,2,2,2,1,0.817,0.877,29.34,0.898,0.813,1
56,5475,0.892,3,0,5,3,2,0.969,0.92,21.45,0.939,0.981,1
48,5476,0.753,3,3,2,2,4,0.909,0.787,35.95,0.832,0.866,1
27,5477,0.618,2,1,0,1,11,0.823,0.76,26.23,0.905,0.805,1
53,5478,0.711,1,3,0,3,4,0.761,0.871,36.68,0.85,0.839,1
87,5479,0.727,3,2,1,2,2,0.829,0.826,26.16,0.872,0.833,1
88,5480,0.648,3,4,2,2,13,0.866,0.795,30.96,0.922,0.894,1
73,5481,0.563,0,3,2,2,2,0.67,0.816,38.02,0.746,0.808,0
35,5482,0.666,3,7,2,1,4,0.778,0.77,43.74,0.94,0.777,1
51,5483,0.526,1,3,1,2,14,0.632,0.659,41.51,0.669,0.785,1
84,5484,0.658,1,3,1,2,6,0.828,0.796,40.6,0.824,0.844,0
37,5485,0.57,1,8,1,2,7,0.705,0.597,53.37,0.666,0.813,0
81,5486,0.61,1,2,1,3,5,0.74,0.669,37.67,0.803,0.841,1
95,5487,0.643,2,4,0,1,8,0.791,0.742,51.25,0.9,0.838,1
57,5488,0.87,2,6,0,1,2,0.745,0.779,44.19,0.82,0.947,0
8,5489,0.601,2,6,0,3,1,0.68,0.785,41.04,0.835,0.792,0
79,5490,0.523,2,6,1,1,7,0.685,0.582,49.13,0.793,0.833,1
95,5491,0.726,2,2,2,1,5,0.696,0.889,37.43,0.775,1.0,1
94,5492,0.68,0,5,0,2,4,0.603,0.736,41.28,0.615,0.855,1
20,5493,0.566,3,6,0,2,13,0.726,0.681,50.54,0.766,0.722,1
53,5494,0.911,2,5,2,2,5,0.677,0.499,38.33,0.891,0.774,1
12,5495,0.657,2,3,0,1,4,0.893,0.861,36.37,0.836,0.929,1
49,5496,0.91,2,3,1,3,1,0.859,0.692,41.38,0.88,0.816,1
17,5497,0.535,3,5,3,2,8,0.812,0.853,38.59,0.77,0.887,1
64,5498,0.895,0,3,0,2,12,0.802,0.691,45.58,0.777,1.0,1
42,5499,0.902,0,1,1,1,5,0.857,0.736,30.54,0.735,0.881,1
94,5500,0.7,3,3,1,3,8,0.675,0.759,39.01,0.736,0.924,1
29,5501,0.713,2,1,2,2,12,0.849,0.773,37.68,0.787,0.838,1
19,5502,0.623,1,2,1,2,11,0.637,0.674,43.52,0.686,0.675,1
11,5503,0.866,2,2,2,2,8,0.86,0.826,34.47,0.926,0.91,1
98,5504,0.912,2,2,1,2,4,0.739,0.74,21.12,0.96,0.845,1
50,5505,0.871,2,3,1,1,9,0.822,0.708,45.25,0.798,0.836,0
71,5506,0.764,2,2,2,2,7,0.869,0.84,36.27,0.814,0.904,1
58,5507,0.65,3,2,0,2,4,0.881,0.749,31.53,0.876,0.833,1
34,5508,0.765,3,3,0,2,11,0.754,0.781,30.42,0.928,0.82,1
20,5509,0.318,3,0,1,2,6,0.795,0.727,29.02,0.607,0.697,1
50,5510,0.409,2,1,4,2,11,0.815,0.705,34.94,0.637,0.913,1
88,5511,0.848,1,5,0,3,6,0.771,0.619,48.35,0.791,0.897,0
10,5512,0.664,2,6,0,2,5,0.679,0.557,49.48,0.783,0.866,1
32,5513,0.517,2,3,2,3,7,0.813,0.761,38.97,0.684,0.773,1
52,5514,0.839,1,1,2,3,12,0.846,0.74,30.61,0.757,0.831,1
15,5515,0.551,2,2,1,2,12,0.785,0.857,44.92,0.765,0.773,1
84,5516,0.415,2,2,0,3,9,0.931,0.84,39.37,0.831,0.81,1
3,5517,0.686,3,8,1,2,4,0.833,0.65,52.83,0.853,0.861,0
37,5518,0.754,1,1,2,1,2,0.84,0.854,38.59,0.753,0.966,1
40,5519,0.799,2,4,6,2,3,0.879,0.849,28.95,0.733,0.963,1
72,5520,0.755,2,2,0,3,9,0.828,0.703,31.77,0.854,0.898,1
40,5521,0.737,1,1,0,2,6,0.73,0.74,29.1,0.797,0.795,1
56,5522,0.628,1,4,1,2,8,0.752,0.802,48.73,0.594,0.906,1
23,5523,0.78,0,5,1,1,9,0.741,0.657,52.04,0.744,0.85,0
11,5524,0.651,1,2,1,2,6,0.671,0.741,32.69,0.654,0.772,1
64,5525,0.713,0,3,0,1,13,0.845,0.803,49.38,0.621,0.853,1
8,5526,0.712,3,6,2,2,12,0.787,0.719,42.74,0.918,0.787,1
93,5527,0.629,1,4,2,3,12,0.667,0.604,41.95,0.766,0.814,0
94,5528,0.653,3,3,1,2,4,0.92,0.891,31.49,0.81,0.815,1
56,5529,0.605,3,3,2,1,6,0.839,0.878,39.12,0.811,0.754,1
60,5530,0.769,2,4,0,2,5,0.825,0.714,36.0,0.792,0.799,1
10,5531,0.676,0,2,2,3,8,0.826,0.755,37.04,0.68,0.877,0
39,5532,0.635,2,5,2,2,7,0.816,0.76,48.62,0.704,0.858,1
28,5533,0.663,1,5,1,2,12,0.786,0.656,48.63,0.772,0.834,1
49,5534,0.532,1,5,1,2,4,0.605,0.777,47.96,0.507,0.857,0
36,5535,0.751,2,4,0,2,11,0.77,0.806,39.27,0.952,0.888,1
13,5536,0.672,1,10,3,1,12,0.627,0.709,59.62,0.674,0.836,1
96,5537,0.812,2,3,0,3,1,0.716,0.638,33.35,0.866,0.858,0
36,5538,0.525,2,4,1,3,4,0.782,0.718,42.57,0.688,0.783,0
26,5539,0.72,3,3,1,1,10,0.968,0.857,35.11,0.912,0.819,1
86,5540,0.446,0,3,0,2,10,0.458,0.58,45.0,0.557,0.792,0
4,5541,0.427,1,7,1,2,10,0.691,0.593,51.62,0.675,0.728,1
95,5542,0.967,2,2,3,1,11,0.903,0.791,29.13,0.875,0.869,1
82,5543,0.867,3,3,2,3,2,1.0,0.815,31.18,0.823,0.926,1
64,5544,0.623,3,2,3,2,10,0.996,0.793,31.57,0.857,0.927,1
38,5545,0.556,2,2,1,2,5,0.821,0.71,35.53,0.723,0.84,1
88,5546,0.548,2,3,0,2,8,0.795,0.795,51.17,0.745,0.848,1
87,5547,0.424,2,4,1,2,10,0.602,0.651,50.6,0.794,0.771,0
22,5548,0.761,1,2,1,2,6,0.962,0.792,35.43,0.853,0.877,1
2,5549,0.478,2,3,0,2,10,0.618,0.606,38.7,0.756,0.783,1
31,5550,0.77,2,4,2,2,12,0.795,0.876,33.09,0.772,0.755,1
11,5551,0.614,1,2,0,1,7,0.709,0.671,41.32,0.718,0.858,1
92,5552,0.677,3,2,1,2,14,0.868,0.932,25.58,0.924,0.856,1
46,5553,0.58,3,5,0,3,6,0.712,0.762,39.52,0.794,0.74,1
96,5554,0.254,0,3,1,2,8,0.517,0.827,50.79,0.619,0.648,0
62,5555,0.713,3,4,2,2,8,0.804,0.693,31.3,0.844,0.849,1
69,5556,0.675,1,4,0,2,1,0.749,0.707,39.66,0.879,0.975,0
64,5557,0.892,1,3,3,3,9,0.639,0.774,39.93,0.739,0.852,1
10,5558,0.527,3,1,2,3,10,0.83,0.853,22.65,0.85,0.73,1
40,5559,0.607,2,4,0,2,4,0.706,0.721,48.3,0.75,0.752,1
24,5560,0.363,3,2,1,1,14,0.778,0.671,26.61,0.834,0.656,1
99,5561,0.809,1,2,0,2,7,0.734,0.787,42.13,0.81,0.874,1
44,5562,0.369,3,1,3,3,2,0.652,0.688,34.89,0.778,0.816,1
60,5563,0.472,3,1,2,2,9,0.982,0.83,22.4,0.627,0.805,0
62,5564,0.477,2,0,1,3,10,0.748,0.701,27.62,0.739,0.721,1
87,5565,0.859,2,3,1,2,10,0.796,0.819,30.2,0.928,0.926,1
17,5566,0.81,3,4,2,1,1,0.998,0.559,32.44,1.0,0.933,1
65,5567,0.795,2,3,3,1,2,0.871,0.712,34.29,0.819,0.84,1
95,5568,0.9,2,4,0,3,13,0.772,0.759,37.71,0.802,0.871,0
95,5569,0.721,2,2,2,2,5,0.865,0.864,27.53,0.774,0.912,1
57,5570,0.625,1,2,1,2,13,0.716,0.781,34.2,0.816,0.909,1
55,5571,0.878,3,3,2,3,4,0.772,0.719,33.86,0.987,0.957,1
53,5572,0.466,0,2,1,2,9,0.514,0.543,47.73,0.678,0.701,1
56,5573,0.733,2,4,1,1,5,0.722,0.82,42.85,0.754,0.877,1
98,5574,0.559,2,1,2,2,12,0.868,0.79,33.6,0.685,0.767,1
9,5575,0.871,2,1,0,2,8,0.942,0.843,34.75,0.871,0.935,1
22,5576,0.973,1,4,2,2,2,0.853,0.629,39.04,0.886,0.924,0
13,5577,0.866,2,1,1,2,12,0.789,0.781,31.3,0.787,0.908,1
89,5578,0.643,3,6,0,2,13,0.765,0.686,44.07,0.885,0.939,1
48,5579,0.865,2,3,1,2,9,0.912,0.779,32.41,1.0,1.0,1
18,5580,0.925,1,2,2,1,7,0.885,0.817,39.77,0.818,1.0,1
76,5581,0.723,2,1,0,1,13,0.765,0.769,33.24,0.753,0.852,1
40,5582,0.574,2,2,2,2,13,0.834,0.628,41.39,0.776,0.743,1
17,5583,0.645,2,2,0,2,2,0.748,0.633,35.84,0.864,0.855,1
15,5584,0.927,1,1,0,2,5,0.698,0.714,36.97,0.756,0.829,1
15,5585,0.26,0,2,1,1,11,0.565,0.638,50.3,0.641,0.649,1
79,5586,0.532,2,3,1,2,4,0.837,0.802,39.39,0.724,0.831,1
63,5587,0.716,2,5,1,2,1,0.67,0.611,42.22,0.878,0.868,1
39,5588,0.843,2,0,0,3,13,0.967,0.781,23.42,1.0,0.934,1
13,5589,0.607,1,2,0,2,12,0.71,0.662,35.75,0.67,0.794,0
81,5590,0.891,1,1,2,1,10,0.813,0.72,36.41,0.84,1.0,1
32,5591,0.613,2,5,0,2,12,0.649,0.897,48.49,0.767,0.785,1
9,5592,0.855,2,4,1,2,7,0.808,0.881,37.34,0.793,0.959,0
40,5593,0.866,1,5,0,3,8,0.894,0.972,39.59,0.736,0.928,1
20,5594,0.832,0,4,2,2,6,0.737,0.762,46.95,0.855,0.891,1
90,5595,0.777,1,3,3,2,9,0.799,0.848,44.8,0.779,0.851,0
91,5596,0.955,2,2,1,2,2,0.737,0.634,19.17,0.886,0.866,1
85,5597,0.746,2,4,3,2,7,0.848,0.696,30.08,0.788,0.824,1
82,5598,0.93,1,7,0,3,6,0.666,0.542,46.33,0.87,0.925,0
77,5599,0.915,2,4,0,3,9,0.755,0.747,43.44,0.834,0.993,1
80,5600,0.934,0,4,3,3,12,0.803,0.628,49.32,0.779,0.824,0
73,5601,0.742,0,3,3,3,3,0.611,0.665,41.7,0.793,0.896,0
63,5602,0.638,3,3,1,2,3,0.746,0.752,37.24,0.789,0.772,0
76,5603,0.753,2,2,2,2,8,0.788,0.732,35.41,0.971,0.816,1
44,5604,0.662,2,5,0,2,2,0.741,0.735,42.79,0.946,0.892,0
38,5605,0.678,1,2,0,3,6,0.855,0.742,42.66,0.844,0.819,1
83,5606,0.405,1,9,4,2,12,0.65,0.636,59.02,0.601,0.782,0
60,5607,0.612,2,7,2,2,14,0.75,0.732,50.01,0.736,0.818,1
71,5608,0.649,2,7,2,1,6,0.678,0.885,45.13,0.697,0.896,1
99,5609,0.759,2,5,2,2,6,0.75,0.781,47.57,0.858,0.778,1
48,5610,0.816,2,5,3,2,10,0.813,0.781,44.05,0.97,0.914,1
18,5611,0.701,1,5,1,1,8,0.706,0.797,45.9,0.69,0.736,1
16,5612,0.44,2,1,1,2,14,0.755,0.779,32.71,0.691,0.689,1
55,5613,0.826,3,3,1,2,4,0.917,0.799,34.64,0.794,0.902,1
39,5614,0.752,2,3,1,2,14,0.887,0.787,42.54,0.74,0.904,1
68,5615,0.816,1,2,0,3,14,0.826,0.799,38.27,0.952,0.866,1
59,5616,0.68,2,2,0,2,6,0.737,0.792,33.71,0.811,0.802,1
89,5617,0.704,2,3,1,1,14,0.859,0.689,31.55,0.671,0.787,1
96,5618,0.731,1,4,1,2,5,0.72,0.779,41.05,0.702,0.839,1
62,5619,0.905,2,3,2,2,5,0.738,0.732,36.04,0.939,0.915,1
13,5620,0.861,3,1,1,3,9,0.823,0.729,25.52,0.833,0.879,1
81,5621,0.779,1,5,1,2,9,0.624,0.559,43.18,0.767,0.729,0
6,5622,0.523,0,2,0,2,12,0.632,0.609,43.41,0.6,0.824,1
83,5623,0.467,2,2,3,2,11,0.722,0.84,37.07,0.797,0.828,1
77,5624,0.657,0,4,0,2,6,0.565,0.65,49.83,0.8,0.779,0
60,5625,0.966,1,2,1,1,6,0.827,0.694,29.14,0.859,0.931,1
90,5626,0.777,0,3,2,2,1,0.912,0.842,44.57,0.723,0.998,1
14,5627,0.668,1,1,3,2,8,0.776,0.868,31.67,0.628,0.707,1
95,5628,0.933,3,1,2,1,14,0.934,0.906,19.59,0.865,1.0,1
54,5629,0.633,2,1,3,2,8,0.749,0.77,31.35,0.849,0.802,1
4,5630,0.763,1,3,0,2,11,0.813,0.87,43.8,0.771,0.788,1
39,5631,0.628,3,3,0,2,9,0.652,0.763,31.47,0.82,0.803,1
72,5632,0.664,2,3,0,1,7,0.73,0.561,34.27,0.866,0.812,1
25,5633,0.593,2,2,0,2,9,0.857,0.775,35.98,0.797,0.828,1
77,5634,0.799,0,5,0,2,1,0.599,0.84,47.58,0.69,0.791,0
32,5635,0.502,2,2,0,1,1,0.713,0.773,31.63,0.781,0.835,1
59,5636,0.551,1,6,0,1,12,0.569,0.65,48.62,0.748,0.672,0
63,5637,0.722,1,5,0,2,10,0.735,0.846,41.28,0.697,0.752,0
38,5638,0.887,1,5,0,3,9,0.707,0.607,50.02,0.762,0.837,0
92,5639,0.935,0,2,0,2,4,0.647,0.732,39.68,0.635,0.864,1
53,5640,0.716,2,1,1,3,9,0.78,0.915,33.21,0.759,0.818,1
94,5641,0.94,1,3,0,3,8,0.707,0.828,41.78,0.778,0.885,1
67,5642,0.811,2,4,0,2,5,0.862,0.654,42.03,0.839,0.894,1
28,5643,0.831,0,5,2,1,11,0.684,0.705,45.83,0.745,0.775,1
3,5644,0.805,2,2,0,3,14,0.985,0.843,23.86,0.874,0.939,1
98,5645,0.624,1,0,2,2,13,0.814,0.913,28.76,0.77,0.817,1
80,5646,0.779,2,0,1,1,11,0.886,0.864,28.02,0.924,0.822,1
22,5647,0.693,0,2,2,2,5,0.674,0.661,42.52,0.659,0.779,0
96,5648,0.7,1,4,3,2,14,0.663,0.584,48.73,0.859,0.838,1
38,5649,0.517,1,3,0,2,1,0.644,0.782,40.15,0.637,0.715,1
72,5650,0.939,2,3,0,2,2,0.988,0.822,35.73,0.83,0.825,1
72,5651,0.742,1,2,0,3,11,0.66,0.805,33.18,0.801,0.82,1
62,5652,0.708,2,3,1,1,13,0.706,0.813,32.85,0.819,0.716,1
57,5653,0.756,1,4,1,2,2,0.671,0.659,43.08,0.762,0.765,0
6,5654,0.752,3,1,1,1,1,0.905,0.805,28.52,0.857,0.926,1
78,5655,0.696,2,4,1,2,2,0.814,0.785,37.62,0.692,0.797,0
32,5656,0.641,1,1,1,2,9,0.681,0.728,34.96,0.729,0.799,0
99,5657,0.767,0,4,0,2,11,0.656,0.755,47.89,0.675,0.803,1
10,5658,0.832,1,2,0,2,2,0.738,0.776,35.38,0.91,0.918,1
3,5659,0.314,3,7,2,3,8,0.711,0.518,49.08,0.784,0.617,0
59,5660,0.549,1,5,1,2,13,0.627,0.731,48.55,0.705,0.723,1
76,5661,0.791,2,4,2,2,6,0.832,0.778,33.38,0.747,0.937,0
49,5662,0.657,2,3,0,1,7,0.89,0.896,34.78,0.775,0.889,1
59,5663,0.617,3,7,1,3,4,0.839,0.659,40.94,0.789,0.865,0
31,5664,0.327,3,4,1,1,3,0.652,0.706,36.33,0.717,0.768,1
93,5665,0.683,3,1,1,3,7,0.768,0.746,30.62,0.807,0.795,1
69,5666,0.913,0,3,2,2,8,0.747,0.673,36.11,0.76,0.89,1
62,5667,0.698,2,2,1,1,6,0.712,0.643,29.8,0.79,0.892,1
52,5668,0.518,0,1,2,2,14,0.756,0.665,44.36,0.704,0.754,0
89,5669,0.675,1,4,1,1,12,0.837,0.885,43.44,0.79,0.796,1
41,5670,0.794,2,3,2,2,13,0.769,0.771,32.44,0.759,0.869,1
31,5671,0.694,2,7,1,2,1,0.75,0.837,48.35,0.72,0.783,1
85,5672,0.364,2,4,1,3,9,0.608,0.637,53.13,0.654,0.582,1
84,5673,0.691,3,2,1,2,11,0.75,0.859,34.01,0.879,0.825,1
22,5674,0.893,3,2,0,1,6,0.773,0.628,31.79,0.86,0.893,1
4,5675,0.888,1,1,3,1,5,1.0,0.836,33.57,0.878,1.0,0
13,5676,0.772,2,3,0,1,11,0.789,0.712,33.92,0.674,0.877,0
45,5677,0.602,0,5,1,3,8,0.562,0.704,53.36,0.706,0.755,0
42,5678,0.584,2,1,1,2,14,0.81,0.748,40.21,0.655,0.799,1
49,5679,0.832,2,2,4,2,9,0.835,0.709,34.63,0.848,0.935,1
20,5680,0.543,2,3,0,3,14,0.955,0.913,42.7,0.847,0.893,1
77,5681,0.643,3,2,3,2,14,0.94,0.95,28.85,0.83,0.847,1
81,5682,0.633,1,2,2,3,13,0.751,0.583,35.45,0.738,0.946,1
54,5683,0.78,3,5,1,2,10,0.74,0.656,40.43,0.818,0.947,1
36,5684,0.963,2,0,1,3,4,0.877,0.891,23.01,0.865,0.833,1
97,5685,0.435,0,1,1,3,3,0.823,0.641,45.21,0.626,0.776,1
1,5686,0.582,1,0,0,2,8,0.695,0.901,34.5,0.822,0.757,1
15,5687,0.47,2,0,0,2,12,0.633,0.742,26.05,0.663,0.733,1
77,5688,0.884,1,2,2,2,2,0.798,0.666,34.89,0.849,0.84,1
17,5689,0.51,1,2,0,2,9,0.728,0.63,42.12,0.65,0.69,1
24,5690,0.648,2,4,0,1,5,0.733,0.749,41.65,0.754,0.823,0
58,5691,0.752,1,5,1,1,2,0.855,0.712,44.96,0.788,0.858,1
72,5692,0.649,3,1,1,2,8,0.881,0.825,23.48,0.922,0.917,1
91,5693,0.609,3,3,0,2,4,0.959,0.796,35.28,0.879,0.813,1
23,5694,0.885,2,1,2,2,14,0.885,0.871,33.4,0.778,0.9,1
46,5695,0.807,0,0,1,1,10,0.742,0.7,31.92,0.758,0.877,1
72,5696,0.603,2,4,2,3,8,0.867,0.716,32.43,0.813,0.797,1
8,5697,0.902,2,5,1,2,1,0.718,0.741,42.24,0.78,0.724,1
59,5698,0.636,3,6,1,1,7,0.776,0.791,43.71,0.917,0.888,1
90,5699,0.33,0,4,2,2,8,0.496,0.608,58.68,0.652,0.634,0
59,5700,0.869,2,3,1,1,10,0.883,0.764,45.97,0.782,0.886,1
13,5701,0.794,2,1,1,2,2,0.934,0.764,24.82,0.816,0.88,1
39,5702,0.813,1,3,1,2,3,0.814,0.926,37.32,0.746,0.885,1
28,5703,0.945,1,4,1,1,5,0.96,0.78,44.21,0.792,0.92,1
89,5704,0.611,2,4,1,2,7,0.672,0.805,35.79,0.801,0.844,1
61,5705,0.66,1,1,3,2,13,0.79,0.83,30.29,0.748,0.761,1
16,5706,0.964,3,3,1,3,11,0.877,0.758,29.15,0.979,0.874,1
2,5707,0.78,3,1,0,3,5,0.912,0.722,23.45,0.946,0.817,1
82,5708,0.685,2,2,2,2,9,0.981,0.919,34.04,0.843,0.888,1
17,5709,0.865,2,0,1,2,4,1.0,0.867,12.59,0.94,0.974,1
30,5710,0.665,1,5,0,2,4,0.767,0.629,42.87,0.879,0.743,0
13,5711,0.638,3,5,1,2,8,0.911,0.91,36.7,0.828,0.844,1
96,5712,0.721,2,3,3,3,10,0.92,0.868,36.38,0.803,0.881,1
93,5713,0.769,2,5,1,2,7,0.873,0.722,35.53,0.84,0.778,1
94,5714,0.618,3,1,2,3,14,0.916,0.801,35.94,0.738,0.764,1
82,5715,0.653,0,4,3,2,13,0.72,0.707,50.44,0.658,0.832,1
13,5716,0.737,2,7,0,2,11,0.702,0.798,51.58,0.843,0.889,1
43,5717,0.656,2,2,1,3,4,0.767,0.815,34.59,0.787,0.947,1
85,5718,0.733,1,2,0,2,12,0.776,0.714,37.89,0.793,0.95,1
94,5719,0.94,0,4,1,3,7,0.903,0.815,40.81,0.784,0.961,1
21,5720,0.671,2,2,1,2,13,0.73,0.918,32.45,0.725,0.849,1
55,5721,0.856,2,5,1,2,8,0.731,0.756,44.43,0.839,0.887,1
81,5722,0.565,1,4,1,2,2,0.61,0.744,43.12,0.869,0.81,1
40,5723,0.848,3,2,3,3,1,0.951,0.796,25.75,1.0,0.919,1
83,5724,0.715,1,3,3,2,11,0.821,0.784,50.55,0.766,0.893,1
15,5725,0.719,2,5,1,3,7,0.764,0.739,48.06,0.878,0.84,1
73,5726,0.694,1,2,0,2,1,0.775,0.705,44.2,0.765,0.869,1
52,5727,0.855,0,5,0,2,1,0.82,0.71,52.71,0.825,1.0,0
74,5728,0.585,2,3,0,2,12,0.749,0.821,44.0,0.747,0.838,1
95,5729,0.979,2,2,1,2,9,0.871,0.681,23.64,0.857,0.968,1
53,5730,0.364,2,3,0,2,14,0.613,0.732,40.19,0.771,0.597,1
87,5731,0.613,2,2,0,2,6,0.821,0.858,31.59,0.767,0.906,1
52,5732,0.762,1,1,2,1,6,0.789,0.814,35.61,0.718,0.885,1
30,5733,0.43,2,2,2,3,3,0.809,0.845,39.59,0.777,0.692,1
33,5734,0.852,1,3,1,2,4,0.625,0.74,35.12,0.748,0.824,0
57,5735,0.633,1,4,2,2,3,0.605,0.715,38.61,0.669,0.795,0
52,5736,0.944,3,2,2,3,10,0.984,0.81,30.89,0.848,0.883,1
9,5737,0.589,2,0,2,3,1,0.8,0.776,22.01,0.878,0.769,1
54,5738,0.678,1,2,2,2,7,0.727,0.822,31.2,0.702,0.899,1
1,5739,0.873,2,2,2,2,4,0.944,0.931,30.62,0.927,1.0,1
44,5740,0.581,3,2,2,2,14,0.956,0.958,37.76,0.795,0.942,1
99,5741,0.58,2,4,0,1,4,0.804,0.686,41.69,0.787,0.842,1
75,5742,0.544,2,0,2,2,8,0.741,0.917,34.47,0.634,0.753,1
98,5743,0.758,2,6,1,2,14,0.754,0.618,42.94,0.724,0.761,1
80,5744,0.852,2,5,1,2,3,0.669,0.729,35.28,0.852,0.883,0
9,5745,0.912,2,3,1,2,4,0.812,0.697,41.55,0.893,0.907,0
32,5746,0.919,2,3,1,2,13,0.881,0.779,32.97,0.836,0.91,1
15,5747,0.425,2,1,1,3,8,0.775,0.786,41.48,0.679,0.762,1
12,5748,0.415,1,4,0,1,7,0.754,0.621,51.68,0.581,0.707,1
97,5749,0.399,0,2,0,2,3,0.599,0.71,54.31,0.589,0.769,1
78,5750,0.824,3,2,1,3,11,1.0,0.983,31.69,0.753,0.862,0
57,5751,0.691,3,1,0,3,10,0.823,0.77,30.09,0.699,0.813,1
8,5752,0.591,2,2,2,1,7,0.756,0.718,30.31,0.702,0.835,1
72,5753,0.879,1,7,2,2,5,0.766,0.789,55.94,0.82,0.818,1
27,5754,0.711,1,3,1,2,9,0.662,0.707,50.48,0.765,0.91,0
62,5755,0.812,1,1,2,1,10,0.908,0.773,40.13,0.82,0.926,1
12,5756,0.933,2,0,0,3,1,0.828,0.825,23.36,0.912,0.92,1
65,5757,0.713,1,1,0,3,2,0.694,0.725,29.28,0.689,0.821,0
42,5758,0.707,2,3,2,2,8,0.82,0.858,37.79,0.94,0.882,1
62,5759,0.565,2,4,1,1,9,0.568,0.692,43.03,0.687,0.766,0
11,5760,0.569,2,4,0,1,13,0.634,0.767,46.46,0.695,0.813,0
43,5761,0.94,3,2,1,2,6,1.0,0.746,15.48,0.901,1.0,1
95,5762,0.628,3,0,0,3,4,0.865,0.773,20.66,0.812,0.802,1
17,5763,0.944,2,3,1,1,9,0.873,0.766,38.53,0.943,0.978,1
97,5764,0.564,1,4,2,2,7,0.548,0.585,36.06,0.67,0.663,0
32,5765,0.486,3,0,1,2,3,0.89,0.758,32.99,0.719,0.866,1
93,5766,0.364,1,1,1,2,3,0.658,0.648,43.52,0.584,0.713,1
85,5767,0.922,1,2,2,2,9,0.743,0.741,36.06,0.857,0.884,1
85,5768,0.903,3,2,1,2,9,0.814,0.82,29.74,0.865,0.91,1
40,5769,0.396,1,0,1,1,7,0.535,0.719,31.98,0.639,0.788,1
23,5770,0.598,2,4,0,1,12,0.728,0.825,44.9,0.783,0.786,1
56,5771,0.954,2,2,0,2,13,0.91,0.667,30.17,0.876,0.85,1
6,5772,0.837,2,3,0,1,3,0.857,0.915,35.13,0.714,1.0,1
86,5773,0.8,3,6,1,3,6,0.666,0.713,42.47,0.776,0.845,1
50,5774,0.571,3,1,1,3,13,0.853,0.714,34.73,0.754,0.803,1
37,5775,0.665,1,2,1,1,11,0.67,0.646,40.5,0.64,0.776,0
64,5776,0.458,0,1,2,3,7,0.803,0.807,47.42,0.622,0.826,0
54,5777,0.816,3,1,1,3,1,1.0,0.95,22.9,0.854,0.973,1
72,5778,0.807,2,5,2,1,14,0.87,0.908,45.01,0.741,0.819,1
49,5779,0.827,1,7,0,1,7,0.77,0.611,49.3,0.719,0.818,0
99,5780,0.842,2,0,1,3,12,0.967,0.936,26.2,0.776,0.823,1
11,5781,0.819,0,2,2,1,4,0.716,0.841,35.32,0.656,0.852,1
88,5782,0.924,1,2,3,2,8,0.667,0.694,37.64,0.827,0.956,1
49,5783,0.936,2,1,3,2,2,0.921,0.899,26.18,0.919,0.967,1
21,5784,0.758,2,4,1,1,8,0.762,0.574,38.56,0.863,0.902,1
66,5785,0.684,1,2,1,2,14,0.783,0.649,30.88,0.824,0.789,0
63,5786,0.717,2,2,0,3,14,0.821,0.771,35.01,0.771,0.935,1
83,5787,0.818,3,6,0,3,13,0.872,0.784,37.16,0.87,0.905,1
28,5788,0.654,2,3,1,1,7,0.859,0.712,34.44,0.746,0.96,1
17,5789,0.751,2,4,1,3,1,0.767,0.68,32.5,0.92,0.862,1
6,5790,0.674,2,3,1,2,5,0.626,0.457,37.45,0.857,0.785,1
19,5791,0.609,2,1,1,3,10,0.789,0.741,29.29,0.752,0.724,1
56,5792,0.737,2,3,3,1,8,0.855,0.735,25.09,0.698,0.845,1
28,5793,0.736,1,4,3,1,1,0.771,0.696,51.42,0.801,0.847,1
66,5794,0.619,1,2,1,2,6,0.65,0.621,32.11,0.72,0.715,1
38,5795,0.803,2,6,0,3,10,0.776,0.633,51.3,0.665,0.883,1
37,5796,0.682,1,5,2,2,11,0.62,0.527,48.85,0.775,0.824,1
68,5797,0.726,2,6,1,2,5,0.796,0.623,44.05,0.9,0.84,1
86,5798,0.924,1,1,2,2,10,0.894,0.832,30.17,0.894,0.945,1
90,5799,0.662,1,4,1,3,14,0.825,0.677,38.31,0.824,0.863,0
49,5800,0.771,2,1,1,3,11,0.878,0.863,28.5,0.911,0.892,1
43,5801,0.818,3,1,0,3,10,0.93,0.813,20.94,0.945,0.794,1
36,5802,0.596,2,6,1,2,13,0.825,0.851,49.24,0.827,0.826,1
58,5803,0.557,1,3,0,2,5,0.627,0.604,47.41,0.765,0.688,1
13,5804,0.438,3,8,2,1,10,0.786,0.539,47.49,0.853,0.831,0
52,5805,0.886,2,5,2,2,14,0.758,0.633,36.22,0.773,0.972,1
58,5806,0.746,1,3,0,2,12,0.779,0.892,51.02,0.785,0.963,1
32,5807,0.731,2,8,3,2,6,0.832,0.747,44.77,0.751,0.884,1
81,5808,0.674,1,5,5,1,5,0.71,0.636,47.35,0.877,0.888,0
100,5809,0.45,1,2,0,2,3,0.547,0.741,43.39,0.615,0.671,1
60,5810,0.686,3,1,0,2,2,0.824,0.73,27.18,0.833,0.79,1
83,5811,0.827,2,3,0,3,11,0.735,0.791,26.71,0.812,0.882,1
58,5812,0.811,2,3,0,2,11,0.845,0.747,41.11,0.896,0.9,1
99,5813,0.608,1,2,0,1,11,0.666,0.614,37.86,0.674,0.676,1
56,5814,0.503,1,1,0,2,5,0.647,0.716,40.32,0.642,0.723,1
28,5815,0.779,3,2,0,3,10,0.788,0.775,25.17,0.885,0.846,1
1,5816,0.453,1,3,1,1,13,0.522,0.649,49.5,0.682,0.788,0
42,5817,0.411,2,3,0,3,10,0.671,0.654,46.27,0.775,0.848,1
82,5818,0.831,2,3,1,1,10,0.888,0.755,31.57,0.833,0.813,1
48,5819,0.789,0,6,0,1,11,0.543,0.623,50.98,0.766,0.878,0
40,5820,0.797,3,4,1,1,12,0.878,0.765,32.63,0.75,0.869,1
97,5821,0.745,0,2,2,2,12,0.659,0.834,42.82,0.639,0.689,1
63,5822,0.795,2,3,3,3,9,0.701,0.714,29.4,0.738,0.846,1
76,5823,0.921,3,5,0,2,9,0.803,0.608,35.1,0.876,0.932,1
72,5824,0.443,2,2,0,3,13,0.757,0.869,35.7,0.797,0.732,1
88,5825,0.813,3,3,2,2,4,0.914,0.745,34.8,0.926,0.995,1
80,5826,0.726,2,3,1,2,11,0.906,0.759,34.31,0.789,0.931,1
4,5827,0.915,2,4,0,2,9,0.763,0.621,40.5,0.796,0.887,1
38,5828,0.665,3,2,1,2,13,0.906,0.715,35.08,0.942,0.799,1
27,5829,0.794,3,2,2,2,12,0.924,0.69,31.95,0.938,0.874,1
9,5830,0.804,2,2,2,2,11,0.945,0.815,33.03,0.879,1.0,1
16,5831,0.719,2,7,1,3,11,0.705,0.846,46.22,0.846,0.833,1
56,5832,0.595,2,4,0,2,14,0.752,0.661,46.47,0.716,0.9,1
76,5833,0.821,1,3,2,1,11,0.703,0.697,38.51,0.839,0.773,1
31,5834,0.807,1,5,1,1,12,0.816,0.763,37.18,0.802,0.847,1
88,5835,0.736,1,5,0,2,9,0.749,0.672,49.67,0.786,0.857,1
14,5836,0.716,3,4,1,3,4,0.828,0.576,39.18,0.965,0.695,0
25,5837,0.89,2,1,0,2,1,0.823,0.779,24.65,0.727,0.865,0
34,5838,0.971,3,4,1,1,1,0.919,0.956,35.69,0.762,0.906,1
67,5839,0.73,2,3,3,2,12,0.794,0.753,39.06,0.764,0.825,1
24,5840,0.842,1,2,1,2,10,0.836,0.689,31.84,0.8,0.923,1
73,5841,0.623,1,7,6,2,7,0.646,0.619,50.13,0.762,0.762,0
26,5842,0.383,2,8,0,1,8,0.608,0.682,57.29,0.736,0.732,1
20,5843,0.73,3,2,0,2,4,0.865,0.843,30.68,0.759,0.903,1
64,5844,0.643,3,1,1,1,1,0.82,0.724,33.27,0.79,0.852,1
10,5845,0.67,2,7,1,3,5,0.696,0.601,48.38,0.627,0.698,0
83,5846,0.529,2,4,1,2,6,0.604,0.708,43.98,0.76,0.735,0
67,5847,0.685,2,3,0,3,13,0.695,0.548,42.25,0.883,0.826,1
24,5848,0.868,1,4,1,2,13,0.638,0.695,44.78,0.859,0.855,1
5,5849,0.596,1,3,2,1,14,0.679,0.731,47.67,0.823,0.704,0
67,5850,0.728,2,5,2,3,4,0.863,0.806,41.51,0.822,0.874,1
58,5851,0.831,1,2,1,2,14,0.673,0.627,36.84,0.814,0.907,0
27,5852,0.546,2,1,2,2,9,0.689,0.765,40.3,0.805,0.743,1
80,5853,0.772,1,2,1,2,10,0.756,0.606,28.0,0.756,0.828,1
15,5854,0.492,1,3,1,2,1,0.826,0.726,49.16,0.607,0.638,0
35,5855,0.964,2,5,0,2,4,0.93,0.894,33.0,0.852,1.0,1
76,5856,0.835,2,4,0,2,14,0.649,0.802,33.85,0.658,0.774,1
53,5857,0.475,1,1,0,2,14,0.711,0.839,40.31,0.546,0.775,1
44,5858,0.924,3,0,2,3,10,0.765,0.883,23.47,0.861,0.918,1
26,5859,0.785,2,4,2,1,12,0.795,0.493,41.05,0.871,0.836,1
47,5860,0.919,2,4,2,2,13,0.961,0.645,39.65,0.808,0.904,1
34,5861,0.562,3,3,1,3,7,0.716,0.833,37.05,0.894,0.904,0
87,5862,0.819,1,1,1,3,2,0.811,0.734,31.16,0.789,0.939,1
95,5863,0.606,3,1,1,3,10,0.869,0.796,28.53,0.83,0.758,1
50,5864,0.742,2,5,0,3,10,0.794,0.647,42.93,0.83,0.859,1
84,5865,0.789,1,4,2,1,5,0.92,0.803,41.96,0.855,0.96,1
12,5866,0.985,2,5,0,2,2,0.904,0.637,44.08,0.851,0.951,1
87,5867,0.863,3,3,2,3,4,1.0,0.806,39.71,0.812,0.956,1
4,5868,0.584,2,4,0,3,4,0.769,0.73,49.74,0.764,0.814,0
87,5869,0.665,2,5,1,2,9,0.715,0.549,46.57,0.889,0.907,1
48,5870,0.838,1,3,2,2,11,0.771,0.735,34.46,0.802,0.82,1
55,5871,0.88,1,4,0,2,5,0.828,0.689,39.75,0.859,0.862,0
1,5872,0.734,2,0,2,3,10,0.799,0.794,33.81,0.719,0.895,1
89,5873,0.855,2,1,0,2,13,0.839,0.818,34.26,0.808,0.888,1
66,5874,0.718,3,1,0,2,5,0.784,0.885,20.61,0.878,0.947,1
30,5875,0.989,2,8,1,2,2,0.873,0.824,44.44,0.909,0.96,1
3,5876,0.836,1,2,2,2,3,0.728,0.631,35.13,0.778,0.901,1
21,5877,0.591,1,3,0,1,14,0.714,0.786,43.31,0.646,0.651,0
89,5878,0.734,0,4,1,1,7,0.594,0.675,48.42,0.631,0.679,1
84,5879,0.848,0,3,1,2,12,0.752,0.717,46.82,0.914,0.896,1
49,5880,0.567,2,6,1,2,5,0.916,0.931,47.67,0.705,0.814,1
86,5881,0.878,1,1,1,2,10,0.98,0.83,33.96,0.907,0.899,1
85,5882,0.922,3,3,2,2,2,0.852,0.805,31.14,0.848,0.922,1
62,5883,0.979,2,3,5,2,13,0.921,0.901,30.0,0.886,0.945,1
97,5884,0.489,3,3,3,2,6,0.721,0.653,35.64,0.674,0.678,0
38,5885,0.881,2,3,3,3,12,0.84,0.64,33.6,0.83,1.0,1
15,5886,0.549,2,3,3,2,12,0.636,0.63,37.3,0.76,0.74,1
52,5887,0.285,2,3,1,2,14,0.678,0.644,50.64,0.601,0.673,0
79,5888,0.73,3,3,0,1,6,0.775,0.704,28.48,0.846,0.817,1
46,5889,0.708,2,5,4,2,3,0.678,0.689,37.64,0.778,0.846,0
25,5890,0.845,2,3,2,2,5,0.913,0.985,29.66,0.879,0.9,1
21,5891,0.539,2,2,0,3,2,0.77,0.801,26.9,0.674,0.775,1
88,5892,0.936,1,1,0,2,12,0.751,0.779,38.33,0.815,1.0,1
5,5893,0.98,2,3,0,1,5,0.801,0.75,26.68,0.817,0.907,1
70,5894,0.527,3,2,3,2,11,0.712,0.563,40.52,0.842,0.687,1
47,5895,0.818,1,2,1,2,12,0.789,0.746,43.08,0.936,0.898,1
87,5896,0.45,2,2,0,2,2,0.859,0.723,34.75,0.694,0.679,1
68,5897,0.311,2,3,0,2,2,0.736,0.69,43.25,0.655,0.693,0
91,5898,0.351,3,0,1,1,12,0.765,0.906,25.79,0.641,0.702,1
18,5899,0.661,0,5,3,2,1,0.617,0.753,46.32,0.751,0.745,1
21,5900,0.473,1,1,0,2,4,0.749,0.745,38.43,0.669,0.781,1
92,5901,0.828,0,4,0,1,8,0.725,0.733,52.02,0.802,0.895,1
99,5902,0.445,1,6,3,2,3,0.584,0.64,49.4,0.681,0.839,0
86,5903,0.623,2,1,1,2,5,0.808,0.848,32.02,0.74,0.908,1
23,5904,0.663,1,1,0,2,13,0.776,0.819,34.77,0.694,0.817,1
64,5905,0.751,2,1,2,2,2,0.87,0.828,27.93,0.817,0.799,0
67,5906,0.878,3,5,1,1,7,0.745,0.626,33.8,0.933,0.876,1
40,5907,0.441,0,3,3,1,14,0.618,0.63,55.57,0.465,0.67,1
10,5908,0.65,0,3,1,1,4,0.596,0.625,46.73,0.632,0.824,0
89,5909,0.588,3,1,1,2,3,0.92,0.805,27.58,0.937,0.897,1
52,5910,0.94,2,1,1,2,12,1.0,0.85,25.23,0.854,1.0,1
72,5911,0.789,1,5,0,3,6,0.736,0.633,42.68,0.731,0.857,1
75,5912,0.691,1,4,0,2,12,0.88,0.805,45.14,0.615,0.718,0
61,5913,0.687,3,5,2,3,1,0.905,0.831,38.74,0.846,0.804,1
64,5914,0.833,1,5,2,2,12,0.644,0.629,38.95,0.672,0.719,1
5,5915,0.449,2,7,3,2,12,0.752,0.746,61.01,0.816,0.818,0
53,5916,0.893,1,6,1,2,3,0.707,0.718,47.07,0.756,0.936,0
55,5917,0.811,1,3,0,3,2,0.738,0.839,29.28,0.764,0.778,1
37,5918,0.586,3,4,1,2,5,0.969,0.913,37.95,0.789,0.902,1
56,5919,0.555,0,2,2,1,13,0.73,0.546,41.84,0.634,0.768,0
59,5920,0.784,1,2,0,2,1,0.883,0.935,31.6,0.91,0.82,0
93,5921,0.61,2,4,1,1,5,0.76,0.853,30.33,0.812,0.836,1
69,5922,0.721,2,3,0,2,12,0.755,0.67,32.38,0.827,0.796,1
73,5923,0.931,0,2,2,2,3,0.797,0.693,32.53,0.776,0.913,1
59,5924,0.852,2,3,0,2,6,0.758,0.612,34.72,0.739,0.833,0
2,5925,0.352,1,4,0,2,4,0.507,0.517,52.34,0.751,0.768,1
65,5926,0.747,0,4,0,3,14,0.683,0.692,51.06,0.569,0.874,1
60,5927,0.778,1,3,1,3,7,0.742,0.862,41.5,0.707,0.88,1
51,5928,0.6,3,2,1,2,8,0.882,0.869,30.37,0.784,0.793,1
30,5929,0.811,1,3,2,1,12,0.799,0.904,50.75,0.82,0.936,0
11,5930,0.817,2,1,1,1,4,0.872,0.712,18.84,0.846,0.905,1
92,5931,0.627,1,4,1,1,3,0.667,0.633,43.4,0.662,0.833,0
76,5932,0.868,1,2,2,2,9,0.779,0.768,32.07,0.805,0.926,1
39,5933,0.716,1,3,1,3,10,0.811,0.723,38.91,0.801,0.874,1
90,5934,0.65,2,3,0,2,7,0.714,0.614,39.12,0.873,0.958,1
77,5935,0.876,1,2,2,2,10,0.853,0.796,32.84,0.795,0.964,0
72,5936,0.766,2,4,4,3,10,0.708,0.732,40.6,0.891,0.743,1
63,5937,0.914,3,2,1,2,13,0.94,0.876,33.29,0.964,0.957,0
64,5938,0.839,0,1,0,3,6,0.613,0.693,31.59,0.598,0.826,0
61,5939,0.716,2,4,2,1,3,0.762,0.752,45.43,0.691,0.939,0
54,5940,0.736,0,2,1,2,11,0.606,0.815,39.18,0.674,0.87,1
92,5941,0.822,0,5,3,1,3,0.647,0.668,46.9,0.792,0.89,1
94,5942,0.439,1,5,1,1,14,0.66,0.605,49.8,0.758,0.68,0
73,5943,0.869,2,2,0,2,8,0.812,0.741,31.01,0.761,0.937,1
95,5944,0.556,0,5,2,1,7,0.746,0.727,43.41,0.547,0.697,1
58,5945,0.681,2,4,2,1,8,0.779,0.817,41.43,0.75,0.852,1
85,5946,0.883,0,1,1,2,7,0.758,0.7,31.15,0.577,0.852,1
56,5947,0.831,2,3,3,3,2,0.834,0.789,36.53,0.804,0.903,0
34,5948,0.708,2,4,1,1,4,0.613,0.557,43.34,0.774,0.797,0
31,5949,0.71,1,5,1,3,7,0.831,0.629,52.15,0.788,0.884,1
52,5950,0.859,2,3,1,2,7,0.658,0.895,33.74,0.842,0.927,0
89,5951,0.894,1,4,3,2,4,0.77,0.559,32.03,0.791,0.882,0
76,5952,0.75,1,6,0,1,11,0.688,0.598,41.51,0.693,0.811,0
1,5953,0.766,3,1,2,1,7,0.874,0.917,21.07,0.983,0.865,1
55,5954,0.428,1,2,1,2,6,0.599,0.779,45.33,0.592,0.709,0
22,5955,0.537,3,2,1,2,8,0.905,0.73,34.5,0.854,0.812,1
40,5956,0.839,1,3,3,2,10,0.681,0.735,41.28,0.774,0.825,1
1,5957,0.863,1,2,0,2,7,0.78,0.721,33.97,0.775,0.931,0
65,5958,0.365,1,8,3,2,3,0.615,0.472,58.09,0.766,0.621,0
63,5959,0.628,2,2,0,2,2,0.737,0.744,30.27,0.833,0.868,1
54,5960,0.63,1,3,4,3,8,0.687,0.727,40.96,0.717,0.922,1
42,5961,0.955,0,2,1,2,12,0.752,0.921,37.16,0.782,0.916,1
21,5962,0.72,2,6,1,2,5,0.903,0.734,49.91,0.807,0.927,0
79,5963,0.641,0,5,0,1,12,0.605,0.693,49.7,0.594,0.786,1
81,5964,0.614,3,7,0,2,5,0.723,0.81,37.85,0.939,0.914,0
22,5965,0.691,2,2,2,1,1,0.795,0.739,32.6,0.8,0.865,1
38,5966,0.714,2,2,1,2,6,0.871,0.853,30.46,0.86,0.845,1
99,5967,0.797,3,1,1,2,2,0.925,0.81,29.68,0.852,0.935,1
80,5968,0.606,0,2,0,2,6,0.814,0.636,39.28,0.736,0.831,0
8,5969,0.568,1,7,0,3,7,0.641,0.702,57.02,0.68,0.828,0
62,5970,0.647,0,1,1,2,9,0.668,0.672,38.72,0.598,0.773,0
47,5971,0.952,0,4,1,1,10,0.876,0.784,40.26,0.759,0.924,1
17,5972,0.622,0,3,4,2,3,0.689,0.734,44.73,0.704,0.856,0
17,5973,0.765,2,2,1,2,14,0.74,0.791,29.18,0.753,0.85,1
90,5974,0.757,2,2,1,3,2,0.815,0.672,34.8,0.733,0.853,0
13,5975,0.801,0,2,2,2,13,0.703,0.726,31.61,0.661,0.802,1
17,5976,0.827,1,1,0,1,1,0.815,0.78,28.8,0.657,0.845,1
38,5977,0.45,1,3,1,2,2,0.45,0.556,49.9,0.715,0.608,0
81,5978,0.5,1,4,0,2,3,0.601,0.52,39.8,0.724,0.815,0
78,5979,0.7,2,2,2,2,7,0.71,0.75,36.0,0.743,0.845,1
45,5980,0.899,2,2,1,2,14,0.85,0.728,33.17,0.816,1.0,1
6,5981,0.82,1,4,0,2,12,0.798,0.794,39.27,0.742,0.939,1
35,5982,0.71,2,2,2,2,10,0.735,0.688,29.88,0.706,0.784,1
14,5983,0.783,2,3,2,2,12,0.739,0.717,33.73,0.793,0.898,1
72,5984,0.818,2,5,1,1,9,0.726,0.741,30.97,0.771,0.885,1
61,5985,0.722,1,3,3,1,1,0.618,0.768,30.65,0.597,0.769,1
15,5986,0.894,1,2,0,3,7,0.746,0.781,29.85,0.991,0.992,1
54,5987,0.671,2,1,1,2,1,0.836,0.723,31.48,0.847,0.891,0
27,5988,0.696,3,2,1,3,14,0.868,0.726,27.79,0.976,0.987,1
13,5989,0.697,2,5,2,2,4,0.751,0.694,40.86,0.898,0.792,1
31,5990,0.762,0,1,0,3,13,0.658,0.682,35.03,0.714,0.777,1
35,5991,0.78,1,3,4,1,14,0.869,0.834,35.27,0.819,0.851,1
60,5992,0.54,2,8,1,3,6,0.732,0.64,65.09,0.85,0.802,0
6,5993,0.675,2,2,1,3,7,0.885,0.725,37.7,1.0,0.891,1
69,5994,0.563,1,6,2,3,7,0.748,0.814,44.44,0.58,0.73,0
86,5995,0.872,2,4,1,2,14,0.821,0.826,33.08,0.804,0.919,1
58,5996,0.461,2,3,2,2,1,0.758,0.693,36.49,0.697,0.794,1
49,5997,0.878,2,6,3,1,11,0.808,0.749,43.29,0.791,0.928,1
23,5998,0.782,2,2,0,2,14,0.833,0.67,27.98,0.845,0.872,1
89,5999,0.586,2,6,0,2,1,0.808,0.739,51.78,0.734,0.811,0
34,6000,0.721,1,3,4,2,3,0.854,0.798,40.14,0.792,0.971,1
26,6001,0.82,2,1,0,2,7,0.991,0.815,26.63,1.0,0.95,1
47,6002,0.708,3,1,2,1,5,0.889,0.762,28.78,0.933,0.855,1
5,6003,0.782,3,5,2,2,7,0.82,0.757,34.47,0.874,0.924,1
90,6004,0.528,0,1,1,2,11,0.614,0.82,37.34,0.748,0.801,1
20,6005,0.71,2,3,0,3,14,0.786,0.668,38.14,0.802,0.849,1
6,6006,0.793,3,2,3,2,2,0.942,0.822,29.19,0.888,0.911,0
70,6007,0.432,2,3,0,2,6,0.721,0.755,35.68,0.79,0.74,1
59,6008,0.777,1,4,2,1,8,0.637,0.668,39.25,0.843,0.798,0
64,6009,0.94,3,2,2,2,12,0.9,0.675,29.64,0.994,0.833,1
18,6010,0.633,1,3,1,1,5,0.698,0.576,39.53,0.762,0.847,1
4,6011,0.741,0,3,1,2,1,0.7,0.752,49.48,0.71,0.797,1
17,6012,0.893,2,7,2,1,8,0.801,0.853,42.7,0.784,0.914,1
14,6013,0.938,1,1,1,1,2,0.814,0.824,35.67,0.842,0.94,1
78,6014,0.835,1,4,1,3,3,0.699,0.576,38.15,0.798,0.834,0
13,6015,0.614,2,2,1,3,14,0.768,0.665,35.83,0.66,0.81,0
7,6016,0.611,2,5,1,2,14,0.78,0.828,47.8,0.857,0.896,0
44,6017,0.8,3,2,0,2,8,0.879,0.748,27.1,0.967,1.0,1
15,6018,0.641,2,3,0,1,10,0.725,0.871,38.37,0.914,0.799,1
19,6019,0.581,3,0,0,1,2,0.779,0.703,22.35,0.744,0.804,1
63,6020,0.656,2,2,0,2,5,0.865,0.822,31.47,0.785,0.796,1
35,6021,0.963,1,4,0,2,8,0.843,0.825,39.62,0.697,0.92,0
81,6022,0.638,2,3,0,3,2,0.762,0.773,41.15,0.913,0.801,1
35,6023,0.737,2,3,0,3,5,0.846,0.736,29.86,0.848,0.81,0
19,6024,0.628,2,4,3,3,9,0.786,0.694,34.44,0.699,0.829,0
20,6025,0.781,1,1,2,1,10,0.727,0.665,26.04,0.736,0.862,1
100,6026,0.912,1,1,1,3,9,0.817,0.776,31.25,0.83,1.0,1
35,6027,0.768,2,3,1,2,13,0.775,0.602,36.17,0.815,0.882,1
32,6028,0.501,0,2,3,1,12,0.664,0.76,44.19,0.748,0.793,1
48,6029,0.794,3,4,1,2,9,0.875,0.704,27.27,0.819,0.858,1
44,6030,0.825,2,3,3,3,13,0.75,0.591,33.67,0.837,0.87,1
24,6031,0.63,2,2,1,3,11,0.802,0.784,44.3,0.836,0.832,1
61,6032,0.277,1,1,2,2,10,0.618,0.733,45.64,0.705,0.679,1
17,6033,0.881,2,1,1,2,6,0.943,0.918,25.23,0.932,0.935,1
71,6034,0.587,3,3,2,3,12,0.823,0.681,38.38,0.883,0.784,1
50,6035,0.838,1,5,4,1,3,0.737,0.759,46.06,0.693,0.807,0
65,6036,0.597,1,2,3,1,2,0.764,0.662,34.81,0.733,0.671,1
99,6037,0.824,1,5,0,2,9,0.749,0.563,46.42,0.737,0.778,1
32,6038,0.903,1,3,2,2,5,0.871,0.824,35.97,0.862,0.945,1
36,6039,0.793,2,2,0,1,13,0.949,0.794,33.33,0.892,0.889,1
13,6040,0.887,1,1,0,2,3,0.734,0.694,41.8,0.761,0.95,1
70,6041,0.767,2,2,2,2,12,0.92,0.88,25.88,0.888,0.848,1
58,6042,0.79,2,3,1,2,7,0.777,0.721,33.53,0.681,0.829,1
14,6043,0.448,1,6,0,2,4,0.643,0.72,55.91,0.698,0.739,0
37,6044,0.787,3,4,0,2,8,0.867,0.731,23.11,0.847,0.907,1
79,6045,0.805,1,5,1,1,5,0.825,0.697,44.1,0.829,0.827,0
68,6046,0.88,2,4,3,3,9,0.814,0.754,40.27,0.813,0.944,1
40,6047,0.578,0,4,2,2,3,0.611,0.79,60.86,0.61,0.748,0
59,6048,0.84,3,1,0,3,3,0.922,0.9,12.92,0.997,0.987,1
80,6049,0.735,3,2,1,2,14,0.789,0.701,28.79,0.922,0.865,1
92,6050,0.642,1,3,3,2,13,0.648,0.7,31.6,0.724,0.737,1
16,6051,0.689,1,7,1,2,5,0.822,0.716,58.39,0.762,0.797,0
62,6052,0.597,2,4,3,3,9,0.681,0.689,38.99,0.907,0.87,1
4,6053,0.911,1,3,0,2,6,0.761,0.823,38.17,0.874,0.805,1
45,6054,0.423,2,0,0,2,3,0.878,0.742,38.27,0.685,0.675,1
90,6055,0.825,3,1,1,2,11,0.903,0.718,34.58,0.775,0.969,1
28,6056,0.73,2,4,3,2,4,0.827,0.642,43.71,0.775,0.788,0
96,6057,0.589,3,2,1,2,4,0.722,0.675,25.91,0.861,0.718,1
66,6058,0.326,1,0,2,1,9,0.66,0.777,38.92,0.629,0.73,0
31,6059,0.774,3,7,1,3,8,0.812,0.851,43.22,0.996,0.925,1
3,6060,0.928,1,4,1,2,7,0.712,0.649,46.97,0.855,0.845,1
8,6061,0.766,1,2,2,1,3,0.813,0.837,38.37,0.805,0.86,1
24,6062,0.712,3,1,0,1,1,0.886,0.855,33.01,0.867,0.96,1
15,6063,0.707,2,0,2,2,13,0.809,0.756,36.73,0.771,0.877,1
43,6064,0.607,2,3,0,2,10,0.891,0.724,31.25,0.729,0.678,0
31,6065,0.567,3,1,5,3,4,0.713,0.623,19.69,0.913,0.803,0
73,6066,0.934,2,2,0,3,3,0.824,0.76,41.12,0.854,0.964,0
45,6067,0.843,1,6,2,2,8,0.735,0.727,50.14,0.815,0.912,1
66,6068,0.783,2,1,2,3,12,0.705,0.753,31.44,0.948,0.938,1
8,6069,0.604,0,5,2,1,5,0.539,0.587,55.56,0.698,0.769,0
71,6070,0.824,1,2,3,1,2,0.827,0.898,34.69,0.868,0.898,1
57,6071,0.62,2,3,1,3,8,0.625,0.784,30.22,0.794,0.805,0
80,6072,0.565,3,3,3,2,13,0.727,0.711,25.59,0.63,0.857,1
99,6073,0.919,2,4,0,3,12,0.864,0.901,35.49,0.809,0.871,0
30,6074,0.699,1,0,1,3,6,0.89,0.691,31.98,0.779,0.887,0
74,6075,0.411,3,1,1,2,3,0.803,0.899,32.93,0.91,0.733,1
18,6076,0.685,3,2,2,2,14,0.782,0.63,28.56,0.814,0.871,1
69,6077,0.913,1,1,2,3,13,0.713,0.578,34.72,0.874,0.843,1
93,6078,0.735,1,2,1,2,3,0.714,0.625,39.06,0.77,0.845,1
39,6079,0.944,1,2,0,2,13,0.72,0.8,18.8,0.799,0.807,1
60,6080,0.695,2,0,1,2,8,0.898,0.793,28.42,0.791,0.907,1
98,6081,0.465,0,2,0,3,3,0.608,0.622,58.61,0.761,0.742,0
43,6082,0.819,2,0,3,2,9,0.993,0.801,28.98,0.841,0.897,0
45,6083,0.781,2,3,3,2,7,0.858,0.816,29.04,0.804,0.964,1
23,6084,0.692,2,4,2,2,3,0.726,0.902,34.74,0.852,0.863,1
69,6085,0.401,3,3,1,3,10,0.672,0.625,31.22,0.708,0.694,0
94,6086,0.765,2,4,0,2,7,0.977,0.846,39.39,0.824,0.945,1
6,6087,0.664,0,2,2,3,7,0.608,0.824,35.55,0.878,0.775,0
56,6088,0.804,2,5,1,2,12,0.768,0.687,40.92,0.878,0.89,1
4,6089,0.975,3,3,2,2,9,0.901,0.787,29.63,0.789,0.961,0
93,6090,0.695,0,7,2,2,6,0.466,0.643,59.78,0.535,0.848,0
23,6091,0.813,1,2,1,2,5,0.67,0.752,29.56,0.65,0.809,1
6,6092,0.542,2,2,0,2,5,0.79,0.662,28.52,0.827,0.866,1
32,6093,0.729,1,5,0,1,14,0.721,0.691,47.36,0.797,0.802,1
18,6094,0.494,2,3,1,2,4,0.586,0.592,40.5,0.792,0.803,0
15,6095,0.78,2,3,0,3,6,0.864,0.734,35.01,0.925,0.882,1
40,6096,0.714,2,2,1,2,4,0.758,0.695,31.94,0.94,0.986,0
96,6097,0.619,2,1,0,2,9,0.624,0.736,34.72,0.701,0.735,1
73,6098,0.488,0,1,2,3,1,0.715,0.803,38.78,0.682,0.751,0
74,6099,0.847,1,4,0,2,10,0.793,0.675,32.35,0.824,0.935,1
84,6100,0.928,1,6,4,2,1,0.58,0.687,43.68,0.812,0.789,0
6,6101,0.801,3,2,4,3,5,0.712,0.725,28.6,0.911,0.879,1
63,6102,0.898,2,2,1,3,6,0.846,0.718,30.95,0.87,0.926,1
67,6103,0.411,2,6,1,2,14,0.594,0.764,44.89,0.815,0.817,1
11,6104,0.463,1,4,1,2,10,0.557,0.654,52.28,0.713,0.644,0
43,6105,0.924,2,7,1,2,12,0.673,0.562,50.18,0.81,0.859,1
17,6106,0.496,0,2,0,2,3,0.501,0.774,50.52,0.58,0.663,0
96,6107,0.696,0,0,3,2,7,0.783,0.892,39.29,0.76,0.81,1
4,6108,0.892,1,5,0,2,9,0.678,0.815,50.51,0.796,0.872,1
63,6109,0.637,2,3,3,1,11,0.77,0.838,29.79,0.823,0.843,1
68,6110,0.718,2,3,2,2,6,0.867,0.832,33.2,0.89,0.972,0
81,6111,0.706,2,2,1,1,7,0.768,0.831,38.67,0.826,0.871,0
41,6112,0.663,3,2,2,2,2,0.962,0.835,37.58,0.887,0.931,1
83,6113,0.867,2,4,1,3,4,0.706,0.71,44.93,0.7,0.838,1
5,6114,0.868,2,6,0,2,12,0.7,0.773,39.28,0.907,0.895,1
32,6115,0.707,3,3,0,2,9,0.777,0.658,32.25,0.934,0.798,1
86,6116,0.251,2,4,2,2,5,0.763,0.796,42.65,0.71,0.626,1
70,6117,0.661,2,8,2,2,6,0.729,0.666,55.19,0.812,0.98,0
35,6118,0.515,2,3,0,1,1,0.658,0.804,26.24,0.594,0.705,0
22,6119,0.43,0,4,1,2,7,0.653,0.747,49.47,0.625,0.759,1
65,6120,0.759,3,0,1,2,7,0.989,0.878,27.85,1.0,0.952,1
84,6121,0.608,3,5,0,2,9,0.904,0.872,45.55,0.839,0.838,1
22,6122,0.854,2,3,0,1,11,0.891,0.914,30.25,0.886,0.881,1
11,6123,0.735,2,3,2,1,3,0.827,0.775,34.73,0.676,0.802,1
77,6124,0.74,2,1,1,1,14,0.692,0.697,25.66,0.87,0.83,1
3,6125,0.807,3,4,1,2,8,0.896,0.85,32.49,0.901,0.965,1
9,6126,0.846,3,4,1,1,12,0.881,0.738,29.93,0.884,0.83,1
60,6127,0.547,0,6,1,2,8,0.615,0.749,49.6,0.648,0.718,0
76,6128,0.885,2,2,1,1,4,0.792,0.743,31.79,0.958,0.897,1
87,6129,0.584,2,2,0,3,13,0.697,0.757,33.99,0.687,0.715,1
14,6130,0.835,0,1,2,3,10,0.729,0.808,33.47,0.774,0.836,1
97,6131,0.399,2,2,1,2,3,0.765,0.736,44.93,0.764,0.749,0
18,6132,0.715,1,0,0,3,10,0.705,0.727,22.98,0.725,0.951,1
73,6133,0.839,3,3,1,3,9,0.653,0.77,35.69,0.876,0.839,1
23,6134,0.867,0,2,1,3,6,0.744,0.674,36.63,0.795,0.908,1
74,6135,0.807,3,0,0,2,14,0.826,0.809,26.35,0.92,0.946,1
83,6136,0.746,3,4,2,2,6,0.886,0.836,27.97,0.938,0.861,1
47,6137,0.897,0,2,0,2,9,0.792,0.698,38.67,0.688,0.847,1
69,6138,0.437,2,2,1,1,4,0.711,0.634,36.68,0.835,0.785,0
47,6139,0.864,2,3,3,3,4,0.743,0.659,28.5,0.774,0.866,0
87,6140,0.933,3,1,2,1,5,0.839,0.788,18.05,0.964,0.973,1
30,6141,0.552,2,1,2,1,2,0.838,0.82,34.6,0.835,0.833,1
25,6142,0.859,2,6,1,2,3,0.904,0.848,41.24,0.958,0.906,1
28,6143,0.868,3,2,3,1,6,0.883,0.8,28.55,0.891,0.897,1
98,6144,0.927,1,0,0,2,5,0.608,0.705,29.67,0.86,0.847,1
25,6145,0.731,1,6,0,1,7,0.522,0.57,49.71,0.743,0.754,0
74,6146,0.453,3,2,2,3,9,0.775,0.754,33.75,0.852,0.654,0
78,6147,0.752,1,4,0,3,8,0.582,0.646,46.19,0.703,0.761,0
58,6148,0.823,3,1,2,2,14,0.88,0.945,25.08,0.939,1.0,1
94,6149,0.65,2,3,1,2,7,0.824,0.915,37.02,0.855,0.781,1
41,6150,0.74,2,5,2,2,4,0.735,0.694,38.19,0.662,0.761,1
25,6151,0.548,1,2,2,1,6,0.731,0.721,40.65,0.738,0.69,1
78,6152,0.391,1,4,0,2,1,0.699,0.77,40.0,0.6,0.765,0
99,6153,0.893,0,1,1,2,9,0.729,0.794,38.23,0.77,0.796,1
48,6154,0.516,2,2,1,2,9,0.814,0.611,37.32,0.689,0.852,1
98,6155,0.595,3,5,0,1,5,0.757,0.717,42.79,0.777,0.848,1
10,6156,0.611,2,4,3,2,6,0.705,0.624,41.98,0.884,0.863,1
99,6157,0.815,2,1,1,2,8,0.781,0.687,29.0,0.878,0.981,0
75,6158,0.814,1,1,2,2,7,0.726,0.761,27.51,0.753,0.877,1
11,6159,0.804,1,1,1,3,13,0.819,0.806,29.75,0.799,0.918,1
85,6160,0.457,3,2,1,2,3,0.717,0.748,30.83,0.779,0.782,1
21,6161,0.859,0,5,0,2,6,0.736,0.685,52.1,0.672,0.904,0
86,6162,0.862,1,3,1,3,12,0.838,0.832,34.74,0.658,0.867,1
45,6163,0.774,2,3,1,2,12,0.709,0.745,33.77,1.0,0.82,1
7,6164,0.736,2,0,1,2,3,0.856,0.961,27.65,0.84,0.927,1
81,6165,0.764,1,2,0,2,8,0.596,0.7,38.34,0.821,0.726,1
64,6166,0.808,3,1,1,3,7,0.817,0.673,23.67,0.803,0.936,1
64,6167,0.948,2,1,0,2,2,0.825,0.676,26.13,0.944,0.893,1
2,6168,0.694,1,1,0,2,10,0.705,0.692,27.67,0.66,0.692,1
76,6169,0.887,3,3,1,1,4,1.0,0.843,23.56,0.987,0.959,1
42,6170,0.563,1,3,1,2,5,0.652,0.723,45.46,0.676,0.708,0
82,6171,0.226,2,1,1,2,6,0.673,0.646,42.02,0.735,0.717,1
54,6172,0.937,3,6,0,1,5,0.799,0.766,35.91,0.808,0.966,1
75,6173,0.789,3,4,0,1,13,1.0,0.933,36.01,0.868,0.921,1
16,6174,0.972,1,2,1,3,10,0.932,0.752,33.11,0.868,0.976,1
18,6175,0.782,1,2,0,2,4,0.841,0.735,31.05,0.811,0.99,1
99,6176,0.702,2,7,4,1,3,0.626,0.576,46.98,0.686,0.825,0
59,6177,0.813,3,4,1,2,14,0.819,0.72,34.73,0.917,0.895,1
90,6178,0.569,2,0,1,2,2,0.912,0.925,22.65,0.786,0.893,1
16,6179,0.558,2,3,0,3,10,0.88,0.86,37.87,0.841,0.789,1
6,6180,0.821,1,1,1,2,1,0.652,0.771,33.69,0.753,0.802,1
57,6181,0.769,2,5,1,1,8,0.65,0.607,34.37,0.764,0.958,1
47,6182,0.769,3,2,2,3,4,0.881,0.824,31.78,0.909,0.773,1
48,6183,0.847,1,4,1,2,14,0.766,0.796,35.52,0.817,0.953,1
42,6184,0.863,1,4,1,2,9,0.835,0.786,37.28,0.8,0.876,1
76,6185,0.616,2,5,0,1,14,0.782,0.692,39.76,0.808,0.848,1
60,6186,0.28,1,1,1,3,1,0.71,0.661,44.19,0.656,0.686,0
77,6187,0.832,2,4,2,3,5,0.947,0.84,42.98,0.831,0.87,1
4,6188,0.555,0,2,2,3,14,0.592,0.642,39.76,0.815,0.711,1
2,6189,0.714,1,5,2,1,2,0.648,0.72,44.16,0.686,0.809,0
90,6190,0.697,3,3,4,2,2,0.86,0.767,32.74,0.704,0.855,0
59,6191,0.58,2,3,1,2,14,0.797,0.87,37.32,0.805,0.76,1
27,6192,0.839,3,3,2,3,10,0.916,0.751,23.72,0.824,0.883,1
27,6193,0.894,2,1,0,3,6,0.777,0.909,26.31,0.845,0.938,1
79,6194,0.624,1,1,1,3,9,0.72,0.792,41.45,0.805,0.789,1
72,6195,0.692,1,5,0,1,14,0.828,0.745,54.59,0.856,0.804,1
7,6196,0.781,2,1,2,3,5,0.709,0.702,18.13,0.943,0.757,1
63,6197,0.898,1,1,1,3,8,0.781,0.818,31.66,0.891,0.811,1
46,6198,0.697,3,2,0,2,8,0.899,0.744,26.01,0.908,0.858,1
63,6199,0.762,1,5,1,3,12,0.77,0.786,51.71,0.745,0.844,0
12,6200,0.728,0,3,0,3,5,0.686,0.653,50.0,0.583,0.831,0
13,6201,0.898,1,4,1,2,1,0.785,0.666,38.76,0.76,0.923,1
43,6202,0.741,2,3,4,3,7,0.916,0.729,42.35,0.785,0.931,0
17,6203,0.609,3,1,2,2,14,0.975,0.938,19.96,0.898,0.834,1
63,6204,0.745,1,6,4,2,7,0.643,0.594,45.97,0.793,0.853,0
81,6205,0.774,2,0,0,2,2,0.785,0.717,24.45,0.781,0.893,1
36,6206,0.809,1,6,1,2,7,0.764,0.649,45.66,0.767,0.771,1
85,6207,0.858,2,2,4,2,9,0.86,0.834,26.1,0.84,0.777,1
8,6208,0.946,0,3,3,2,5,0.725,0.702,48.29,0.786,0.808,1
69,6209,0.646,2,2,1,2,6,0.857,0.846,33.1,0.797,0.782,1
90,6210,0.895,2,2,3,3,4,0.943,0.699,19.56,0.911,0.974,1
80,6211,0.597,0,3,2,3,2,0.623,0.651,49.8,0.788,0.788,0
36,6212,0.783,2,3,1,2,7,0.802,0.721,39.81,0.737,0.905,1
28,6213,0.852,2,0,2,2,11,0.666,0.718,26.68,0.777,0.846,0
93,6214,0.606,2,0,0,3,6,0.795,0.657,36.14,0.774,0.822,1
47,6215,0.413,2,1,1,3,11,0.663,0.683,37.98,0.71,0.625,0
76,6216,0.94,2,2,2,2,5,0.8,0.822,35.99,0.853,0.911,1
30,6217,0.802,2,4,2,2,4,0.733,0.684,36.28,0.853,0.851,1
23,6218,0.758,3,4,0,2,12,0.906,0.908,36.56,0.851,0.822,1
16,6219,0.837,3,3,1,2,10,0.97,0.793,32.89,0.824,0.92,1
14,6220,0.698,2,4,1,1,6,0.723,0.69,41.93,0.769,0.794,1
74,6221,0.67,3,1,2,3,4,0.946,0.726,27.43,0.935,0.866,1
71,6222,0.946,3,2,1,2,12,0.921,0.689,28.65,0.949,0.947,1
52,6223,0.595,1,3,3,2,11,0.612,0.566,39.66,0.652,0.744,1
37,6224,0.928,3,1,4,2,8,0.955,0.892,16.69,0.852,0.851,1
29,6225,0.893,1,5,2,2,5,0.753,0.672,41.59,0.813,0.787,1
67,6226,0.749,0,1,0,3,8,0.628,0.702,43.51,0.695,0.78,0
15,6227,0.633,3,4,0,1,6,0.844,0.724,36.37,0.892,0.843,0
100,6228,0.87,1,2,2,3,6,0.815,0.591,26.82,0.785,0.936,1
47,6229,0.744,2,2,1,2,3,0.782,0.807,33.14,0.798,0.834,1
46,6230,0.849,3,2,2,2,11,0.82,0.656,25.68,0.749,0.963,1
52,6231,0.751,0,0,0,2,9,0.712,0.605,24.71,0.777,0.898,1
19,6232,0.777,1,2,0,3,5,0.677,0.64,43.93,0.707,0.905,1
77,6233,0.561,2,1,2,2,7,0.825,0.713,37.89,0.754,0.773,0
21,6234,0.926,2,3,0,2,11,0.858,0.705,32.79,0.726,0.879,1
64,6235,0.809,3,1,1,3,8,0.899,0.789,30.38,0.9,0.944,1
37,6236,0.668,3,3,2,3,7,0.921,0.669,27.49,0.902,0.784,0
27,6237,0.575,1,2,1,2,12,0.632,0.687,30.62,0.742,0.569,0
55,6238,0.739,1,3,1,1,4,0.669,0.727,38.58,0.688,0.734,1
29,6239,0.359,2,4,3,2,9,0.673,0.52,37.76,0.816,0.676,0
20,6240,0.453,2,1,0,2,3,0.841,0.723,32.07,0.778,0.686,0
25,6241,0.667,1,5,2,2,3,0.616,0.606,49.79,0.777,0.864,1
70,6242,0.686,1,3,1,2,10,0.832,0.856,34.11,0.713,0.848,1
63,6243,0.795,1,2,0,2,14,0.73,0.715,33.36,0.728,0.879,1
36,6244,0.865,3,5,3,2,13,0.909,0.765,38.45,0.859,0.935,1
2,6245,0.939,3,6,1,1,13,0.834,0.73,39.19,0.776,0.924,1
22,6246,0.79,0,2,0,2,6,0.774,0.733,43.69,0.743,0.917,1
96,6247,0.781,1,2,2,2,7,0.778,0.803,29.75,0.854,0.976,0
16,6248,0.629,1,4,3,2,12,0.75,0.637,51.4,0.806,0.747,1
18,6249,0.679,3,3,4,2,7,0.88,0.71,26.2,1.0,0.964,1
69,6250,0.515,3,3,3,2,9,0.828,0.893,43.14,0.762,0.818,0
54,6251,0.769,2,4,1,2,13,0.749,0.639,41.1,0.85,0.882,1
100,6252,0.898,0,4,2,1,6,0.683,0.692,42.6,0.753,0.857,1
30,6253,0.758,1,1,1,2,10,0.651,0.724,30.56,0.748,0.911,1
45,6254,0.631,2,7,1,2,1,0.671,0.685,54.29,0.762,0.857,1
19,6255,0.854,3,1,0,2,2,0.898,0.805,18.58,0.872,0.897,1
87,6256,0.813,0,1,0,3,4,0.706,0.827,38.58,0.62,0.833,1
34,6257,0.842,2,4,0,3,7,0.928,0.727,34.22,0.897,1.0,1
13,6258,0.778,1,2,0,2,9,0.868,0.711,33.12,0.812,0.935,1
43,6259,0.812,2,3,0,2,9,0.9,0.792,33.23,0.812,0.949,1
62,6260,0.546,2,1,0,2,3,0.757,0.644,31.95,0.645,0.797,0
93,6261,0.697,2,4,2,2,3,0.904,0.834,38.16,0.833,0.751,0
100,6262,0.611,2,3,3,1,1,0.729,0.694,39.25,0.765,0.904,1
22,6263,0.389,3,2,1,2,6,0.828,0.769,33.75,0.704,0.693,1
52,6264,0.549,1,5,4,2,10,0.657,0.79,45.34,0.751,0.779,0
52,6265,0.646,1,2,3,2,10,0.799,0.748,41.07,0.769,0.909,1
36,6266,0.567,3,6,0,1,7,0.771,0.761,37.45,0.877,0.818,1
73,6267,0.601,0,4,1,3,10,0.671,0.614,54.72,0.668,0.795,0
19,6268,0.778,2,4,1,2,9,0.781,0.636,34.67,0.65,0.87,1
38,6269,0.851,3,3,1,3,11,0.894,0.625,30.96,0.906,0.907,1
70,6270,0.787,3,3,0,3,13,0.79,0.9,26.04,0.856,0.892,1
79,6271,0.517,3,2,1,2,6,0.874,0.846,33.72,0.916,0.802,1
57,6272,0.679,0,2,0,3,14,0.66,0.741,46.02,0.733,0.953,1
20,6273,0.8,3,1,3,2,11,0.949,0.855,25.25,0.851,0.779,1
9,6274,0.69,3,1,1,1,12,0.822,0.673,26.22,0.819,0.902,1
32,6275,0.651,2,3,1,2,3,0.721,0.655,27.82,0.846,0.741,1
4,6276,0.752,1,4,1,1,10,0.715,0.591,38.31,0.837,0.894,1
50,6277,0.907,2,4,2,1,6,0.843,0.759,32.17,0.914,1.0,1
82,6278,0.961,2,3,1,2,8,1.0,0.9,32.73,0.887,0.915,1
5,6279,0.675,3,4,2,2,8,0.88,0.835,36.32,0.865,0.895,1
20,6280,0.629,1,3,0,3,14,0.805,0.609,39.3,0.835,0.786,1
87,6281,0.54,1,7,0,2,12,0.576,0.756,57.01,0.753,0.729,1
75,6282,0.777,2,5,0,3,11,0.926,0.777,41.77,0.857,0.852,1
37,6283,0.704,2,3,2,1,13,0.697,0.608,45.67,0.936,0.826,1
22,6284,0.896,2,4,1,2,1,0.95,0.766,27.56,0.877,0.854,1
58,6285,0.877,2,2,5,2,10,0.752,0.536,29.35,0.789,0.887,1
68,6286,0.877,2,4,1,2,9,0.809,0.533,27.1,0.789,0.861,1
93,6287,0.545,0,2,0,1,14,0.693,0.631,41.19,0.685,0.75,0
44,6288,0.65,0,4,2,2,4,0.697,0.702,51.47,0.622,0.845,0
34,6289,0.688,2,5,2,2,12,0.748,0.584,33.57,0.76,0.834,0
77,6290,0.752,1,1,1,2,8,0.736,0.784,37.94,0.633,0.823,1
42,6291,0.615,2,2,1,2,9,0.765,0.774,34.0,0.859,0.822,1
9,6292,0.88,2,3,0,3,12,0.741,0.812,34.51,0.881,0.791,1
95,6293,0.767,2,2,1,3,3,0.783,0.813,25.93,0.854,0.877,1
7,6294,0.652,3,3,2,2,1,0.965,0.924,38.31,0.824,0.92,1
68,6295,0.834,1,4,1,2,4,0.777,0.727,41.9,0.734,0.879,0
19,6296,0.904,1,2,1,1,14,0.887,0.892,33.24,0.842,0.875,1
94,6297,0.512,1,5,0,1,14,0.549,0.742,55.76,0.586,0.685,0
31,6298,0.609,2,5,0,2,6,0.676,0.724,48.48,0.784,0.733,0
35,6299,0.915,2,4,3,3,8,0.928,0.811,39.35,0.865,1.0,1
57,6300,0.741,1,4,2,3,3,0.743,0.857,38.72,0.825,0.945,1
85,6301,0.598,1,2,1,2,3,0.778,0.81,40.35,0.642,0.792,1
61,6302,0.693,3,2,0,2,2,0.69,0.635,37.7,0.809,0.797,1
31,6303,0.805,2,4,0,1,2,0.745,0.802,38.01,0.812,0.856,1
83,6304,0.893,2,1,0,3,6,0.912,0.891,16.99,0.945,0.964,1
95,6305,0.945,3,2,1,1,12,0.773,0.773,19.34,1.0,0.897,1
53,6306,0.963,3,5,1,2,1,0.989,0.813,33.81,0.907,0.997,1
32,6307,0.751,1,2,0,3,5,0.846,0.895,37.74,0.764,0.821,1
66,6308,0.301,2,3,2,3,1,0.573,0.694,38.77,0.61,0.771,0
59,6309,0.582,2,1,2,2,13,0.706,0.784,34.75,0.742,0.772,1
10,6310,0.614,3,6,3,1,9,0.675,0.764,49.48,0.701,0.715,1
2,6311,0.658,1,1,2,1,10,0.808,0.596,33.33,0.745,0.803,1
66,6312,0.694,2,1,0,3,2,0.789,0.871,28.04,0.692,0.924,1
60,6313,0.635,2,3,1,2,9,0.93,0.81,30.89,0.833,0.909,0
88,6314,0.773,3,2,1,2,2,0.914,0.818,27.14,0.953,0.95,1
17,6315,0.921,3,3,0,3,12,0.796,0.781,21.71,0.89,0.902,1
96,6316,0.865,2,2,0,2,2,0.708,0.665,32.23,0.857,0.855,1
16,6317,0.538,2,2,2,1,9,0.633,0.637,44.83,0.793,0.78,1
16,6318,0.832,3,2,2,2,11,0.78,0.853,35.07,0.803,0.867,1
46,6319,0.874,2,4,0,2,6,0.747,0.921,33.2,0.808,0.832,1
39,6320,0.814,3,8,0,2,1,0.805,0.681,46.38,1.0,0.903,0
31,6321,0.846,3,0,2,2,12,0.889,0.845,24.92,0.934,0.917,1
88,6322,0.748,3,4,1,2,4,0.717,0.729,32.7,0.896,0.931,1
1,6323,0.476,0,6,0,2,6,0.518,0.469,54.85,0.499,0.652,0
11,6324,0.707,1,0,1,2,10,0.83,0.771,35.04,0.683,0.835,1
85,6325,0.742,2,5,0,2,4,0.728,0.69,39.99,0.752,0.983,1
4,6326,0.748,2,2,0,2,10,0.705,0.614,33.08,0.77,0.875,1
71,6327,0.575,1,2,0,3,4,0.84,0.894,36.89,0.751,0.591,1
26,6328,0.445,1,6,2,2,8,0.661,0.654,57.85,0.603,0.693,1
50,6329,0.899,2,5,1,1,13,0.767,0.812,39.71,0.905,0.82,1
12,6330,0.818,3,3,3,2,7,0.882,0.738,35.74,0.861,0.887,1
95,6331,0.752,2,4,0,2,6,0.767,0.671,40.03,0.722,0.909,1
81,6332,0.896,1,1,0,2,13,0.771,0.694,32.35,0.937,0.949,1
97,6333,0.758,0,2,3,1,1,0.803,0.632,40.76,0.719,0.751,1
75,6334,0.627,1,1,1,2,10,0.564,0.62,44.82,0.77,0.779,1
92,6335,0.542,3,1,1,1,11,0.735,0.737,32.53,0.727,0.789,1
96,6336,0.887,3,5,0,3,4,0.859,0.767,33.17,0.758,0.823,1
65,6337,0.921,2,7,1,2,13,0.846,0.683,41.64,0.771,0.938,1
47,6338,0.63,2,3,2,3,10,0.743,0.846,34.45,0.759,0.873,1
92,6339,0.738,2,3,1,3,11,0.88,0.854,39.33,0.985,0.804,1
53,6340,0.912,0,2,2,1,3,0.776,0.806,38.99,0.851,0.999,1
71,6341,0.767,1,5,2,2,1,0.861,0.863,50.37,0.772,0.888,0
2,6342,0.844,2,2,0,2,7,0.709,0.698,20.22,0.786,0.881,1
24,6343,0.793,3,3,3,2,6,0.857,0.765,26.38,0.886,0.961,1
4,6344,0.629,2,3,2,1,2,0.725,0.722,39.39,0.741,0.855,0
19,6345,0.604,1,5,1,3,9,0.676,0.657,48.41,0.726,0.736,1
26,6346,0.654,3,2,1,3,13,0.859,0.877,42.51,0.819,0.83,1
75,6347,0.502,2,7,2,1,11,0.728,0.829,48.54,0.522,0.779,0
40,6348,0.504,3,1,0,1,4,0.779,0.692,37.59,0.892,0.84,1
50,6349,0.885,1,2,1,3,5,0.725,0.777,36.24,0.786,0.896,1
43,6350,0.903,0,3,1,2,2,0.737,0.809,31.12,0.632,0.804,0
75,6351,0.914,1,4,0,2,14,0.764,0.592,43.98,0.871,0.87,1
67,6352,0.696,3,0,1,2,5,1.0,0.781,17.7,0.996,0.975,1
12,6353,0.824,0,4,0,1,3,0.659,0.583,39.44,0.721,0.781,1
67,6354,0.555,2,5,1,2,8,0.822,0.647,51.47,0.69,0.693,1
27,6355,0.455,2,4,1,2,3,0.729,0.828,47.58,0.801,0.813,0
54,6356,0.893,2,2,2,1,12,0.871,0.843,31.1,0.847,0.96,1
66,6357,0.503,2,3,1,1,2,0.778,0.644,37.01,0.739,0.778,0
49,6358,0.46,0,3,0,1,3,0.627,0.587,66.27,0.521,0.711,0
16,6359,0.77,1,3,0,2,9,0.849,0.759,38.6,0.831,0.874,1
2,6360,0.383,0,2,1,3,8,0.612,0.588,51.61,0.436,0.623,1
60,6361,0.61,0,2,0,2,11,0.745,0.668,39.3,0.568,0.796,1
54,6362,0.692,0,1,2,2,12,0.667,0.817,45.51,0.76,0.891,0
30,6363,0.86,2,2,2,3,11,0.968,0.713,22.0,0.755,0.917,0
84,6364,0.749,1,4,3,2,14,0.848,0.921,31.59,0.79,0.808,1
38,6365,0.808,1,1,1,3,2,0.788,0.772,34.79,0.745,0.916,1
28,6366,0.925,2,6,2,1,3,0.638,0.864,40.28,0.886,0.975,1
25,6367,0.88,1,3,3,2,5,0.771,0.849,37.87,0.755,0.972,1
96,6368,0.668,3,2,0,2,7,0.68,0.653,31.36,0.814,0.818,0
10,6369,0.654,2,2,1,1,1,0.827,0.648,34.24,0.91,0.945,1
60,6370,0.374,3,2,1,2,4,0.765,0.585,40.43,0.763,0.742,1
42,6371,0.657,1,3,0,2,13,0.719,0.699,38.96,0.81,0.896,1
40,6372,0.837,0,2,1,2,10,0.664,0.73,38.02,0.624,0.816,1
97,6373,0.92,2,4,0,2,5,0.878,0.847,29.51,0.82,0.923,1
77,6374,0.453,1,3,0,1,12,0.6,0.733,47.55,0.647,0.775,1
42,6375,0.384,2,4,1,2,10,0.589,0.635,46.95,0.766,0.67,1
47,6376,0.924,2,2,0,3,9,0.908,0.933,31.79,0.966,0.959,1
37,6377,0.671,2,1,0,2,11,0.636,0.636,29.96,0.679,0.78,1
80,6378,0.624,3,3,1,1,11,0.746,0.639,29.39,0.875,0.783,1
22,6379,0.692,1,3,3,2,11,0.678,0.725,38.94,0.784,0.728,0
57,6380,0.566,2,2,1,1,14,0.752,0.743,37.35,0.827,0.747,1
84,6381,0.513,2,4,0,1,11,0.673,0.645,49.65,0.832,0.798,1
27,6382,0.974,2,4,3,3,3,0.765,0.692,35.37,0.889,0.974,0
41,6383,0.463,0,2,2,3,6,0.54,0.559,46.93,0.682,0.735,0
80,6384,0.676,2,2,0,2,9,0.703,0.724,34.27,0.732,0.809,1
34,6385,0.383,2,2,2,2,3,0.68,0.702,43.51,0.67,0.692,1
32,6386,0.931,3,1,0,2,10,0.79,0.682,13.65,0.912,0.912,1
90,6387,0.748,2,2,1,3,14,0.754,0.88,33.6,0.83,0.802,1
89,6388,0.732,1,4,1,2,3,0.723,0.647,47.27,0.749,0.963,0
66,6389,0.809,2,5,0,3,11,0.896,0.736,39.02,0.772,0.854,1
12,6390,0.901,2,6,1,2,7,0.755,0.66,40.65,0.697,0.985,1
40,6391,0.897,2,1,2,1,8,0.905,0.883,23.77,0.891,0.986,1
73,6392,0.457,1,2,3,3,4,0.727,0.76,34.74,0.736,0.693,1
76,6393,0.679,1,1,2,2,14,0.973,0.782,41.41,0.809,0.869,1
90,6394,0.946,1,2,1,2,13,0.876,0.686,39.74,0.762,0.917,1
73,6395,0.814,0,1,1,2,14,0.675,0.837,24.55,0.683,0.858,1
10,6396,0.865,2,6,0,1,2,0.683,0.541,44.81,0.732,0.855,0
96,6397,0.498,2,5,2,3,7,0.775,0.924,48.23,0.784,0.771,1
98,6398,0.631,1,2,5,1,6,0.555,0.654,37.73,0.596,0.778,1
48,6399,0.797,2,2,1,2,1,0.986,0.784,36.73,0.829,0.902,0
20,6400,0.85,1,1,1,3,2,0.829,0.727,32.19,0.727,0.909,1
39,6401,0.54,1,4,1,2,14,0.729,0.742,46.96,0.646,0.843,1
60,6402,0.779,2,4,1,2,7,0.842,0.848,45.04,1.0,0.991,1
66,6403,0.849,3,7,3,2,9,0.866,0.876,33.05,0.911,0.886,1
65,6404,0.701,2,5,4,2,6,0.774,0.694,46.22,0.756,0.804,0
51,6405,0.886,2,6,1,1,12,0.759,0.704,37.61,0.743,1.0,1
36,6406,0.787,1,2,1,1,11,0.778,0.775,37.01,0.701,0.917,1
24,6407,0.498,0,4,0,2,8,0.573,0.454,50.57,0.564,0.745,1
27,6408,0.669,2,0,2,3,5,0.805,0.722,16.26,0.919,0.94,1
2,6409,0.784,1,2,0,1,7,0.629,0.739,45.47,0.783,0.825,1
31,6410,0.736,2,2,2,3,6,0.76,0.847,33.36,0.742,0.864,0
57,6411,0.725,1,1,1,1,2,0.836,0.708,38.96,0.664,0.791,1
78,6412,0.5,2,2,1,2,10,0.625,0.702,42.08,0.692,0.797,1
66,6413,0.754,2,2,1,1,6,0.743,0.656,33.28,0.821,1.0,1
29,6414,0.612,3,4,0,1,10,0.715,0.716,40.84,0.818,0.722,1
15,6415,0.69,3,4,0,3,7,0.843,0.718,33.99,0.906,0.802,1
12,6416,0.535,0,2,2,2,13,0.52,0.772,45.28,0.565,0.666,1
28,6417,0.471,1,3,2,2,12,0.626,0.713,39.14,0.641,0.702,1
84,6418,0.714,3,2,1,2,4,0.749,0.937,32.71,0.807,0.842,1
24,6419,0.76,2,2,1,2,3,0.758,0.785,43.09,0.922,0.874,0
21,6420,0.732,2,2,2,3,10,0.776,0.735,33.64,0.746,0.934,1
10,6421,0.831,1,2,1,2,12,0.872,0.837,34.74,0.702,0.878,1
78,6422,0.711,2,5,0,2,12,0.703,0.662,33.75,0.894,0.863,1
18,6423,0.689,1,1,0,2,9,0.732,0.728,43.71,0.721,0.82,1
88,6424,0.668,3,1,1,2,6,0.912,0.929,27.2,0.856,0.757,1
14,6425,0.969,1,4,2,2,10,0.879,0.618,38.8,0.868,1.0,1
34,6426,0.893,1,1,1,2,12,0.871,0.781,34.59,0.735,1.0,1
58,6427,0.677,0,2,0,2,2,0.662,0.782,41.4,0.643,0.749,0
76,6428,0.719,2,2,1,2,9,0.683,0.666,32.26,0.817,0.923,1
22,6429,0.936,3,4,0,3,13,0.791,0.708,31.91,0.913,0.811,1
70,6430,0.73,1,2,0,2,3,0.814,0.628,40.58,0.847,0.913,1
36,6431,0.905,0,4,2,2,14,0.748,0.762,53.9,0.801,0.877,1
45,6432,0.533,2,1,1,3,13,0.716,0.739,38.05,0.659,0.805,1
36,6433,0.7,2,1,0,3,14,0.963,1.0,31.1,0.734,0.97,1
22,6434,0.715,3,1,1,3,12,0.869,0.869,25.1,0.921,0.865,1
78,6435,0.972,0,4,1,2,12,0.792,0.683,35.85,0.93,0.93,1
80,6436,0.959,2,4,4,3,10,0.924,0.668,37.32,1.0,0.972,1
61,6437,0.687,1,4,4,3,4,0.739,0.762,38.31,0.678,0.856,0
100,6438,0.771,1,3,2,1,5,0.67,0.565,35.86,0.634,0.93,1
56,6439,0.24,1,4,1,2,14,0.538,0.634,57.97,0.687,0.596,1
89,6440,0.252,3,4,2,2,1,0.667,0.712,42.23,0.729,0.732,0
96,6441,0.8,3,4,2,2,4,0.79,0.687,34.15,0.83,0.82,0
33,6442,0.728,1,4,1,3,8,0.676,0.695,46.96,0.785,0.845,1
45,6443,0.84,3,4,1,2,5,0.935,0.809,29.94,0.836,0.955,1
36,6444,0.856,1,0,1,2,3,0.968,0.914,30.26,0.844,0.987,1
20,6445,0.687,1,1,2,2,11,0.787,0.81,36.69,0.674,0.842,1
18,6446,0.937,2,2,1,2,7,0.768,0.712,33.72,0.873,0.944,1
38,6447,0.771,3,1,0,2,14,0.833,0.776,18.93,0.818,0.859,1
67,6448,0.75,2,2,0,2,1,0.676,0.85,39.77,0.771,0.872,1
23,6449,0.869,3,6,0,2,3,0.801,0.846,28.89,0.887,0.935,1
96,6450,0.581,3,2,3,2,5,0.74,0.736,23.26,0.856,0.716,1
16,6451,0.636,0,5,1,1,9,0.62,0.852,50.06,0.62,0.856,0
59,6452,0.644,1,1,1,3,5,0.821,0.592,43.84,0.727,0.76,0
69,6453,0.668,1,3,2,2,4,0.714,0.743,38.5,0.744,0.789,1
68,6454,0.836,2,2,3,1,11,0.849,0.746,28.03,0.863,0.968,1
21,6455,0.837,2,5,2,2,11,0.85,0.735,34.42,0.727,0.85,1
78,6456,0.813,0,1,1,2,12,0.626,0.825,36.48,0.842,0.86,1
95,6457,0.759,2,5,0,2,8,0.766,0.708,47.67,0.855,0.858,1
78,6458,0.709,2,1,0,2,4,0.747,0.812,35.19,0.862,0.767,1
70,6459,0.818,2,3,2,3,5,0.774,0.69,46.72,0.822,0.756,1
12,6460,0.693,2,4,2,1,5,0.806,0.731,35.38,0.768,0.955,1
16,6461,0.558,0,3,1,3,3,0.679,0.756,50.5,0.69,0.862,0
81,6462,0.626,2,6,1,2,9,0.656,0.818,51.63,0.78,0.828,0
87,6463,0.83,1,2,0,3,1,0.868,0.81,37.45,0.699,0.765,1
14,6464,0.559,2,5,4,2,7,0.761,0.701,51.62,0.777,0.751,1
61,6465,0.818,2,3,4,1,11,0.651,0.62,44.59,0.802,0.833,1
71,6466,0.75,2,5,3,3,12,0.722,0.544,41.92,0.788,0.835,0
46,6467,0.463,0,6,1,2,12,0.705,0.529,56.73,0.562,0.708,0
32,6468,0.805,2,2,0,2,8,0.904,0.837,27.83,0.865,0.909,1
15,6469,0.734,3,1,0,3,14,0.846,0.782,24.36,0.925,0.799,1
44,6470,0.695,2,3,2,2,9,0.745,0.791,37.02,0.797,0.79,1
17,6471,0.977,3,3,0,2,14,0.872,0.694,29.2,0.978,0.984,1
41,6472,0.862,1,2,2,1,5,0.714,0.83,34.39,0.859,0.866,1
54,6473,0.591,1,3,1,2,10,0.707,0.767,39.71,0.754,0.815,1
44,6474,0.819,2,1,1,2,12,0.891,0.88,24.07,0.788,0.906,1
98,6475,0.546,2,0,1,1,5,0.908,0.784,21.21,0.803,0.809,0
5,6476,0.916,1,2,1,2,1,0.847,0.815,30.2,0.691,0.994,1
27,6477,0.633,1,5,3,1,14,0.771,0.641,45.99,0.748,0.917,1
87,6478,0.677,2,2,2,1,14,0.748,0.729,27.73,0.742,0.934,1
78,6479,0.877,2,3,1,2,8,0.834,0.59,33.83,0.715,0.936,1
79,6480,0.889,1,2,1,3,6,0.81,0.657,33.81,0.972,0.893,1
43,6481,0.761,3,2,0,2,1,0.753,0.758,30.78,0.859,0.852,0
97,6482,0.517,2,4,0,1,8,0.804,0.695,51.57,0.78,0.83,1
31,6483,0.813,2,4,1,2,13,0.833,0.875,41.85,0.863,0.93,1
99,6484,0.592,3,2,2,2,5,0.741,0.712,29.42,0.824,0.79,1
17,6485,0.395,1,4,2,3,5,0.624,0.654,52.98,0.786,0.732,0
92,6486,0.767,2,2,0,1,6,0.693,0.912,33.59,0.812,0.875,1
83,6487,0.805,3,3,1,3,5,0.839,0.815,26.45,0.957,0.931,1
54,6488,0.802,1,5,1,2,9,0.741,0.707,51.0,0.658,0.857,1
62,6489,0.769,2,3,0,3,7,0.674,0.636,40.05,0.738,0.855,1
87,6490,0.722,3,4,2,3,14,0.717,0.689,30.78,0.843,0.814,1
32,6491,0.624,1,0,1,2,9,0.767,0.733,32.3,0.726,0.934,1
40,6492,0.618,1,8,1,1,12,0.646,0.508,54.49,0.671,0.749,1
13,6493,0.9,1,1,0,2,3,0.849,0.621,27.74,0.884,0.945,1
84,6494,0.582,2,2,1,2,10,0.727,0.792,36.01,0.864,0.732,1
35,6495,0.852,1,1,1,3,14,0.813,0.758,30.82,0.703,0.972,1
5,6496,0.87,1,2,1,2,9,0.685,0.842,33.68,0.714,0.828,1
73,6497,0.844,3,3,2,2,10,1.0,0.804,30.71,0.884,0.866,1
29,6498,0.833,2,4,0,1,7,0.859,0.853,38.14,0.866,0.934,1
70,6499,0.713,1,3,0,2,1,0.76,0.853,32.17,0.694,1.0,1
25,6500,0.678,3,2,2,2,9,0.78,0.918,27.43,0.78,0.919,1
95,6501,0.802,2,4,2,3,8,0.843,0.752,39.27,0.849,0.808,0
22,6502,0.352,1,0,1,2,14,0.702,0.67,48.13,0.615,0.727,1
66,6503,0.59,2,6,0,3,5,0.824,0.757,53.62,0.687,0.762,1
45,6504,0.73,2,3,1,2,11,0.677,0.513,46.04,0.786,0.893,1
69,6505,0.94,2,5,0,3,11,0.869,0.801,46.69,0.838,0.945,1
91,6506,0.576,1,1,0,1,1,0.77,0.645,39.46,0.734,0.845,0
89,6507,0.885,1,2,1,2,13,0.714,0.63,28.1,0.871,0.921,1
72,6508,0.844,1,2,2,2,14,0.687,0.843,35.32,0.754,0.888,1
1,6509,0.604,0,1,2,2,12,0.721,0.64,36.68,0.723,0.728,1
84,6510,0.759,2,1,0,2,11,0.937,0.928,20.82,0.746,0.968,1
44,6511,0.607,2,0,1,3,14,0.781,0.902,33.94,0.801,0.809,1
87,6512,0.519,0,1,0,1,12,0.627,0.715,36.9,0.663,0.69,0
96,6513,0.932,3,1,0,3,7,0.829,0.842,21.32,0.866,0.895,1
75,6514,0.492,2,1,1,2,3,0.887,0.73,40.11,0.78,0.823,1
39,6515,0.722,2,3,1,2,12,0.805,0.787,31.12,0.799,0.883,1
54,6516,0.723,3,2,1,2,5,0.86,0.878,32.27,0.939,0.754,1
88,6517,0.453,3,3,2,2,1,0.752,0.667,36.34,0.665,0.831,0
75,6518,0.756,0,5,3,2,13,0.715,0.661,44.31,0.757,0.831,1
29,6519,0.804,2,2,0,2,5,0.855,0.74,37.92,0.707,0.788,1
54,6520,0.644,3,2,1,1,1,0.786,0.692,20.77,0.831,0.804,1
90,6521,0.882,1,3,1,2,1,0.777,0.681,40.85,0.751,0.856,1
16,6522,0.799,1,5,2,3,2,0.714,0.684,49.34,0.743,0.661,0
99,6523,0.844,1,3,1,2,5,0.817,0.734,44.89,0.71,0.974,1
20,6524,0.639,1,3,3,3,4,0.761,0.616,41.7,0.775,0.813,0
46,6525,0.58,3,2,2,3,3,0.804,0.73,29.11,0.8,0.805,1
67,6526,0.536,2,1,2,2,9,0.65,0.665,31.01,0.818,0.9,1
65,6527,0.776,0,2,1,2,1,0.616,0.814,43.76,0.633,0.745,0
58,6528,0.918,2,1,0,1,5,0.988,0.778,22.35,0.808,0.948,1
53,6529,0.592,1,2,3,2,1,0.744,0.694,38.17,0.784,0.907,1
1,6530,0.506,1,3,0,2,8,0.778,0.757,51.11,0.693,0.773,0
81,6531,0.837,1,2,1,1,3,0.871,0.938,38.8,0.807,0.786,1
66,6532,0.78,1,5,2,1,3,0.694,0.78,36.04,0.843,0.931,0
29,6533,0.492,1,3,3,2,13,0.6,0.772,37.03,0.681,0.764,1
84,6534,0.744,2,5,0,2,3,0.942,0.764,33.41,1.0,0.883,1
70,6535,0.769,1,2,0,3,6,0.773,0.746,44.06,0.803,0.88,0
8,6536,0.825,3,1,2,1,3,0.919,0.87,22.4,0.927,0.997,1
29,6537,0.51,0,3,1,3,14,0.635,0.669,45.44,0.7,0.77,0
51,6538,0.683,2,2,2,2,12,0.872,0.791,35.28,0.863,0.881,1
33,6539,0.871,3,2,0,3,11,0.952,0.76,34.13,0.989,0.987,1
3,6540,0.505,0,2,3,2,7,0.594,0.745,45.4,0.601,0.858,0
60,6541,0.92,2,3,0,2,13,0.85,0.706,32.33,0.889,0.969,1
35,6542,0.582,2,8,2,2,9,0.568,0.769,51.19,0.758,0.683,0
69,6543,0.347,1,7,1,2,13,0.731,0.707,66.4,0.635,0.676,0
91,6544,0.499,1,0,2,2,8,0.776,0.83,34.57,0.674,0.732,1
76,6545,0.651,2,3,0,2,11,0.8,0.731,37.31,0.802,0.838,1
84,6546,0.686,1,8,0,3,13,0.664,0.609,56.23,0.699,0.757,0
20,6547,0.562,1,3,3,2,2,0.669,0.678,40.66,0.609,0.761,0
73,6548,0.901,2,5,1,2,9,0.876,0.769,39.24,0.915,0.931,1
39,6549,0.843,3,4,2,3,3,0.852,0.836,26.35,1.0,0.955,1
4,6550,0.782,1,2,0,1,12,0.769,0.682,39.34,0.888,0.832,1
19,6551,0.666,2,4,2,2,11,0.763,0.698,45.16,0.829,0.856,1
91,6552,0.777,3,3,1,2,10,0.9,0.991,35.73,0.732,0.888,1
45,6553,0.979,0,3,0,2,13,0.771,0.676,43.43,0.828,0.847,1
43,6554,0.599,2,3,0,2,3,0.748,0.62,39.1,0.806,0.809,1
13,6555,0.768,0,4,2,2,4,0.673,0.71,48.23,0.72,0.83,0
13,6556,0.416,3,1,0,2,11,0.79,0.646,32.91,0.867,0.793,1
60,6557,0.515,1,3,1,2,8,0.711,0.758,47.0,0.67,0.721,1
57,6558,0.549,1,0,0,3,9,0.755,0.69,42.05,0.784,0.723,1
86,6559,0.626,2,3,1,1,3,0.815,0.69,28.19,0.749,0.864,0
92,6560,0.614,2,5,2,2,6,0.616,0.699,52.01,0.801,0.759,1
52,6561,0.635,1,1,1,2,14,0.765,0.788,24.5,0.591,0.811,1
53,6562,0.861,2,1,0,2,4,0.93,0.772,28.88,0.827,0.941,1
86,6563,0.687,3,2,1,3,6,0.824,0.731,30.56,0.863,0.816,1
43,6564,0.786,3,0,0,2,6,0.865,0.812,37.36,0.839,0.899,1
83,6565,0.53,2,3,1,2,13,0.614,0.539,35.82,0.709,0.72,0
72,6566,0.662,3,2,2,2,5,0.891,0.899,23.7,0.824,1.0,1
72,6567,0.607,3,4,2,2,9,0.761,0.715,41.84,0.764,0.773,0
42,6568,0.78,2,4,0,2,13,0.672,0.687,35.14,0.852,0.921,1
90,6569,0.617,3,2,2,3,3,0.709,0.747,28.7,0.814,0.817,0
26,6570,0.966,3,3,1,2,5,0.879,0.726,33.77,0.959,1.0,1
23,6571,0.622,2,2,1,3,5,0.735,0.74,35.5,0.859,0.789,1
43,6572,0.89,2,2,1,2,4,0.964,0.806,19.19,0.89,0.931,1
77,6573,0.913,0,3,2,1,5,0.826,0.697,36.31,0.597,0.851,1
28,6574,0.818,0,3,0,2,3,0.661,0.675,40.83,0.812,0.967,0
9,6575,0.783,2,5,0,2,6,0.785,0.856,38.46,0.808,0.88,1
20,6576,0.605,2,2,4,2,4,0.882,0.835,29.31,0.695,0.823,1
56,6577,0.763,2,3,1,2,10,0.703,0.745,34.65,0.754,1.0,1
83,6578,0.921,3,0,2,1,13,0.909,0.742,23.95,0.825,0.931,1
39,6579,0.839,2,2,3,2,5,0.9,0.849,28.76,0.826,0.866,1
51,6580,0.648,0,1,2,2,4,0.763,0.694,44.2,0.616,0.812,1
12,6581,0.644,2,2,2,2,3,0.711,0.81,27.93,0.728,0.938,1
79,6582,0.769,0,2,1,1,2,0.784,0.784,41.59,0.791,0.79,1
95,6583,0.714,2,2,1,3,2,0.667,0.578,31.43,0.77,1.0,0
55,6584,0.536,2,3,4,2,13,0.822,0.707,33.64,0.769,0.738,1
78,6585,0.772,2,3,0,1,4,0.895,0.828,35.39,0.81,0.938,0
11,6586,0.433,1,2,0,1,14,0.722,0.729,49.65,0.805,0.734,1
26,6587,0.781,1,3,4,2,13,0.839,0.802,38.27,0.756,0.789,1
42,6588,0.689,1,2,2,2,7,0.751,0.78,27.91,0.692,0.804,1
27,6589,0.758,2,3,4,2,6,0.76,0.665,28.12,0.775,0.803,1
11,6590,0.652,2,5,4,2,9,0.828,0.863,32.17,0.8,0.888,1
38,6591,0.582,2,2,2,2,13,0.913,0.737,33.04,0.794,0.897,1
98,6592,0.941,1,1,0,2,9,0.779,0.756,25.99,0.76,0.902,1
43,6593,0.792,3,1,1,3,9,0.935,0.717,28.72,0.916,0.924,1
19,6594,0.717,3,0,2,2,4,0.721,0.772,22.1,0.912,0.891,1
64,6595,0.708,1,5,1,2,6,0.751,0.708,39.5,0.703,0.824,1
6,6596,0.672,2,2,3,2,1,0.671,0.548,35.69,0.691,0.808,1
46,6597,0.884,1,2,4,2,10,0.844,0.732,34.16,0.765,0.95,0
42,6598,0.816,2,2,2,2,10,0.945,0.821,35.03,0.901,0.756,1
92,6599,0.722,2,4,1,2,6,0.838,0.736,44.84,0.894,0.989,1
65,6600,0.714,2,5,1,2,8,0.827,0.698,40.21,0.85,0.864,1
99,6601,0.535,1,4,1,3,11,0.665,0.827,53.57,0.701,0.86,1
72,6602,0.757,3,4,0,2,4,0.831,0.708,37.82,0.837,0.826,1
59,6603,0.929,1,3,0,2,8,0.863,0.64,37.64,0.769,0.873,1
52,6604,0.596,3,6,0,2,9,0.726,0.744,39.24,0.844,0.811,1
47,6605,0.634,0,1,1,2,13,0.735,0.802,35.47,0.793,0.817,1
7,6606,0.845,1,2,1,1,12,0.793,0.787,31.01,0.738,0.766,1
11,6607,0.825,2,1,0,2,9,0.898,0.796,35.18,1.0,1.0,1
61,6608,0.776,3,4,1,1,1,0.829,0.745,33.93,1.0,0.858,0
68,6609,0.761,2,3,2,3,2,0.89,0.696,41.14,0.806,0.739,0
25,6610,0.578,1,3,3,2,12,0.696,0.735,49.4,0.629,0.756,1
12,6611,0.695,3,2,1,2,6,0.902,0.701,20.92,0.906,0.842,1
26,6612,0.953,2,0,1,1,1,0.833,0.809,23.29,0.778,0.902,1
12,6613,0.712,1,5,4,3,11,0.665,0.571,43.04,0.671,0.81,0
43,6614,0.759,2,5,2,2,7,0.725,0.597,44.98,0.854,0.91,1
51,6615,0.54,2,6,1,2,4,0.732,0.873,43.73,0.693,0.793,0
37,6616,0.799,2,5,4,2,4,0.842,0.608,40.84,0.814,0.873,1
46,6617,0.723,2,4,3,1,6,0.821,0.73,47.03,0.757,0.711,1
53,6618,0.661,3,1,0,3,1,0.92,0.829,31.58,0.883,0.781,1
88,6619,0.885,3,5,3,2,12,0.726,0.748,45.58,0.719,0.88,1
80,6620,0.913,2,3,2,3,2,0.865,0.65,25.39,0.966,0.891,1
13,6621,0.643,0,4,3,3,10,0.545,0.533,41.11,0.69,0.762,1
89,6622,0.751,2,2,1,1,13,0.791,0.788,24.97,0.872,0.844,1
54,6623,0.717,3,1,0,2,10,0.885,0.837,25.93,0.983,0.837,1
57,6624,0.815,1,3,3,3,13,0.83,0.754,46.77,0.876,0.801,1
4,6625,0.427,2,1,1,2,13,0.753,0.822,31.49,0.678,0.806,1
75,6626,0.507,2,7,0,2,1,0.78,0.745,47.61,0.814,0.729,0
96,6627,0.892,2,2,1,2,13,0.862,0.853,32.37,0.701,0.891,1
49,6628,0.735,3,5,0,3,7,0.894,0.769,31.38,1.0,0.955,1
7,6629,0.519,2,2,1,1,1,0.75,0.772,36.9,0.684,0.91,1
11,6630,0.782,2,5,1,3,5,0.715,0.746,43.43,0.731,0.841,1
92,6631,0.699,0,3,2,2,11,0.641,0.663,44.46,0.617,0.842,1
54,6632,0.929,3,2,1,2,5,1.0,0.882,24.11,0.914,0.931,1
87,6633,0.889,1,6,2,2,14,0.562,0.654,49.39,0.733,0.864,1
45,6634,0.902,3,5,2,3,12,0.777,0.712,42.67,1.0,0.893,1
23,6635,0.785,1,6,1,1,1,0.658,0.616,49.04,0.833,0.834,0
28,6636,0.625,1,2,2,2,10,0.75,0.75,51.41,0.776,0.799,1
57,6637,0.549,2,3,0,2,11,0.709,0.701,41.92,0.784,0.752,1
26,6638,0.756,2,3,1,2,7,0.874,0.738,39.89,0.916,0.938,1
25,6639,0.77,2,4,0,2,11,0.68,0.644,34.34,0.754,0.934,1
54,6640,0.59,1,2,0,3,2,0.669,0.76,39.8,0.654,0.76,0
29,6641,0.705,2,5,2,2,13,0.642,0.645,46.45,0.884,0.807,1
83,6642,0.675,3,4,0,2,13,0.8,0.752,36.27,0.975,0.723,1
97,6643,0.929,3,4,1,3,1,0.842,0.688,35.68,1.0,0.949,0
36,6644,0.69,1,2,1,2,10,0.726,0.722,39.31,0.789,0.895,1
14,6645,0.716,2,1,2,2,11,0.889,0.968,32.06,0.752,0.867,1
78,6646,0.593,2,2,0,1,7,0.764,0.792,42.87,0.922,0.791,1
35,6647,0.761,2,3,2,2,9,0.723,0.755,32.39,0.888,0.818,1
30,6648,0.954,1,7,2,2,13,0.909,0.734,63.62,1.0,0.933,1
92,6649,0.582,2,6,0,2,10,0.709,0.728,56.16,0.786,0.822,1
17,6650,0.36,2,5,1,1,1,0.739,0.71,56.34,0.765,0.796,0
67,6651,0.481,1,2,1,2,13,0.7,0.745,46.68,0.757,0.779,1
80,6652,0.639,1,2,2,2,7,0.816,0.671,38.53,0.809,0.847,1
30,6653,0.561,1,3,0,1,4,0.735,0.694,45.51,0.845,0.8,0
93,6654,0.86,3,2,1,3,8,0.944,0.773,31.3,0.901,0.967,1
45,6655,0.718,3,1,0,2,8,0.928,0.76,32.97,0.792,0.9,1
79,6656,0.643,1,2,1,2,14,0.761,0.735,33.34,0.773,0.904,1
89,6657,0.614,2,2,1,2,9,0.761,0.845,41.08,0.747,0.74,1
51,6658,0.602,1,3,1,3,5,0.691,0.598,40.92,0.725,0.884,1
47,6659,0.876,2,4,0,3,5,0.816,0.769,31.14,0.793,0.897,1
53,6660,0.812,2,0,1,1,14,0.885,0.839,22.78,0.743,0.887,1
64,6661,0.689,2,4,0,2,7,0.746,0.767,40.85,0.88,0.84,1
38,6662,0.766,3,3,2,2,3,0.832,0.715,20.5,0.864,0.92,0
64,6663,0.715,2,2,2,3,12,0.795,0.802,34.28,0.911,0.98,1
87,6664,0.789,1,6,0,3,8,0.695,0.741,52.75,0.899,0.862,1
89,6665,0.953,1,4,2,3,9,0.741,0.709,39.96,0.806,0.836,1
7,6666,0.633,3,2,1,3,10,0.846,0.818,23.05,0.827,0.775,1
22,6667,0.856,1,1,0,1,1,0.815,0.858,28.86,0.911,0.864,1
81,6668,0.71,2,6,1,1,11,0.745,0.803,41.89,0.769,0.785,1
82,6669,0.731,2,1,0,3,8,0.821,0.801,31.25,0.861,0.856,1
41,6670,0.547,1,4,0,1,10,0.549,0.59,49.87,0.639,0.823,0
74,6671,0.949,2,0,2,2,11,0.903,0.767,21.77,0.825,0.951,1
10,6672,0.742,3,3,0,2,2,0.79,0.853,39.41,0.891,0.867,0
57,6673,0.447,1,1,1,2,2,0.886,0.852,36.59,0.552,0.812,0
7,6674,0.764,0,2,2,2,14,0.707,0.72,37.29,0.862,0.856,1
50,6675,0.881,3,1,0,3,14,0.808,0.728,27.33,0.812,0.922,1
91,6676,0.766,2,2,1,3,14,0.722,0.754,27.18,0.658,0.886,1
52,6677,0.965,2,2,1,3,3,0.785,0.668,31.28,0.933,0.936,1
33,6678,0.967,2,4,3,2,11,0.967,0.813,49.4,0.822,1.0,1
1,6679,0.858,2,2,3,3,14,0.875,0.878,24.83,0.862,0.876,1
53,6680,0.685,1,1,1,2,1,0.85,0.868,33.51,0.773,0.84,1
60,6681,0.735,2,2,0,3,3,0.681,0.744,24.08,0.716,0.797,1
34,6682,0.766,1,0,1,3,6,0.836,0.808,30.77,0.77,0.883,1
4,6683,0.727,2,0,0,2,6,0.9,0.845,29.84,0.746,0.877,1
17,6684,0.56,2,4,1,2,13,0.639,0.588,48.71,0.859,0.708,1
4,6685,0.73,3,3,0,3,4,1.0,0.786,25.29,0.766,0.901,1
43,6686,0.915,3,5,1,2,3,0.828,0.818,33.66,0.785,1.0,1
90,6687,0.665,3,3,1,2,6,0.782,0.739,36.49,0.882,0.789,1
4,6688,0.936,2,2,0,2,7,1.0,0.926,25.84,0.965,1.0,1
1,6689,0.446,1,2,0,3,9,0.741,0.687,43.61,0.739,0.756,0
71,6690,0.838,1,5,0,2,2,0.609,0.701,47.65,0.667,0.812,0
94,6691,0.876,2,0,1,1,11,0.861,0.919,20.52,0.836,0.868,1
50,6692,0.946,2,4,1,1,3,0.839,0.763,37.77,0.914,0.919,1
73,6693,0.79,1,2,1,3,4,0.899,0.825,37.25,0.787,0.951,1
61,6694,0.753,3,6,1,2,14,0.816,0.762,34.77,0.767,0.916,1
35,6695,0.918,1,5,0,2,8,0.735,0.71,31.27,0.7,0.801,1
8,6696,0.628,2,3,1,2,10,0.779,0.799,33.07,0.777,0.823,1
24,6697,0.832,2,2,1,1,2,0.846,0.743,27.75,0.901,0.934,0
83,6698,0.735,2,4,2,2,4,0.659,0.615,45.6,0.803,0.835,1
36,6699,0.729,2,2,1,2,2,0.782,0.829,29.59,0.992,0.712,1
50,6700,0.897,0,2,2,2,5,0.687,0.796,38.3,0.698,0.848,1
43,6701,0.917,3,4,2,3,9,0.888,0.865,29.55,1.0,1.0,1
27,6702,0.704,3,1,1,3,6,0.82,0.84,21.49,0.856,0.792,1
32,6703,0.713,2,5,3,2,5,0.85,0.741,42.06,0.848,0.831,1
78,6704,0.802,1,4,1,3,13,0.729,0.633,56.44,0.738,0.826,1
18,6705,0.802,1,5,2,3,11,0.636,0.605,47.74,0.8,0.757,1
28,6706,0.722,0,2,0,3,6,0.703,0.749,41.79,0.614,0.792,1
29,6707,0.648,2,3,3,2,11,0.806,0.691,37.95,0.868,0.824,1
16,6708,0.649,2,2,2,2,3,0.656,0.901,30.06,0.757,0.76,1
99,6709,0.719,2,6,2,2,5,0.739,0.772,52.58,0.885,0.782,1
47,6710,0.523,2,5,0,1,6,0.966,0.754,46.56,0.714,0.932,1
59,6711,0.58,3,3,2,2,2,0.73,0.811,35.6,0.855,0.884,1
31,6712,0.527,0,3,4,2,13,0.692,0.681,48.54,0.672,0.681,1
4,6713,0.762,2,3,1,1,14,0.871,0.76,39.31,0.808,0.841,1
37,6714,0.86,2,3,2,1,14,0.824,0.69,31.06,0.832,0.963,1
17,6715,0.817,3,4,0,3,9,0.84,0.705,28.83,0.89,0.912,0
39,6716,0.743,2,2,1,2,8,0.852,0.8,25.33,0.867,0.884,1
48,6717,0.668,2,4,1,2,11,0.648,0.655,38.18,0.805,0.854,1
46,6718,0.554,2,2,2,2,12,0.635,0.618,33.17,0.772,0.824,1
90,6719,0.78,3,2,2,3,8,0.871,0.721,38.69,0.89,0.934,1
48,6720,0.564,3,5,2,3,1,0.803,0.747,36.79,0.75,0.751,1
39,6721,0.966,0,5,3,2,9,0.705,0.705,48.37,0.736,0.88,0
4,6722,0.785,2,2,3,2,3,0.922,0.774,25.44,0.833,0.774,1
30,6723,0.855,2,1,2,2,12,0.864,0.671,31.67,0.81,0.899,1
30,6724,0.906,2,0,1,1,3,1.0,0.844,27.68,0.919,0.978,1
22,6725,0.814,2,2,1,2,11,0.79,0.855,25.22,0.895,0.855,1
75,6726,0.535,1,2,1,3,7,0.731,0.847,37.62,0.764,0.784,0
66,6727,0.727,2,2,0,3,12,0.797,0.725,34.32,0.826,0.761,1
12,6728,0.672,2,1,0,2,12,0.794,0.775,32.02,0.752,0.816,1
94,6729,0.637,1,3,0,3,5,0.745,0.603,37.14,0.792,0.851,1
36,6730,0.863,3,4,1,2,9,0.918,0.754,34.64,0.851,1.0,1
18,6731,0.36,1,3,0,2,13,0.588,0.681,47.34,0.704,0.708,0
90,6732,0.697,2,2,5,2,11,0.8,0.627,32.0,0.71,0.869,1
53,6733,0.494,3,3,2,2,10,0.685,0.812,30.04,0.906,0.757,0
71,6734,0.778,2,8,2,2,13,0.765,0.665,43.74,0.826,0.892,1
1,6735,0.524,2,3,1,2,12,0.702,0.779,32.82,0.815,0.73,1
58,6736,0.61,0,4,0,2,10,0.679,0.81,42.68,0.653,0.761,1
90,6737,0.483,2,2,3,2,10,0.788,0.962,36.32,0.669,0.793,1
87,6738,0.859,3,2,0,2,13,0.993,0.854,22.32,0.849,0.923,1
90,6739,0.949,3,2,5,2,3,0.855,0.746,20.01,0.838,0.931,1
6,6740,0.752,2,2,1,3,14,0.676,0.743,34.17,0.77,0.875,0
70,6741,0.865,2,6,1,2,2,0.87,0.685,42.55,0.838,0.947,1
44,6742,0.783,1,3,3,2,9,0.638,0.666,47.95,0.792,0.915,1
72,6743,0.697,2,2,1,2,13,0.669,0.582,35.98,0.656,0.867,1
24,6744,0.796,1,5,0,2,4,0.632,0.772,36.79,0.74,0.813,0
86,6745,0.847,3,5,0,2,9,0.685,0.665,33.3,0.808,0.769,1
19,6746,0.678,1,1,4,2,4,0.76,0.783,32.84,0.785,0.788,1
18,6747,0.794,1,2,3,1,11,0.954,0.735,33.77,0.725,0.824,1
95,6748,0.693,1,3,0,2,4,0.722,0.816,48.34,0.702,0.909,0
30,6749,0.417,2,4,0,2,14,0.742,0.777,38.79,0.816,0.782,1
42,6750,0.64,2,4,0,2,7,0.795,0.703,47.79,0.779,0.766,1
33,6751,0.624,1,2,1,3,7,0.733,0.725,42.57,0.722,0.742,1
74,6752,0.742,2,3,1,1,4,0.958,0.878,33.78,0.855,0.813,1
12,6753,0.446,2,2,4,3,3,0.821,0.719,36.11,0.633,0.832,0
94,6754,0.507,1,5,1,2,10,0.66,0.609,53.1,0.659,0.768,1
27,6755,0.493,1,4,0,2,3,0.785,0.78,50.29,0.679,0.843,0
39,6756,0.72,3,2,2,1,2,0.835,0.775,33.29,0.92,0.962,1
9,6757,0.448,0,3,1,1,9,0.519,0.691,41.02,0.714,0.688,0
21,6758,0.426,2,4,0,2,3,0.811,0.802,41.76,0.731,0.794,1
76,6759,0.79,2,2,2,3,13,0.865,0.823,24.52,0.987,0.915,1
29,6760,0.66,2,5,1,2,9,0.748,0.653,41.71,0.726,0.947,1
33,6761,0.826,2,3,0,3,4,0.864,0.71,32.91,0.865,0.959,0
62,6762,0.857,0,2,1,1,1,0.848,0.876,34.07,0.783,0.938,1
15,6763,0.774,3,5,1,3,5,0.778,0.676,38.35,0.744,0.818,1
2,6764,0.565,0,1,0,2,4,0.617,0.855,37.3,0.617,0.846,0
52,6765,0.679,1,5,2,1,2,0.654,0.67,49.15,0.67,0.842,1
44,6766,0.532,2,5,0,2,11,0.701,0.847,50.51,0.679,0.732,1
54,6767,0.787,3,3,0,2,9,0.894,0.89,40.0,0.923,0.93,1
18,6768,0.758,1,3,1,2,5,0.706,0.769,48.55,0.758,0.895,0
3,6769,0.469,2,1,0,2,13,0.701,0.771,39.31,0.844,0.679,1
7,6770,0.719,2,0,2,2,13,0.766,0.879,24.57,0.802,0.85,1
43,6771,0.851,1,5,1,2,11,0.761,0.833,40.69,0.729,1.0,1
82,6772,0.647,2,2,3,2,9,0.729,0.871,39.44,0.684,0.773,1
38,6773,0.732,2,3,1,2,7,0.892,0.793,38.1,0.793,0.858,1
37,6774,0.387,2,2,1,3,14,0.704,0.774,44.03,0.682,0.667,1
58,6775,0.956,1,4,2,2,4,0.723,0.554,46.08,0.793,0.973,1
33,6776,0.637,3,0,1,3,12,0.939,0.858,25.17,0.858,0.83,1
59,6777,0.701,1,2,2,1,13,0.803,0.763,40.22,0.691,0.841,1
95,6778,0.587,2,2,0,2,12,0.807,0.731,38.94,0.811,0.834,1
11,6779,0.858,3,6,0,3,6,0.786,0.81,42.25,0.907,0.925,0
68,6780,0.946,0,5,2,2,9,0.777,0.667,45.39,0.847,0.972,1
82,6781,0.467,0,3,0,3,12,0.554,0.66,43.21,0.662,0.685,0
68,6782,0.689,1,0,1,3,11,0.657,0.77,28.37,0.797,0.789,1
98,6783,0.735,2,2,0,2,11,0.781,0.739,33.08,0.903,0.774,1
93,6784,0.564,2,0,4,2,3,0.652,0.744,35.2,0.73,0.807,1
88,6785,0.644,3,1,0,1,4,0.761,0.75,26.13,0.882,0.908,1
22,6786,0.499,1,3,1,2,7,0.698,0.504,41.28,0.713,0.67,1
66,6787,0.627,3,6,1,3,14,0.781,0.755,45.98,0.911,0.861,0
44,6788,0.848,1,5,3,3,1,0.732,0.518,43.84,0.705,0.835,1
6,6789,0.75,3,1,2,1,11,0.889,0.838,25.09,0.843,0.945,1
42,6790,0.909,1,2,1,1,5,0.869,0.867,30.63,0.681,0.8,1
25,6791,0.573,1,0,0,1,7,0.814,0.835,34.06,0.737,0.811,1
57,6792,0.527,1,2,2,2,14,0.812,0.83,45.36,0.764,0.785,1
85,6793,0.538,1,3,2,3,14,0.572,0.828,39.54,0.652,0.629,1
55,6794,0.899,1,2,0,1,5,0.791,0.891,34.03,0.757,0.843,1
16,6795,0.47,1,5,2,2,6,0.672,0.641,49.07,0.623,0.783,1
95,6796,0.585,1,2,1,3,13,0.699,0.734,41.74,0.686,0.744,0
14,6797,0.432,2,3,3,2,7,0.689,0.719,45.92,0.776,0.699,1
39,6798,0.443,0,2,0,2,12,0.696,0.745,46.8,0.549,0.701,1
28,6799,0.613,2,3,0,1,5,0.812,0.805,31.74,0.819,0.843,1
96,6800,0.775,3,5,0,2,12,0.866,0.695,42.98,0.805,0.978,1
92,6801,0.978,1,5,1,2,11,0.736,0.715,39.8,0.836,0.962,1
51,6802,0.625,1,5,1,2,9,0.562,0.71,38.97,0.743,0.789,1
49,6803,0.794,1,1,4,3,10,0.77,0.735,36.01,0.875,0.881,1
9,6804,0.809,2,4,1,3,3,0.782,0.574,38.71,0.785,0.792,0
58,6805,0.563,1,4,1,2,2,0.854,0.848,45.95,0.774,0.802,0
45,6806,0.594,1,1,1,1,4,0.847,0.799,25.48,0.602,0.886,1
22,6807,0.394,2,1,0,3,3,0.722,0.847,35.23,0.699,0.749,1
32,6808,0.575,1,3,1,2,2,0.717,0.717,38.06,0.821,0.832,1
69,6809,0.941,2,2,2,1,14,0.847,0.903,27.84,0.747,0.971,1
87,6810,0.81,0,4,3,2,13,0.614,0.675,46.19,0.709,0.756,1
69,6811,0.784,1,2,1,2,12,0.821,0.705,38.99,0.675,0.867,1
42,6812,0.718,1,2,0,2,7,0.697,0.742,36.0,0.702,0.709,1
53,6813,0.866,2,2,2,1,5,0.921,0.825,30.66,0.867,0.96,0
96,6814,0.884,3,6,4,1,13,0.858,0.785,46.24,0.993,0.921,0
59,6815,0.442,1,2,3,2,8,0.796,0.822,42.34,0.526,0.782,1
74,6816,0.789,1,3,1,1,14,0.78,0.565,36.03,0.743,0.916,1
39,6817,0.784,1,1,1,3,2,0.814,0.726,36.34,0.877,0.959,1
15,6818,0.939,1,3,2,1,8,0.85,0.853,35.5,0.791,0.906,1
71,6819,0.921,2,3,0,2,8,0.763,0.82,35.48,0.872,0.911,1
29,6820,0.677,3,4,4,3,7,0.882,0.707,29.92,0.875,0.907,1
3,6821,0.906,0,2,0,3,11,0.65,0.633,42.68,0.819,0.87,1
83,6822,0.721,2,2,1,3,1,0.795,0.596,30.09,0.858,0.821,0
10,6823,0.609,3,7,0,2,2,0.735,0.703,46.25,0.703,0.695,0
92,6824,0.731,2,2,1,2,10,0.769,0.781,37.72,0.81,0.909,1
29,6825,0.827,2,2,1,2,8,0.901,0.723,34.84,0.917,0.942,1
79,6826,0.836,2,2,2,2,4,0.774,0.761,32.62,0.844,0.908,1
35,6827,0.68,1,2,5,2,1,0.829,0.759,38.86,0.801,0.856,1
6,6828,0.653,1,5,0,3,2,0.697,0.565,33.94,0.813,0.798,0
12,6829,0.943,1,4,0,2,10,0.86,0.852,28.14,0.815,0.913,1
38,6830,0.951,0,0,2,2,10,0.77,0.787,31.63,0.744,0.915,1
77,6831,0.703,2,4,2,2,12,0.933,0.849,29.33,0.742,0.83,1
93,6832,0.863,2,1,1,1,6,0.795,0.815,40.49,0.889,0.973,1
19,6833,0.671,2,3,1,3,10,0.82,0.821,33.49,0.916,0.845,1
67,6834,0.612,1,7,0,2,12,0.708,0.62,54.08,0.69,0.802,0
8,6835,0.937,3,2,2,1,7,0.829,0.902,21.54,0.987,0.94,1
8,6836,0.985,1,3,0,2,10,0.81,0.778,35.91,0.915,0.934,1
84,6837,0.938,1,2,1,3,4,0.607,0.736,31.31,0.895,0.872,1
47,6838,0.815,2,0,2,3,4,0.92,0.893,25.74,0.89,0.825,1
4,6839,0.546,3,4,0,1,14,0.69,0.786,36.33,0.926,0.828,1
51,6840,0.652,2,4,2,3,8,0.9,0.652,37.93,0.807,0.835,0
85,6841,0.647,2,2,0,1,2,0.788,0.726,30.68,0.796,0.807,1
67,6842,0.25,2,0,0,2,9,0.752,0.806,33.7,0.831,0.729,1
45,6843,0.816,2,3,1,1,10,0.777,0.9,38.54,0.834,0.815,1
8,6844,0.891,1,4,1,2,1,0.749,0.797,48.36,0.716,0.836,0
87,6845,0.884,2,1,1,1,4,0.849,0.669,26.02,0.848,0.939,1
16,6846,0.61,2,5,0,3,12,0.768,0.768,47.09,0.729,0.734,1
77,6847,0.571,2,3,1,2,13,0.779,0.51,36.46,0.814,0.795,1
67,6848,0.85,1,2,0,2,3,0.773,0.799,36.02,0.694,0.918,0
9,6849,0.726,2,0,2,3,4,0.975,0.762,29.14,0.893,0.919,1
60,6850,0.787,2,3,1,1,14,0.811,0.841,38.53,0.773,0.838,1
78,6851,0.467,1,3,1,3,2,0.656,0.617,46.27,0.604,0.679,0
77,6852,0.491,2,3,3,1,4,0.694,0.667,37.44,0.776,0.784,0
71,6853,0.822,2,4,0,3,9,0.813,0.802,39.68,0.864,1.0,1
15,6854,0.858,2,3,3,1,13,0.806,0.644,40.71,0.782,0.9,1
71,6855,0.621,1,5,3,1,5,0.674,0.781,50.07,0.675,0.705,1
98,6856,0.631,3,2,0,3,7,0.904,0.804,23.23,0.827,0.913,1
41,6857,0.888,3,3,1,2,11,0.835,0.774,25.9,0.819,0.877,1
22,6858,0.664,1,2,2,2,3,0.774,0.675,40.98,0.689,0.739,1
24,6859,0.593,3,2,1,2,2,0.853,0.8,29.13,0.873,0.81,1
44,6860,0.859,2,0,0,3,5,0.81,0.811,22.3,0.812,0.886,1
1,6861,0.688,2,4,3,2,13,0.684,0.811,46.91,0.893,0.893,0
10,6862,0.753,3,3,0,2,11,0.876,0.701,40.06,0.893,0.936,1
80,6863,0.371,3,1,1,2,6,0.763,0.867,24.99,0.776,0.69,1
72,6864,0.482,1,1,0,2,3,0.729,0.698,32.25,0.656,0.806,1
56,6865,0.565,1,5,0,2,10,0.716,0.672,54.34,0.732,0.685,1
89,6866,0.8,3,3,0,3,9,0.926,0.744,26.73,0.81,0.852,1
50,6867,0.44,2,3,1,1,14,0.744,0.691,35.93,0.798,0.787,1
12,6868,0.908,1,3,1,1,14,0.838,0.809,34.53,0.858,0.868,1
89,6869,0.773,3,1,2,2,2,0.9,0.772,25.23,0.87,0.874,1
81,6870,0.642,1,2,0,2,1,0.757,0.654,37.2,0.747,0.803,0
60,6871,0.819,2,1,2,2,13,0.799,0.728,35.01,0.865,0.865,1
26,6872,0.807,2,4,2,3,11,0.769,0.752,39.45,0.878,0.855,1
78,6873,0.472,2,1,1,1,1,0.64,0.81,34.39,0.614,0.721,1
41,6874,0.923,1,2,2,2,13,0.788,0.703,40.11,0.839,0.896,1
36,6875,0.855,1,1,1,3,11,0.86,0.84,46.52,0.788,0.88,1
23,6876,0.567,1,2,1,1,6,0.617,0.842,34.74,0.711,0.819,1
43,6877,0.93,2,2,2,2,9,0.903,0.82,36.95,0.93,0.893,1
6,6878,0.527,2,4,1,3,4,0.636,0.63,36.02,0.78,0.779,0
69,6879,0.867,2,3,1,2,3,0.747,0.697,33.71,0.92,0.978,1
43,6880,0.755,2,4,2,1,7,0.755,0.736,38.53,0.826,0.793,1
25,6881,0.765,1,3,1,1,1,0.739,0.712,41.63,0.758,0.907,0
18,6882,0.581,3,4,1,2,13,0.883,0.845,45.91,0.826,0.881,0
62,6883,0.896,1,4,1,2,3,0.844,0.769,42.08,0.787,1.0,1
13,6884,0.621,1,3,2,2,9,0.697,0.652,40.15,0.689,0.783,0
43,6885,0.742,2,3,2,1,11,0.87,0.732,30.91,0.826,0.851,1
78,6886,0.781,1,7,1,1,12,0.767,0.726,46.02,0.807,0.896,0
28,6887,0.824,1,4,2,2,3,0.643,0.567,44.03,0.685,0.894,0
18,6888,0.369,3,5,1,2,14,0.756,0.662,33.05,0.793,0.684,1
59,6889,0.459,1,1,1,3,14,0.693,0.744,52.1,0.707,0.825,1
60,6890,0.832,2,3,1,3,2,0.838,0.805,33.32,0.847,0.953,1
63,6891,0.793,3,2,0,3,3,0.917,0.754,25.94,0.943,0.957,1
57,6892,0.748,3,3,1,3,12,0.818,0.84,32.48,0.985,0.951,1
92,6893,0.637,1,4,2,3,5,0.63,0.644,35.67,0.765,0.792,0
51,6894,0.839,1,2,0,2,10,0.897,0.862,31.94,0.941,0.84,1
56,6895,0.543,2,2,2,2,9,0.624,0.631,35.84,0.808,0.691,1
27,6896,0.597,1,4,4,2,8,0.736,0.662,43.44,0.783,0.819,1
32,6897,0.811,2,4,1,2,9,0.925,0.814,42.62,0.88,0.748,1
9,6898,0.549,2,2,1,1,12,0.785,0.617,33.32,0.753,0.856,1
96,6899,0.887,2,4,4,2,12,0.746,0.638,32.23,0.887,0.952,1
84,6900,0.779,2,0,3,2,8,0.935,0.764,25.46,0.895,0.907,1
92,6901,0.959,3,3,1,2,7,0.958,0.839,32.13,0.883,0.846,1
97,6902,0.74,1,0,0,3,10,0.713,0.746,32.62,0.735,0.838,1
68,6903,0.855,2,1,1,2,9,0.948,0.775,30.22,0.917,0.921,1
46,6904,0.655,1,2,0,3,5,0.686,0.575,37.71,0.895,0.817,0
98,6905,0.743,1,7,1,1,14,0.757,0.628,50.29,0.721,0.845,0
67,6906,0.812,0,3,2,2,13,0.674,0.874,44.84,0.815,0.79,0
26,6907,0.904,2,4,0,1,2,0.777,0.823,36.13,0.819,0.858,0
8,6908,0.784,3,1,1,2,9,0.95,0.775,25.72,0.86,1.0,1
6,6909,0.852,2,3,0,1,4,0.78,0.686,36.94,0.759,0.93,1
80,6910,0.727,1,4,1,2,11,0.727,0.583,48.13,0.823,0.729,1
24,6911,0.845,2,3,0,2,9,0.813,0.916,29.57,0.828,0.883,1
48,6912,0.745,1,1,0,3,8,0.667,0.693,30.99,0.611,0.861,1
94,6913,0.604,2,0,3,1,4,0.723,0.788,30.96,0.857,0.862,1
45,6914,0.605,3,4,1,2,6,0.697,0.716,41.35,0.806,0.766,1
13,6915,0.8,1,2,4,3,4,0.712,0.721,33.57,0.818,0.855,1
69,6916,0.956,0,5,1,1,9,0.694,0.758,35.54,0.765,0.91,1
25,6917,0.783,1,7,3,3,7,0.727,0.643,51.56,0.845,0.818,0
20,6918,0.603,1,2,1,2,9,0.667,0.666,42.49,0.69,0.741,0
82,6919,0.897,2,5,1,1,10,0.894,0.731,39.66,0.947,0.916,1
82,6920,0.365,1,2,0,3,13,0.635,0.71,43.22,0.595,0.715,1
66,6921,0.468,0,3,1,2,2,0.689,0.739,48.08,0.729,0.873,0
74,6922,0.51,2,1,2,2,11,0.741,0.6,31.01,0.833,0.776,0
45,6923,0.835,3,4,1,2,10,0.913,0.755,29.5,0.822,0.957,1
47,6924,0.577,2,4,2,2,5,0.893,0.759,36.26,0.839,0.811,1
63,6925,0.768,1,2,0,3,3,0.84,0.709,36.36,0.75,0.936,0
76,6926,0.605,1,2,0,2,9,0.704,0.686,36.1,0.616,0.846,1
77,6927,0.417,1,1,3,2,13,0.559,0.7,38.96,0.605,0.656,1
55,6928,0.525,1,3,2,2,5,0.748,0.587,41.13,0.671,0.775,1
75,6929,0.835,3,3,1,1,9,0.869,0.824,33.06,0.885,0.954,1
19,6930,0.765,0,0,1,2,11,0.734,0.804,38.55,0.755,0.835,1
35,6931,0.777,1,1,1,2,11,0.78,0.823,26.21,0.749,0.815,1
53,6932,0.706,0,5,1,2,7,0.654,0.609,55.61,0.665,0.787,0
26,6933,0.914,3,2,2,2,6,0.832,0.62,28.99,0.784,0.964,1
14,6934,0.768,2,2,0,1,1,0.906,0.91,36.17,0.841,0.907,1
45,6935,0.466,2,0,2,1,13,0.781,0.723,32.19,0.72,0.767,1
44,6936,0.778,2,1,1,3,9,0.782,0.742,27.18,0.902,0.86,1
88,6937,0.45,3,2,1,3,4,0.678,0.546,38.7,0.719,0.787,0
65,6938,0.631,0,1,2,3,7,0.738,0.874,33.38,0.76,0.819,0
51,6939,0.935,1,4,0,2,3,0.767,0.755,40.07,0.812,0.993,1
43,6940,0.737,2,0,1,3,2,0.941,0.723,24.56,0.813,0.839,1
86,6941,0.853,2,1,2,2,2,0.758,0.832,27.2,0.811,0.747,1
23,6942,0.75,2,2,0,1,6,0.858,0.766,32.61,0.799,0.962,1
56,6943,0.726,2,1,0,2,6,0.878,0.845,17.39,0.945,0.809,1
19,6944,0.88,2,1,1,2,1,0.789,0.84,23.5,0.903,0.945,1
82,6945,0.699,3,4,1,2,13,0.635,0.75,33.65,0.95,0.928,1
76,6946,0.967,3,4,2,2,5,0.918,0.851,23.37,1.0,0.92,1
55,6947,0.565,0,3,0,1,14,0.547,0.78,50.49,0.697,0.632,1
92,6948,0.857,2,4,1,2,4,0.752,0.601,38.32,0.745,0.798,1
92,6949,0.431,2,6,0,3,4,0.614,0.814,48.97,0.773,0.754,1
60,6950,0.432,1,6,2,2,13,0.6,0.684,54.78,0.735,0.738,0
59,6951,0.847,0,5,1,2,8,0.793,0.808,43.16,0.783,0.899,0
33,6952,0.643,2,2,1,2,6,0.762,0.827,39.55,0.816,0.844,1
19,6953,0.703,3,3,0,2,14,0.935,0.775,39.32,0.761,0.752,1
28,6954,0.363,0,1,1,3,4,0.751,0.774,38.83,0.649,0.661,0
52,6955,0.52,3,8,2,3,5,0.607,0.767,52.53,0.823,0.687,0
49,6956,0.494,1,3,4,2,6,0.682,0.622,42.94,0.668,0.704,1
37,6957,0.525,2,6,3,3,10,0.581,0.505,58.95,0.73,0.764,0
26,6958,0.698,1,2,2,1,3,0.634,0.661,34.28,0.773,0.773,1
99,6959,0.699,1,1,1,1,13,0.831,0.74,41.1,0.729,0.794,0
98,6960,0.729,3,3,2,1,2,0.938,0.733,29.41,0.858,0.974,1
99,6961,0.354,3,4,1,2,5,0.723,0.716,28.93,0.757,0.768,0
40,6962,0.689,1,1,0,2,14,0.854,0.781,34.18,0.836,0.882,1
80,6963,0.641,2,3,2,3,9,0.79,0.834,36.55,0.772,0.855,1
38,6964,0.756,2,3,0,2,9,0.829,0.777,31.31,0.9,0.888,1
77,6965,0.748,0,6,1,2,10,0.622,0.595,55.97,0.847,0.779,0
87,6966,0.752,0,1,0,1,11,0.779,0.771,41.72,0.705,0.798,1
54,6967,0.598,2,1,4,2,9,0.714,0.824,29.26,0.782,0.875,0
22,6968,0.557,1,2,1,2,8,0.595,0.872,43.27,0.716,0.836,1
16,6969,0.794,1,1,2,2,5,0.719,0.756,32.76,0.805,0.783,1
28,6970,0.769,3,1,1,2,1,0.898,0.899,25.31,0.837,0.905,1
35,6971,0.722,0,5,1,3,7,0.655,0.644,51.96,0.672,0.822,0
60,6972,0.3,1,5,0,3,12,0.733,0.775,47.49,0.684,0.739,0
45,6973,0.856,3,6,0,1,4,0.779,0.687,43.18,0.852,0.931,1
46,6974,0.848,2,3,1,3,1,0.91,0.8,28.51,0.812,0.957,1
72,6975,0.611,2,2,1,2,5,0.808,0.916,31.21,0.728,0.84,1
55,6976,0.784,0,0,1,2,13,0.817,0.786,37.22,0.734,0.859,1
86,6977,0.702,3,2,1,2,6,0.683,0.838,32.67,0.843,0.835,1
85,6978,0.874,1,3,4,2,11,0.664,0.645,36.18,0.818,0.896,1
26,6979,0.819,1,3,1,2,6,0.768,0.719,34.6,0.81,0.88,1
85,6980,0.951,1,3,0,3,12,0.784,0.584,43.23,0.79,0.871,1
25,6981,0.877,2,2,0,2,8,0.841,0.996,39.92,0.835,0.937,1
65,6982,0.925,3,4,0,2,11,0.922,0.902,35.27,0.991,0.985,1
6,6983,0.903,1,0,0,3,5,0.965,0.771,21.62,0.884,0.945,1
23,6984,0.756,1,1,1,2,8,0.761,0.884,34.7,0.816,0.9,1
64,6985,0.693,2,3,2,1,5,0.749,0.648,35.56,0.86,0.911,1
87,6986,0.698,3,2,1,2,10,0.842,0.887,28.16,0.881,0.798,1
43,6987,0.664,0,4,1,1,7,0.847,0.724,52.95,0.677,0.746,1
23,6988,0.521,2,3,0,2,10,0.736,0.754,35.13,0.661,0.754,1
96,6989,0.789,2,1,1,3,1,0.655,0.706,24.92,0.86,0.897,1
30,6990,0.916,3,7,1,2,6,0.859,0.696,39.35,0.973,1.0,1
77,6991,0.516,2,5,2,2,3,0.52,0.667,46.98,0.779,0.773,0
18,6992,0.712,0,4,1,3,2,0.7,0.695,48.44,0.719,0.799,1
87,6993,0.849,2,1,1,3,4,0.783,0.764,34.6,0.845,0.974,0
79,6994,0.673,0,1,4,2,12,0.73,0.805,43.01,0.714,0.827,1
97,6995,0.788,2,1,0,1,14,0.857,0.938,30.41,0.912,0.937,1
21,6996,0.699,0,2,1,3,3,0.729,0.718,48.66,0.717,0.87,1
57,6997,0.488,0,3,3,1,4,0.735,0.778,45.33,0.637,0.828,1
23,6998,0.693,1,3,3,2,10,0.841,0.732,45.82,0.727,0.745,1
91,6999,0.461,3,1,2,3,9,0.752,0.901,35.9,0.798,0.707,1
45,7000,0.818,2,8,1,2,6,0.843,0.787,59.61,0.84,0.795,1
44,7001,0.68,0,1,4,3,14,0.641,0.693,41.87,0.739,0.726,0
82,7002,0.703,1,1,0,2,6,0.679,0.523,31.51,0.701,0.772,0
88,7003,0.543,0,4,1,2,2,0.659,0.836,48.22,0.727,0.691,0
47,7004,0.881,1,2,0,1,10,0.804,0.756,30.27,0.762,0.895,1
40,7005,0.789,2,2,1,2,13,0.793,0.682,45.63,0.72,0.916,1
51,7006,0.978,2,3,0,2,2,0.9,0.664,36.29,0.806,0.918,1
42,7007,0.791,3,3,2,2,4,0.835,0.808,34.02,0.917,0.871,1
7,7008,0.789,3,2,0,2,9,1.0,0.861,37.29,1.0,0.935,1
50,7009,0.654,1,4,1,2,10,0.87,0.743,48.13,0.939,0.873,1
48,7010,0.681,3,4,3,2,4,0.892,0.709,42.02,0.78,0.778,1
84,7011,0.91,2,5,0,2,12,0.727,0.613,41.37,0.817,0.907,1
91,7012,0.816,2,7,1,2,8,0.843,0.642,46.29,0.833,0.905,1
6,7013,0.482,3,5,0,3,1,0.791,0.772,32.25,0.74,0.773,1
91,7014,0.779,3,2,0,1,11,0.89,0.764,27.81,0.918,0.835,1
9,7015,0.747,3,5,1,3,6,0.73,0.824,42.37,0.894,0.82,1
57,7016,0.629,1,6,1,3,11,0.571,0.577,49.05,0.772,0.755,0
31,7017,0.811,1,4,1,2,3,0.768,0.71,40.26,0.811,0.837,1
21,7018,0.667,3,3,1,2,6,0.808,0.781,31.46,0.97,0.879,1
90,7019,0.649,1,6,0,2,11,0.764,0.646,53.29,0.803,0.84,1
40,7020,0.734,2,1,2,3,3,0.678,0.706,26.64,0.788,0.973,1
45,7021,0.836,2,5,1,1,9,0.842,0.955,37.45,0.854,0.825,1
77,7022,0.364,2,4,2,2,4,0.508,0.695,40.77,0.632,0.702,0
49,7023,0.79,0,3,1,2,5,0.658,0.763,39.65,0.643,0.781,1
87,7024,0.394,2,5,1,1,9,0.737,0.752,42.98,0.836,0.783,0
20,7025,0.849,3,3,0,3,4,0.88,0.894,28.84,0.973,0.931,1
92,7026,0.87,2,3,0,3,11,0.812,0.837,43.62,0.89,0.787,1
17,7027,0.637,2,3,0,1,5,0.863,0.841,41.35,0.736,0.747,0
28,7028,0.571,2,1,0,2,4,0.631,0.707,32.3,0.727,0.763,1
41,7029,0.827,1,5,1,2,9,0.72,0.582,48.81,0.8,0.803,1
66,7030,0.846,1,3,2,2,11,0.829,0.619,27.65,0.809,0.998,1
25,7031,0.721,2,5,1,2,5,0.772,0.582,52.21,0.695,0.835,1
58,7032,0.582,0,2,2,1,7,0.711,0.772,45.96,0.641,0.826,0
41,7033,0.388,1,2,0,1,4,0.73,0.877,41.57,0.705,0.753,1
6,7034,0.98,3,3,2,3,7,0.947,0.791,24.33,1.0,1.0,1
75,7035,0.522,2,5,4,3,11,0.666,0.772,46.87,0.681,0.842,0
38,7036,0.581,3,2,3,1,6,0.692,0.616,25.3,0.832,0.863,0
6,7037,0.87,1,2,1,1,9,0.786,0.73,31.03,0.84,0.869,1
45,7038,0.483,2,5,0,3,14,0.821,0.641,55.36,0.762,0.749,0
75,7039,0.406,1,1,3,2,8,0.792,0.719,34.39,0.648,0.734,0
14,7040,0.913,1,5,0,2,7,0.745,0.532,32.0,0.898,0.824,1
66,7041,0.961,3,4,2,3,4,0.929,0.785,33.09,0.907,0.964,1
40,7042,0.979,1,4,1,3,13,0.836,0.761,41.3,0.784,0.854,1
3,7043,0.842,1,2,1,2,4,0.84,0.799,35.72,0.867,0.866,1
99,7044,0.866,3,2,0,3,13,0.727,0.708,28.94,0.922,0.802,1
97,7045,0.625,3,7,2,2,11,0.72,0.744,54.16,0.861,0.87,1
24,7046,0.541,3,2,2,2,2,0.676,0.707,34.54,0.646,0.776,0
19,7047,0.704,0,2,1,1,8,0.835,0.87,48.62,0.842,1.0,1
18,7048,0.754,0,1,1,3,2,0.765,0.849,33.42,0.664,0.871,0
64,7049,0.924,2,3,2,3,4,0.679,0.634,28.98,0.857,0.827,1
88,7050,0.475,2,1,2,3,1,0.799,0.812,34.49,0.709,0.738,1
35,7051,0.605,0,1,2,3,14,0.552,0.786,43.34,0.603,0.781,0
62,7052,0.562,1,3,4,1,3,0.716,0.784,41.94,0.622,0.742,1
1,7053,0.575,2,4,1,3,11,0.758,0.678,39.72,0.779,0.855,1
100,7054,0.699,2,5,2,3,4,0.846,0.682,38.37,0.925,0.901,0
25,7055,0.642,0,3,2,1,3,0.77,0.715,44.94,0.706,0.841,1
45,7056,0.906,3,1,2,1,4,0.977,0.872,14.4,0.874,0.863,1
49,7057,0.725,1,5,3,1,12,0.679,0.75,46.72,0.73,0.763,0
98,7058,0.911,3,2,0,1,1,0.974,0.822,15.92,1.0,1.0,1
89,7059,0.558,3,2,1,3,2,0.76,0.761,37.83,0.702,0.752,1
16,7060,0.854,2,3,1,2,10,0.86,0.814,30.98,0.839,1.0,1
98,7061,0.818,2,4,0,2,6,0.883,0.642,28.88,0.818,0.933,1
93,7062,0.949,1,2,1,2,3,0.836,0.78,34.82,0.733,0.862,1
19,7063,0.901,3,1,0,2,2,0.905,0.668,25.31,0.929,0.985,1
23,7064,0.835,1,3,3,2,13,0.636,0.789,34.78,0.756,0.792,0
83,7065,0.674,2,2,2,3,9,0.83,0.913,31.52,0.92,0.782,1
25,7066,0.562,2,4,1,2,7,0.778,0.791,41.36,0.716,0.824,1
16,7067,0.855,1,9,0,2,3,0.699,0.722,51.78,0.759,0.95,1
54,7068,0.607,3,3,3,2,1,0.888,0.619,32.46,0.689,0.773,1
73,7069,0.861,3,2,1,2,14,0.858,0.736,34.32,0.876,0.899,1
1,7070,0.489,0,4,1,2,2,0.694,0.689,41.45,0.779,0.773,1
42,7071,0.574,2,4,4,2,13,0.682,0.805,41.78,0.766,0.589,1
19,7072,0.879,1,0,2,2,11,0.822,0.8,25.94,0.867,0.915,1
97,7073,0.911,3,1,4,3,8,0.777,0.792,26.82,0.757,0.735,1
34,7074,0.81,1,1,0,2,6,0.78,0.654,28.0,0.764,0.813,1
80,7075,0.728,3,3,2,2,9,1.0,0.752,34.06,0.873,0.824,1
55,7076,0.715,1,2,0,2,12,0.879,0.912,31.14,0.748,0.826,1
18,7077,0.928,1,1,1,1,9,0.96,0.792,32.69,0.753,1.0,1
34,7078,0.684,2,3,2,3,10,0.732,0.718,50.1,0.773,0.93,1
89,7079,0.78,1,2,1,3,6,0.898,0.775,40.66,0.849,0.885,1
45,7080,0.701,3,9,0,2,4,0.761,0.693,37.41,0.864,0.803,1
6,7081,0.874,1,7,1,1,1,0.759,0.639,56.77,0.749,0.882,0
21,7082,0.86,3,1,1,3,14,0.868,0.831,28.59,0.888,0.968,1
70,7083,0.901,3,4,0,1,7,0.812,0.836,35.23,0.91,1.0,1
96,7084,0.868,3,1,0,1,14,0.916,0.787,20.22,1.0,0.954,1
48,7085,0.67,2,1,0,1,14,0.752,0.825,42.37,0.865,0.741,1
39,7086,0.79,2,2,1,1,7,0.784,0.582,36.21,0.776,0.918,1
31,7087,0.417,2,3,0,2,11,0.752,0.865,45.72,0.698,0.693,0
10,7088,0.97,3,2,0,1,2,0.967,0.889,24.12,0.983,1.0,1
30,7089,0.846,0,0,2,2,5,0.82,0.722,34.85,0.722,0.872,1
18,7090,0.533,1,2,0,3,5,0.685,0.657,39.4,0.681,0.833,1
60,7091,0.943,3,1,1,2,6,1.0,0.911,26.59,0.917,0.993,1
88,7092,0.639,1,4,0,2,11,0.749,0.642,47.36,0.758,0.823,0
73,7093,0.69,1,3,1,2,12,0.533,0.62,33.25,0.718,0.75,0
95,7094,0.798,2,2,0,2,3,0.912,0.883,36.39,0.958,1.0,1
15,7095,0.814,3,4,0,3,3,0.904,0.705,32.35,0.771,0.922,1
4,7096,0.762,1,2,0,2,13,0.704,0.695,44.27,0.883,0.789,1
63,7097,0.543,3,4,0,2,11,0.816,0.792,33.14,0.777,0.724,1
40,7098,0.425,1,4,4,3,8,0.607,0.761,51.73,0.81,0.69,0
9,7099,0.61,3,1,0,1,12,0.883,0.86,28.7,0.924,0.905,1
9,7100,0.853,1,5,0,2,3,0.644,0.594,41.38,0.803,0.853,1
26,7101,0.762,0,3,1,1,1,0.749,0.797,44.99,0.574,0.817,1
4,7102,0.487,3,3,1,2,3,0.702,0.688,38.66,0.838,0.806,0
81,7103,0.86,2,2,1,1,10,0.67,0.763,28.92,0.905,0.911,1
16,7104,0.812,1,4,1,2,14,0.772,0.708,46.02,0.714,0.905,1
15,7105,0.8,2,4,2,2,1,0.873,0.825,38.91,0.83,0.945,1
99,7106,0.915,2,1,2,1,13,1.0,0.834,24.55,0.833,0.941,1
52,7107,0.571,1,1,0,2,12,0.693,0.778,28.36,0.752,0.878,1
69,7108,0.845,1,4,0,2,6,0.717,0.672,44.73,0.812,0.938,1
5,7109,0.611,2,3,0,2,7,0.918,0.761,41.93,0.792,0.79,1
20,7110,0.919,0,3,1,3,10,0.749,0.549,41.08,0.732,0.786,1
79,7111,0.601,2,3,0,3,14,0.594,0.937,33.58,0.669,0.688,0
18,7112,0.796,3,3,2,1,7,0.695,0.76,33.71,0.852,0.916,1
2,7113,0.527,2,2,3,2,13,0.854,0.784,33.31,0.804,0.887,1
93,7114,0.474,2,2,3,3,8,0.773,0.752,41.25,0.629,0.668,1
13,7115,0.914,2,3,0,2,8,0.851,0.823,35.75,0.87,0.979,1
4,7116,0.826,0,3,0,2,2,0.612,0.67,44.23,0.707,0.865,0
42,7117,0.403,3,3,1,2,13,0.922,0.848,36.25,0.876,0.867,1
74,7118,0.834,2,1,0,2,14,0.945,0.9,29.31,0.893,0.833,1
61,7119,0.525,1,5,2,2,13,0.724,0.756,51.67,0.659,0.771,0
95,7120,0.468,1,0,0,2,11,0.626,0.749,37.01,0.572,0.715,1
8,7121,0.781,2,5,0,1,3,0.792,0.705,38.68,0.794,0.86,1
67,7122,0.526,2,4,3,2,12,0.713,0.739,32.65,0.738,0.783,1
63,7123,0.693,1,2,3,3,14,0.711,0.969,35.83,0.678,0.795,1
9,7124,0.835,2,4,1,3,1,0.787,0.8,30.8,0.743,0.928,0
94,7125,0.803,2,4,1,3,14,0.751,0.772,36.52,0.666,0.782,1
11,7126,0.899,1,2,0,2,1,0.62,0.757,38.37,0.84,0.777,1
99,7127,0.865,2,2,0,3,4,0.904,0.719,37.96,0.863,1.0,1
42,7128,0.688,1,3,1,1,11,0.688,0.702,42.92,0.662,0.772,1
13,7129,0.979,0,2,4,3,7,0.606,0.609,29.19,0.741,0.966,1
36,7130,0.911,1,0,3,2,5,0.783,0.699,30.49,0.757,0.804,1
13,7131,0.764,2,2,1,2,6,0.786,0.815,31.03,0.847,0.768,1
12,7132,0.71,1,2,1,3,9,0.771,0.858,37.19,0.792,0.968,1
37,7133,0.903,2,3,2,1,6,0.905,0.672,29.31,0.843,0.947,1
74,7134,0.805,2,2,3,2,5,1.0,0.81,39.64,0.875,0.907,1
73,7135,0.741,2,3,1,2,14,0.826,0.968,33.54,0.977,0.86,1
52,7136,0.654,3,4,0,2,4,0.801,0.836,30.8,0.801,0.855,0
71,7137,0.844,3,3,2,3,11,0.986,0.955,24.28,0.866,0.985,1
2,7138,0.905,2,3,2,2,5,0.96,0.866,23.98,0.985,0.887,1
56,7139,0.885,2,4,0,2,4,0.936,0.716,44.1,0.831,0.94,1
60,7140,0.887,1,2,1,3,6,0.59,0.6,27.68,0.77,0.784,1
23,7141,0.728,3,3,3,3,6,0.907,0.694,30.89,0.865,0.884,1
40,7142,0.677,3,3,1,2,3,0.824,0.747,36.08,0.978,0.947,0
64,7143,0.483,2,7,1,2,14,0.69,0.601,55.43,0.776,0.699,1
85,7144,0.651,1,0,0,3,9,0.68,0.848,32.15,0.717,0.94,0
23,7145,0.913,2,2,2,2,11,0.839,0.652,37.02,0.802,0.939,1
29,7146,0.473,1,3,1,1,11,0.629,0.601,39.88,0.669,0.721,0
78,7147,0.85,1,5,0,1,10,0.703,0.636,42.7,0.659,0.829,1
90,7148,0.576,2,2,3,2,7,0.783,0.752,31.99,0.876,0.843,1
51,7149,0.69,3,4,3,2,8,0.918,0.815,31.59,0.958,0.941,1
69,7150,0.502,1,9,1,2,13,0.591,0.671,57.95,0.594,0.632,0
95,7151,0.753,1,2,3,2,5,0.882,0.847,32.3,0.737,0.955,0
89,7152,0.73,1,3,1,2,9,0.891,0.826,46.17,0.882,0.905,1
31,7153,0.614,3,2,4,2,10,0.697,0.824,33.93,0.808,0.85,0
50,7154,0.956,2,2,3,3,2,0.657,0.727,29.58,0.955,0.955,1
20,7155,0.877,2,3,2,2,10,0.851,0.83,29.93,0.864,1.0,1
55,7156,0.538,2,2,1,2,6,0.831,0.746,42.21,0.801,0.843,1
81,7157,0.446,2,3,1,3,9,0.729,0.583,38.85,0.697,0.805,1
2,7158,0.415,1,2,3,2,14,0.685,0.614,38.39,0.586,0.727,0
25,7159,0.579,1,4,2,2,1,0.749,0.879,41.66,0.736,0.744,0
13,7160,0.805,2,2,1,3,8,0.873,0.72,37.55,0.805,0.921,1
92,7161,0.708,2,2,0,3,10,0.763,0.678,47.28,0.796,0.862,1
70,7162,0.409,1,2,1,2,3,0.574,0.745,47.15,0.649,0.762,0
67,7163,0.762,2,7,2,2,6,0.704,0.741,49.79,0.797,0.852,1
58,7164,0.583,1,3,1,2,12,0.703,0.757,44.63,0.75,0.823,1
99,7165,0.711,2,4,1,3,8,0.838,0.777,41.33,0.88,0.983,0
82,7166,0.656,1,1,2,3,2,0.571,0.712,38.31,0.811,0.801,0
75,7167,0.595,2,2,2,2,8,0.751,0.809,41.73,0.716,0.744,1
84,7168,0.867,1,6,1,2,6,0.8,0.767,44.78,0.695,0.963,1
64,7169,0.815,2,3,3,3,3,0.853,0.8,29.25,0.81,0.899,1
69,7170,0.843,2,2,2,2,2,0.86,0.746,30.66,0.866,0.821,1
83,7171,0.792,2,1,3,1,7,0.86,0.79,28.36,0.835,0.929,1
86,7172,0.502,1,5,2,3,4,0.522,0.623,41.11,0.724,0.776,0
59,7173,0.766,0,1,1,1,2,0.779,0.811,37.67,0.734,0.76,1
60,7174,0.918,3,0,1,2,9,1.0,0.738,13.73,0.976,0.89,1
83,7175,0.877,0,1,0,3,8,0.726,0.763,40.02,0.747,0.928,1
62,7176,0.751,2,4,3,3,10,0.653,0.766,39.42,0.754,0.881,1
16,7177,0.854,3,4,1,1,3,1.0,0.743,36.93,0.87,0.926,1
88,7178,0.833,1,2,1,2,5,0.715,0.545,30.49,0.882,0.872,0
68,7179,0.88,0,2,0,3,9,0.641,0.695,44.77,0.687,0.868,1
15,7180,0.751,1,3,0,2,13,0.731,0.853,46.41,0.808,0.894,1
89,7181,0.832,1,3,1,2,8,0.891,0.785,37.57,0.715,0.854,1
55,7182,0.425,2,2,0,2,12,0.773,0.844,45.47,0.693,0.815,1
35,7183,0.836,2,3,0,3,12,0.657,0.685,43.3,0.726,0.829,1
55,7184,0.651,2,2,1,3,3,0.744,0.754,40.17,0.921,0.763,1
14,7185,0.626,3,2,2,2,5,0.85,0.792,26.19,0.793,0.813,0
49,7186,0.559,2,6,2,2,5,0.674,0.593,46.62,0.762,0.846,0
83,7187,0.709,2,6,1,2,1,0.775,0.626,35.64,0.784,0.897,1
100,7188,0.568,1,1,2,2,9,0.672,0.729,30.46,0.86,0.747,1
7,7189,0.86,1,2,4,1,10,0.824,0.658,36.37,0.76,0.996,1
30,7190,0.945,1,8,1,2,1,0.696,0.634,44.85,0.84,0.865,1
83,7191,0.857,2,2,4,2,11,0.754,0.642,35.64,0.754,0.907,1
49,7192,0.49,3,2,1,1,3,0.694,0.64,28.43,0.798,0.757,1
89,7193,0.804,3,2,1,2,13,0.756,0.8,20.97,0.845,0.955,1
16,7194,0.629,1,3,1,2,9,0.756,0.68,25.24,0.803,0.794,1
51,7195,0.434,1,1,2,3,9,0.689,0.849,35.23,0.693,0.799,1
72,7196,0.76,1,7,0,2,3,0.689,0.579,58.78,0.713,0.893,1
82,7197,0.837,1,5,2,2,4,0.803,0.777,45.29,0.794,0.931,1
92,7198,0.597,0,3,3,3,10,0.515,0.565,47.41,0.754,0.759,1
80,7199,0.783,1,3,3,3,6,0.79,0.843,38.64,0.77,0.767,1
83,7200,0.635,1,4,1,3,3,0.635,0.603,54.4,0.748,0.795,1
42,7201,0.804,0,4,2,3,14,0.693,0.789,44.33,0.724,0.879,1
17,7202,0.82,0,2,1,3,10,0.759,0.818,38.19,0.757,0.845,1
63,7203,0.686,2,4,0,3,7,0.62,0.682,44.05,0.826,0.889,1
45,7204,0.473,2,2,2,3,12,0.766,0.844,43.46,0.756,0.747,0
77,7205,0.848,3,2,2,2,3,0.715,0.917,23.53,0.897,0.883,1
7,7206,0.886,2,4,1,1,8,0.691,0.652,32.84,0.8,0.943,1
27,7207,0.907,2,2,1,3,6,0.922,0.867,29.47,0.845,0.883,1
10,7208,0.64,0,3,2,3,10,0.724,0.825,53.21,0.619,0.871,1
34,7209,0.865,1,3,5,2,5,0.748,0.813,30.35,0.767,0.851,0
36,7210,0.945,2,2,3,3,5,0.905,0.845,35.55,0.884,0.888,1
25,7211,0.638,1,0,1,3,14,0.759,0.7,33.89,0.688,0.831,0
6,7212,0.592,2,4,1,2,8,0.842,0.651,34.75,0.858,0.871,1
24,7213,0.755,2,2,1,2,3,0.81,0.834,26.98,0.722,0.792,1
18,7214,0.789,2,3,1,3,6,0.872,0.759,38.67,0.839,0.764,1
87,7215,0.617,2,1,3,2,5,0.713,0.81,31.51,0.661,0.799,1
6,7216,0.895,2,4,0,3,1,0.819,0.887,38.71,0.966,0.972,1
29,7217,0.754,2,3,3,3,5,0.671,0.873,34.37,0.743,0.803,1
25,7218,0.744,2,4,0,2,3,0.831,0.698,39.92,0.725,0.823,0
55,7219,0.136,2,4,0,3,12,0.773,0.743,49.92,0.665,0.671,1
81,7220,0.67,1,1,1,3,3,0.903,0.814,33.77,0.739,0.975,1
46,7221,0.654,1,2,1,2,11,0.648,0.703,39.0,0.737,0.813,1
24,7222,0.561,2,2,2,2,13,0.747,0.706,33.12,0.616,0.787,1
75,7223,0.908,0,2,1,1,2,0.838,0.8,48.2,0.671,0.957,1
26,7224,0.772,3,3,2,2,11,0.902,0.803,29.41,0.79,0.921,1
98,7225,0.824,1,2,1,1,5,0.84,0.74,33.93,0.918,0.944,1
28,7226,0.751,0,5,2,3,8,0.85,0.695,46.45,0.719,0.824,1
3,7227,0.674,2,3,1,3,10,0.772,0.538,41.99,0.751,0.827,0
75,7228,0.782,3,4,3,2,1,0.943,0.676,34.83,0.899,0.934,1
38,7229,0.57,1,3,0,2,2,0.857,0.846,37.04,0.879,0.809,1
61,7230,0.808,1,4,0,2,12,0.7,0.591,43.27,0.811,0.971,1
78,7231,0.783,2,4,0,2,1,0.684,0.723,35.72,0.811,0.922,0
51,7232,0.565,2,2,1,2,6,0.652,0.756,35.14,0.763,0.8,1
90,7233,0.479,2,2,2,1,14,0.87,0.662,31.24,0.906,0.84,1
48,7234,0.796,2,3,1,1,6,0.941,0.658,35.97,0.847,0.854,1
21,7235,0.627,2,3,3,2,14,0.82,0.703,43.4,0.759,0.784,1
54,7236,0.831,0,3,1,2,7,0.83,0.781,45.38,0.747,0.922,1
56,7237,0.663,0,2,1,2,4,0.656,0.853,45.82,0.637,0.793,0
94,7238,0.888,3,1,2,2,10,0.775,0.768,24.48,0.781,0.888,0
59,7239,0.66,1,1,3,2,9,0.855,0.838,37.33,0.764,0.918,0
72,7240,0.833,1,2,0,3,8,0.756,0.836,37.89,0.935,0.862,1
51,7241,0.546,2,2,0,3,1,0.718,0.718,33.67,0.68,0.811,1
20,7242,0.507,2,2,2,2,2,0.657,0.712,37.94,0.698,0.808,0
96,7243,0.362,2,1,0,2,5,0.742,0.659,43.43,0.755,0.728,1
86,7244,0.667,1,5,2,2,5,0.574,0.794,39.31,0.762,0.862,1
59,7245,0.634,0,2,0,2,14,0.654,0.784,45.06,0.691,0.764,1
71,7246,0.74,2,2,1,3,14,0.737,0.748,23.36,0.99,0.974,1
9,7247,0.821,1,5,0,2,10,0.756,0.549,47.43,0.854,0.824,1
1,7248,0.81,2,2,1,2,3,0.842,0.937,25.35,0.832,0.957,1
29,7249,0.808,2,4,1,2,2,0.788,0.655,34.61,0.853,0.898,0
63,7250,0.525,3,1,2,2,2,0.861,0.647,26.2,0.81,0.807,1
72,7251,0.812,3,3,1,3,3,0.859,0.796,27.31,0.886,0.923,1
56,7252,0.821,3,4,0,1,8,0.921,0.599,35.11,0.939,0.874,1
68,7253,0.644,1,2,1,2,3,0.633,0.641,46.13,0.749,0.748,1
35,7254,0.886,3,0,1,2,9,1.0,0.82,20.21,0.923,0.985,1
3,7255,0.448,2,8,1,2,2,0.632,0.667,56.39,0.665,0.522,0
7,7256,0.837,3,3,1,2,14,0.81,0.785,38.07,0.984,0.979,1
27,7257,0.615,0,4,1,3,2,0.639,0.611,46.7,0.536,0.732,0
1,7258,0.576,0,1,2,2,9,0.741,0.726,47.16,0.649,0.801,1
91,7259,0.498,2,6,1,2,13,0.809,0.728,48.82,0.799,0.749,1
80,7260,0.749,3,7,3,2,4,0.741,0.662,46.43,0.887,0.888,1
71,7261,0.871,2,4,0,3,11,0.838,0.873,31.62,0.921,0.96,1
44,7262,0.439,3,4,1,2,8,0.823,0.574,37.3,0.794,0.773,1
87,7263,0.72,1,2,2,2,13,0.721,0.76,32.5,0.824,0.833,0
41,7264,0.667,0,6,2,1,11,0.754,0.721,46.42,0.661,0.731,1
75,7265,0.515,2,7,0,1,9,0.71,0.808,55.61,0.858,0.859,1
42,7266,0.832,2,4,0,2,2,0.815,0.787,37.62,0.936,0.84,1
33,7267,0.763,2,4,0,3,2,0.837,0.832,42.55,0.821,0.895,1
50,7268,0.608,3,3,2,1,10,0.91,0.773,37.71,0.83,0.786,1
63,7269,0.887,3,4,2,3,13,0.708,0.772,30.87,0.958,0.861,1
100,7270,0.959,1,5,1,3,8,0.891,0.739,44.71,0.79,0.96,1
37,7271,0.674,3,5,0,2,6,0.756,0.875,44.12,0.873,0.786,0
59,7272,0.838,1,4,2,2,12,0.95,0.769,35.92,0.867,0.947,1
81,7273,0.87,2,3,0,1,9,0.881,0.827,33.9,0.902,0.974,1
99,7274,0.621,1,6,0,1,10,0.761,0.646,41.79,0.819,0.803,1
48,7275,0.852,1,2,2,2,5,0.753,0.693,28.83,0.795,0.877,0
5,7276,0.694,2,2,2,2,14,0.842,0.777,28.83,0.777,0.966,1
48,7277,0.785,1,3,0,3,2,0.719,0.841,41.15,0.718,0.839,1
96,7278,0.776,1,0,3,2,5,0.938,0.687,34.79,0.716,0.867,1
3,7279,0.815,2,4,1,3,3,0.789,0.782,33.78,0.92,0.853,0
47,7280,0.384,2,0,1,2,1,0.782,0.898,28.19,0.641,0.827,1
62,7281,0.415,1,5,2,2,3,0.651,0.698,51.7,0.71,0.643,0
99,7282,0.831,1,5,0,3,14,0.788,0.814,47.75,0.89,0.878,1
14,7283,0.782,0,6,0,1,12,0.67,0.61,48.62,0.676,0.795,1
63,7284,0.655,0,3,0,2,13,0.719,0.764,43.23,0.773,0.73,1
61,7285,0.583,1,4,2,2,12,0.683,0.638,41.2,0.679,0.741,0
31,7286,0.825,1,1,2,2,1,0.772,0.735,35.71,0.806,0.917,1
95,7287,0.372,3,1,1,1,7,0.761,0.694,34.75,0.891,0.777,1
17,7288,0.764,1,5,1,3,4,0.632,0.743,48.81,0.67,0.788,1
24,7289,0.516,0,2,0,2,14,0.523,0.571,49.75,0.673,0.693,1
23,7290,0.834,2,3,0,3,1,0.673,0.558,31.97,0.755,0.823,1
82,7291,0.527,1,4,2,2,4,0.748,0.718,41.75,0.735,0.696,1
50,7292,0.917,0,4,0,2,6,0.825,0.776,34.36,0.732,0.93,1
78,7293,0.45,2,0,3,3,11,0.627,0.669,28.64,0.624,0.773,1
79,7294,0.937,2,3,2,1,4,0.993,0.731,31.59,0.976,0.996,1
79,7295,0.989,0,0,1,3,12,0.745,0.782,28.37,0.836,0.869,1
70,7296,0.743,2,3,0,1,4,0.719,0.676,38.76,0.845,0.778,1
27,7297,0.687,0,4,0,2,10,0.709,0.678,41.78,0.813,0.854,1
15,7298,0.741,1,5,2,2,13,0.695,0.752,39.0,0.825,0.863,0
50,7299,0.554,1,1,0,2,7,0.708,0.602,40.29,0.656,0.731,1
36,7300,0.819,3,3,0,2,11,0.847,0.76,34.92,0.892,0.873,1
8,7301,0.902,2,2,0,2,2,0.961,0.862,28.79,0.896,1.0,1
79,7302,0.831,3,3,0,2,3,0.866,0.646,34.17,0.827,0.904,1
3,7303,0.778,1,5,0,2,7,0.745,0.621,52.2,0.839,0.982,0
62,7304,0.871,2,3,0,2,13,0.903,0.921,37.51,0.926,0.951,1
47,7305,0.539,0,2,0,2,5,0.579,0.713,48.75,0.704,0.787,1
77,7306,0.573,3,3,2,1,3,0.829,0.785,28.98,0.842,0.941,0
98,7307,0.599,1,1,0,2,2,0.65,0.686,38.2,0.686,0.8,1
88,7308,0.74,0,3,2,2,3,0.76,0.836,49.79,0.742,0.888,1
96,7309,0.495,1,4,1,2,2,0.57,0.61,44.86,0.536,0.75,0
61,7310,0.722,1,1,0,2,14,0.734,0.748,38.73,0.779,0.796,1
32,7311,0.913,2,3,1,3,12,0.855,0.709,27.82,0.94,0.97,1
94,7312,0.627,1,2,0,3,10,0.609,0.704,40.32,0.797,0.766,1
13,7313,0.736,2,3,1,2,10,0.778,0.841,38.25,0.807,0.873,1
1,7314,0.766,2,1,1,3,5,0.809,0.799,27.62,0.708,0.852,0
34,7315,0.751,2,2,1,1,2,0.871,0.91,35.86,0.779,0.843,1
62,7316,0.497,3,1,2,3,3,0.941,0.802,28.03,0.817,0.81,1
79,7317,0.572,0,3,1,2,6,0.665,0.864,52.35,0.547,0.741,0
78,7318,0.755,1,2,0,3,2,0.698,0.772,34.09,0.73,0.866,1
93,7319,0.578,1,2,4,2,3,0.665,0.679,42.72,0.754,0.815,1
98,7320,0.671,0,4,0,2,3,0.639,0.679,47.9,0.553,0.738,0
82,7321,0.666,3,1,3,1,5,0.87,0.698,27.44,0.856,0.822,1
71,7322,0.702,2,4,3,2,13,0.799,0.679,34.38,0.819,0.845,1
93,7323,0.897,2,4,2,1,6,0.889,0.813,39.35,0.79,0.951,0
31,7324,0.8,2,1,4,3,7,0.769,0.724,25.67,0.823,0.932,1
64,7325,0.681,3,1,1,2,14,0.781,0.765,22.91,0.835,0.809,1
25,7326,0.465,1,1,0,2,12,0.54,0.736,45.96,0.768,0.711,1
38,7327,0.358,1,6,0,2,9,0.612,0.655,51.52,0.648,0.61,1
14,7328,0.907,3,3,1,1,14,0.894,0.778,20.85,0.857,0.928,1
8,7329,0.774,0,3,2,2,3,0.795,0.716,39.39,0.67,0.98,0
91,7330,0.622,2,3,2,3,6,0.712,0.599,37.07,0.841,0.775,0
54,7331,0.91,2,1,3,2,7,0.741,0.653,35.96,0.871,0.92,1
2,7332,0.744,3,2,2,2,4,0.925,0.839,18.35,0.938,0.928,1
81,7333,0.976,0,3,2,2,3,0.815,0.554,31.8,0.837,1.0,1
78,7334,0.52,3,1,1,2,10,0.791,0.702,28.95,0.817,0.729,1
89,7335,0.63,0,3,3,2,9,0.683,0.65,46.78,0.593,0.727,0
56,7336,0.902,1,2,2,3,3,0.784,0.727,35.75,0.839,0.865,1
94,7337,0.829,0,3,4,3,2,0.807,0.949,38.75,0.678,0.808,0
93,7338,0.715,0,5,1,3,3,0.746,0.656,52.59,0.583,0.792,0
84,7339,0.852,3,4,1,1,7,0.76,0.844,35.61,0.836,0.836,1
85,7340,0.77,2,3,0,2,7,0.8,0.788,32.73,1.0,0.95,1
61,7341,0.736,2,4,0,2,9,0.857,0.744,38.31,0.741,0.877,1
22,7342,0.682,1,1,1,1,8,0.648,0.599,41.78,0.758,0.845,1
35,7343,0.535,2,6,0,3,6,0.679,0.894,56.94,0.732,0.758,1
16,7344,0.414,1,5,1,3,5,0.806,0.844,45.15,0.738,0.817,0
50,7345,0.902,1,1,1,2,9,0.868,0.764,24.71,0.869,0.903,1
43,7346,0.86,2,2,2,2,6,0.82,0.83,29.58,0.909,0.93,1
17,7347,0.643,2,3,1,3,7,0.826,0.803,35.7,0.688,0.788,0
80,7348,0.725,2,4,0,1,12,0.822,0.862,35.9,0.803,0.886,1
58,7349,0.832,2,2,1,3,7,1.0,0.922,26.64,0.888,0.956,1
2,7350,0.918,2,2,0,2,4,0.883,0.715,29.97,0.766,0.901,1
4,7351,0.704,1,0,0,2,3,0.744,0.708,20.39,0.741,0.899,1
85,7352,0.438,3,2,1,3,2,0.821,0.64,22.59,0.812,0.735,1
39,7353,0.538,3,2,1,1,10,0.826,0.755,33.18,0.857,0.81,1
98,7354,0.549,2,2,1,2,14,0.765,0.744,28.44,0.862,0.836,1
94,7355,0.503,1,3,0,2,14,0.724,0.679,43.45,0.699,0.731,1
6,7356,0.638,2,2,1,2,9,0.81,0.87,30.44,0.831,0.865,1
81,7357,0.663,1,5,1,3,14,0.637,0.736,52.56,0.73,0.817,1
89,7358,0.542,2,4,4,2,9,0.77,0.75,46.16,0.735,0.679,0
69,7359,0.665,1,3,0,2,2,0.669,0.799,50.08,0.739,0.728,1
69,7360,0.624,1,3,1,2,6,0.674,0.712,40.97,0.713,0.671,1
20,7361,0.816,3,3,0,2,4,0.706,0.765,32.52,0.891,0.888,1
64,7362,0.714,2,5,0,2,2,0.788,0.789,41.95,0.825,0.954,1
16,7363,0.77,2,3,2,2,10,0.81,0.77,36.77,0.779,0.902,1
51,7364,0.624,2,3,2,1,3,0.645,0.75,32.2,0.755,0.836,1
37,7365,0.618,1,1,1,3,13,0.595,0.629,38.8,0.695,0.835,1
73,7366,0.848,1,2,2,1,1,0.767,0.844,37.81,0.834,0.784,1
69,7367,0.473,2,2,0,2,6,0.698,0.702,42.15,0.884,0.697,1
42,7368,0.393,2,4,0,2,11,0.629,0.572,44.63,0.768,0.687,1
57,7369,0.622,1,4,0,3,9,0.616,0.719,41.06,0.731,0.64,0
66,7370,0.904,1,0,0,1,10,0.796,0.908,17.87,0.755,0.884,1
9,7371,0.476,2,3,1,2,9,0.896,0.721,42.44,0.79,0.917,0
100,7372,0.91,3,2,1,2,4,1.0,0.74,20.96,0.859,0.987,1
86,7373,0.616,3,1,0,3,3,0.77,0.79,20.67,0.72,0.791,1
64,7374,0.496,2,3,3,3,1,0.67,0.74,50.01,0.656,0.734,0
86,7375,0.46,3,3,2,1,1,0.58,0.773,36.47,0.86,0.692,1
22,7376,0.886,1,6,0,1,2,0.686,0.792,48.03,0.749,0.891,1
34,7377,0.645,0,2,2,2,4,0.775,0.585,35.18,0.747,0.822,0
55,7378,0.845,1,6,0,1,13,0.617,0.702,40.59,0.826,0.864,1
29,7379,0.936,3,2,4,2,12,0.875,0.659,26.35,0.877,1.0,1
38,7380,0.607,3,1,1,3,10,0.748,0.791,19.7,0.854,0.76,1
97,7381,0.898,0,2,2,3,7,0.775,0.766,38.41,0.67,0.867,0
18,7382,0.453,2,2,1,1,8,0.716,0.726,29.29,0.656,0.753,1
71,7383,0.693,0,3,2,1,7,0.597,0.829,46.78,0.646,0.854,0
65,7384,0.492,2,4,1,2,5,0.911,0.721,37.26,0.828,0.876,1
97,7385,0.897,1,5,1,1,2,0.738,0.759,43.63,0.744,0.958,1
1,7386,0.951,3,8,1,2,3,0.967,0.851,33.77,0.925,0.966,0
88,7387,0.466,0,3,3,2,6,0.752,0.723,49.79,0.681,0.772,0
4,7388,0.45,2,3,0,2,4,0.822,0.782,44.31,0.733,0.69,0
4,7389,0.592,1,5,0,2,1,0.63,0.686,52.41,0.791,0.793,0
82,7390,0.462,1,4,0,1,1,0.569,0.717,51.96,0.762,0.755,1
27,7391,0.665,2,2,1,3,1,0.841,0.767,32.38,0.697,0.814,1
43,7392,0.754,2,3,0,3,13,0.796,0.773,28.72,0.818,0.826,1
59,7393,0.605,1,2,0,2,3,0.795,0.83,41.75,0.749,0.727,1
32,7394,0.611,2,1,0,2,11,0.831,0.865,29.65,0.882,0.844,1
33,7395,0.802,2,4,0,2,11,0.782,0.757,34.97,0.705,0.86,1
28,7396,0.907,0,3,1,2,14,0.743,0.799,39.2,0.72,0.942,1
55,7397,0.594,2,3,1,2,14,0.751,0.734,38.53,0.734,0.783,1
100,7398,0.505,2,3,1,2,3,0.683,0.693,40.39,0.672,0.744,0
60,7399,0.659,0,1,1,2,14,0.61,0.669,41.91,0.664,0.753,1
70,7400,0.604,2,3,1,2,4,0.765,0.715,33.0,0.804,0.767,1
62,7401,0.938,3,1,2,3,5,0.95,0.831,18.4,0.877,0.932,1
80,7402,0.938,3,6,4,1,4,0.911,0.753,36.6,0.886,1.0,1
34,7403,0.857,0,2,0,3,12,0.742,0.852,40.69,0.736,0.887,1
87,7404,0.867,2,2,2,3,11,0.707,0.647,24.05,0.793,0.788,0
88,7405,0.52,2,4,1,3,11,0.728,0.753,44.0,0.682,0.756,1
56,7406,0.691,1,5,2,2,1,0.652,0.594,48.9,0.689,0.876,1
13,7407,0.872,2,1,2,2,6,0.901,0.758,24.69,0.839,0.948,1
56,7408,0.825,1,6,2,2,11,0.718,0.71,58.17,0.813,0.909,0
18,7409,0.588,1,3,0,2,4,0.66,0.722,39.44,0.697,0.719,1
54,7410,0.873,2,2,1,1,12,0.949,0.805,30.44,0.836,0.904,1
77,7411,0.807,1,5,4,3,7,0.704,0.779,39.33,0.769,0.916,1
43,7412,0.923,1,4,2,2,14,0.86,0.76,40.14,0.914,0.883,1
39,7413,0.933,1,4,1,1,14,0.923,0.886,39.05,0.794,0.918,0
61,7414,0.702,1,3,1,2,2,0.593,0.602,40.89,0.916,0.873,0
42,7415,0.679,2,2,2,1,7,0.713,0.77,40.43,0.835,0.885,1
81,7416,0.922,3,4,0,3,8,0.83,0.576,30.36,0.796,1.0,1
79,7417,0.89,1,4,0,1,6,0.816,0.808,29.55,0.803,0.848,1
18,7418,0.885,2,2,1,1,5,0.862,0.687,29.29,0.708,0.906,0
23,7419,0.435,1,7,2,3,12,0.581,0.573,58.28,0.832,0.674,0
54,7420,0.837,1,0,0,1,5,0.724,0.881,23.34,0.916,0.835,1
30,7421,0.694,3,1,0,2,11,0.873,0.8,26.93,0.793,0.891,1
98,7422,0.802,2,1,0,2,8,0.807,0.887,29.52,0.841,0.868,1
58,7423,0.529,1,1,0,3,3,0.67,0.731,40.27,0.698,0.854,1
68,7424,0.472,2,7,1,2,6,0.764,0.689,46.13,0.844,0.726,1
67,7425,0.501,1,0,0,2,9,0.754,0.701,37.24,0.729,0.746,1
71,7426,0.81,3,3,2,1,5,0.796,0.759,21.95,0.853,0.952,1
18,7427,0.856,1,5,0,1,6,0.92,0.753,41.7,0.853,0.83,1
7,7428,0.915,3,4,2,2,13,0.681,0.802,35.52,0.933,1.0,1
40,7429,0.565,1,2,2,2,11,0.757,0.798,39.65,0.705,0.797,1
70,7430,0.191,2,2,0,2,13,0.661,0.703,44.37,0.685,0.638,1
86,7431,0.755,3,3,2,3,14,0.828,0.886,29.48,0.773,0.785,1
65,7432,0.684,1,4,3,2,11,0.499,0.566,41.95,0.793,0.859,0
68,7433,0.753,0,1,1,3,9,0.666,0.845,36.69,0.755,0.84,0
49,7434,0.763,2,2,0,1,3,0.735,0.612,24.91,0.83,0.794,1
52,7435,0.927,1,0,0,2,11,0.819,0.771,15.13,0.934,0.87,1
29,7436,0.792,2,5,0,3,9,0.662,0.421,33.88,0.876,0.873,0
21,7437,0.64,2,2,1,2,10,0.799,0.745,33.79,0.837,0.831,1
90,7438,0.769,1,0,1,2,14,0.779,0.78,34.26,0.682,0.876,1
78,7439,0.64,2,1,2,1,1,0.879,0.735,33.66,0.694,0.844,1
9,7440,0.65,1,3,0,2,13,0.785,0.601,44.35,0.802,0.78,1
47,7441,0.936,3,1,1,3,9,1.0,0.827,15.71,1.0,0.933,1
76,7442,0.353,1,2,0,2,6,0.764,0.769,45.1,0.616,0.719,1
42,7443,0.792,2,3,1,3,12,0.672,0.634,25.54,0.925,0.831,1
51,7444,0.871,1,3,0,3,8,0.639,0.775,40.83,0.747,0.903,1
56,7445,0.618,2,4,2,1,9,0.663,0.744,33.65,0.706,0.827,1
51,7446,0.803,0,5,0,1,3,0.724,0.753,40.95,0.66,0.895,1
70,7447,0.579,1,4,0,2,4,0.679,0.789,48.05,0.771,0.773,1
20,7448,0.846,0,4,0,2,2,0.705,0.677,48.23,0.715,0.874,1
88,7449,0.569,2,4,1,3,5,0.665,0.718,41.83,0.848,0.848,0
27,7450,0.511,2,2,0,1,13,0.692,0.618,35.42,0.745,0.695,1
38,7451,0.839,1,3,3,3,14,0.682,0.821,42.31,0.81,0.846,1
72,7452,0.756,3,2,1,1,9,0.874,0.862,36.78,0.885,0.8,1
65,7453,0.728,1,4,0,1,12,0.709,0.774,43.23,0.749,0.86,1
54,7454,0.781,2,3,1,2,11,0.829,0.677,31.18,0.914,0.84,1
24,7455,0.834,2,2,2,1,14,0.754,0.751,30.64,0.819,0.894,0
47,7456,0.543,1,2,0,1,1,0.855,0.696,43.28,0.723,0.883,1
71,7457,0.756,1,1,0,2,14,0.73,0.613,44.56,0.694,0.812,1
83,7458,0.926,2,1,2,2,1,0.829,0.646,29.11,0.716,0.819,1
86,7459,0.635,1,3,2,3,1,0.83,0.809,49.66,0.829,0.85,0
63,7460,0.777,3,3,1,3,5,0.893,0.733,38.96,0.789,0.844,1
57,7461,0.971,3,3,1,2,4,0.915,0.784,30.49,0.764,1.0,1
55,7462,0.812,1,4,2,2,2,0.661,0.732,42.48,0.808,0.774,1
60,7463,0.843,1,2,1,3,1,0.712,0.776,32.71,0.825,0.903,1
99,7464,0.758,1,1,0,3,4,0.909,0.914,38.64,0.739,0.881,1
62,7465,0.604,2,4,0,1,1,0.736,0.76,39.19,0.742,0.769,0
30,7466,0.569,1,3,1,2,3,0.763,0.629,46.86,0.722,0.772,0
93,7467,0.803,3,8,2,2,12,0.649,0.666,49.3,0.837,0.81,1
22,7468,0.809,2,8,0,2,6,0.687,0.667,49.18,0.868,0.845,0
75,7469,0.607,3,3,2,2,11,0.813,0.841,32.27,0.899,0.866,1
84,7470,0.761,1,4,2,2,6,0.746,0.695,43.97,0.767,0.838,0
29,7471,0.829,1,2,1,3,3,0.864,0.755,45.14,0.724,0.895,1
41,7472,0.583,2,4,2,3,14,0.692,0.614,42.76,0.852,0.868,1
42,7473,0.598,2,3,4,3,4,0.646,0.637,44.76,0.718,0.853,1
98,7474,0.724,2,4,2,3,2,0.651,0.772,36.67,0.77,0.908,1
65,7475,0.843,3,3,1,2,9,0.851,0.8,26.3,0.848,0.938,1
31,7476,0.806,2,1,4,2,14,0.915,0.798,25.93,0.894,1.0,1
30,7477,0.595,1,2,1,2,14,0.785,0.761,47.32,0.631,0.86,1
18,7478,0.53,1,3,1,1,1,0.765,0.653,35.93,0.72,0.702,1
17,7479,0.749,2,3,1,2,5,0.83,0.841,29.7,0.869,1.0,1
38,7480,0.867,2,3,1,1,3,0.846,0.978,35.64,0.861,0.908,1
14,7481,0.585,2,4,4,2,1,0.737,0.855,43.3,0.668,0.756,0
87,7482,0.687,1,0,0,3,13,0.829,0.764,23.35,0.668,0.973,1
89,7483,0.444,3,3,0,2,3,0.902,0.719,44.45,0.875,0.803,1
79,7484,0.866,2,0,2,2,6,0.855,0.672,15.86,0.802,0.91,1
56,7485,0.596,1,2,0,3,4,0.691,0.812,40.01,0.705,0.871,1
22,7486,0.845,1,2,1,2,10,0.74,0.729,39.56,0.896,0.93,1
67,7487,0.898,2,5,1,2,7,0.709,0.72,38.97,0.797,0.872,1
56,7488,0.768,2,2,2,2,2,0.83,0.781,26.73,0.816,0.941,0
19,7489,0.829,1,2,1,2,14,0.881,0.709,39.56,0.767,0.864,0
57,7490,0.478,2,5,1,1,2,0.728,0.551,44.4,0.711,0.696,0
44,7491,0.913,0,2,4,2,12,0.746,0.683,30.47,0.814,0.811,1
98,7492,0.925,2,3,1,2,6,0.889,0.759,32.86,0.823,0.879,1
35,7493,0.754,1,3,1,3,7,0.744,0.932,40.55,0.756,0.797,1
1,7494,0.927,0,4,2,1,8,0.812,0.705,41.18,0.732,0.88,1
52,7495,0.61,2,3,0,2,8,0.727,0.828,41.95,0.646,0.785,1
85,7496,0.334,1,4,0,3,13,0.681,0.692,48.77,0.628,0.649,0
93,7497,0.723,1,3,1,1,3,0.847,0.814,50.58,0.765,0.947,1
70,7498,0.433,2,3,2,2,9,0.72,0.699,41.91,0.767,0.655,1
37,7499,0.675,3,1,0,1,11,1.0,0.883,27.14,0.811,0.868,1
65,7500,0.715,2,3,0,3,7,0.909,0.703,44.91,0.929,0.895,1
51,7501,0.627,1,3,1,1,5,0.684,0.761,48.72,0.747,0.706,1
1,7502,0.521,1,3,1,3,8,0.706,0.472,51.74,0.687,0.804,1
91,7503,0.994,2,6,1,3,3,0.951,0.685,42.49,0.912,0.947,0
21,7504,0.404,1,1,1,1,6,0.632,0.677,45.72,0.677,0.715,1
53,7505,0.78,1,6,2,1,6,0.747,0.695,45.89,0.686,0.809,0
16,7506,0.519,1,3,1,3,12,0.623,0.683,47.24,0.648,0.756,0
61,7507,0.537,2,1,3,1,9,0.706,0.724,29.61,0.741,0.905,1
54,7508,0.794,2,5,1,1,14,0.726,0.66,30.98,0.848,0.83,1
40,7509,0.912,2,7,2,2,3,0.887,0.774,42.2,0.864,0.967,1
26,7510,0.88,3,2,1,2,7,0.919,0.855,26.7,0.737,0.8,1
80,7511,0.787,1,5,0,2,3,0.723,0.615,43.6,0.757,0.885,0
92,7512,0.86,3,9,0,2,12,0.947,0.606,43.21,0.859,0.913,1
65,7513,0.732,2,2,4,3,5,0.769,0.757,42.95,0.87,0.898,1
100,7514,0.84,1,2,0,2,5,0.831,0.831,28.95,0.769,0.921,1
74,7515,0.747,3,3,1,2,13,0.782,0.82,33.96,0.837,0.91,1
64,7516,0.924,2,3,0,1,9,0.765,0.767,27.76,0.87,0.985,1
43,7517,0.58,1,6,2,2,12,0.832,0.528,52.04,0.632,0.806,0
17,7518,0.731,1,3,2,2,5,0.751,0.717,35.36,0.809,0.895,0
59,7519,0.774,1,5,1,3,3,0.75,0.73,53.35,0.8,0.903,1
23,7520,0.964,3,4,0,3,2,0.944,0.754,30.31,0.885,0.997,1
7,7521,0.85,1,1,0,3,12,0.721,0.653,37.86,0.88,0.913,1
44,7522,0.589,3,6,1,3,13,0.729,0.667,46.34,0.905,0.771,0
53,7523,0.922,1,2,0,1,5,0.833,0.767,35.36,0.709,0.93,1
71,7524,0.573,1,2,0,3,2,0.827,0.751,34.44,0.833,0.765,0
79,7525,0.743,1,3,1,1,9,0.746,0.742,29.4,0.668,0.774,0
34,7526,0.848,2,1,1,2,1,0.662,0.826,26.69,0.842,0.878,1
46,7527,0.433,1,3,1,1,6,0.763,0.879,46.75,0.694,0.774,0
68,7528,0.674,2,7,0,3,2,0.696,0.593,44.87,0.81,0.863,1
78,7529,0.957,1,4,3,1,1,0.716,0.663,36.27,0.878,0.911,1
78,7530,0.884,3,1,1,2,3,0.945,0.925,21.99,0.92,0.881,1
16,7531,0.904,3,4,4,2,14,0.884,0.671,29.6,0.928,1.0,0
71,7532,0.667,1,3,1,2,2,0.842,0.78,39.48,0.81,0.887,1
96,7533,0.907,2,1,2,2,5,0.78,0.815,31.52,0.938,0.845,1
19,7534,0.568,3,2,1,3,13,0.831,0.69,29.64,0.823,0.777,0
2,7535,0.786,2,2,1,2,6,0.609,0.701,32.44,0.761,0.872,1
10,7536,0.659,1,4,2,2,3,0.685,0.732,40.9,0.761,0.754,0
50,7537,0.459,2,3,0,3,13,0.81,0.813,33.58,0.775,0.806,1
81,7538,0.781,2,2,1,2,3,0.96,0.862,26.09,0.792,0.865,1
12,7539,0.848,1,1,1,3,12,0.825,0.808,32.24,0.714,0.86,1
70,7540,0.76,1,5,0,2,2,0.663,0.843,51.54,0.683,0.815,0
22,7541,0.883,1,3,0,3,6,0.913,0.745,32.93,0.751,0.929,0
32,7542,0.703,1,3,2,2,14,0.641,0.739,41.61,0.69,0.845,0
84,7543,0.684,0,2,2,2,8,0.637,0.621,43.2,0.664,0.743,0
1,7544,0.913,1,6,0,3,10,0.713,0.754,43.73,0.887,0.932,0
54,7545,0.863,1,2,0,2,11,0.785,0.791,37.04,0.799,0.911,1
58,7546,0.877,1,3,1,2,4,0.811,0.948,35.1,0.791,0.932,1
70,7547,0.868,1,4,0,2,6,0.78,0.769,37.57,0.745,0.855,1
83,7548,0.909,2,2,5,1,13,0.744,0.735,30.98,0.782,0.906,1
18,7549,0.5,3,3,1,2,5,0.63,0.684,35.48,0.769,0.7,1
6,7550,0.923,1,5,4,2,10,0.821,0.716,40.59,0.799,0.829,1
45,7551,0.717,1,8,1,2,9,0.617,0.584,58.42,0.79,0.748,0
97,7552,0.749,1,3,0,2,1,0.661,0.622,43.98,0.724,0.766,0
23,7553,0.971,3,4,0,2,5,0.911,0.924,32.81,0.986,0.958,1
23,7554,0.92,2,4,2,2,9,0.937,0.802,34.24,0.882,1.0,1
26,7555,0.594,1,3,0,2,9,0.777,0.845,35.75,0.7,0.796,1
77,7556,0.65,2,5,3,2,9,0.728,0.744,40.55,0.87,0.729,1
7,7557,0.702,1,3,1,3,11,0.824,0.692,45.34,0.763,0.86,1
79,7558,0.71,0,1,1,3,14,0.619,0.764,28.74,0.622,0.769,1
44,7559,0.511,1,2,0,2,4,0.714,0.658,42.88,0.691,0.769,1
27,7560,0.738,1,2,1,3,13,0.915,0.717,32.15,0.736,0.921,1
26,7561,0.543,2,2,0,2,14,0.776,0.821,34.71,0.803,0.763,1
97,7562,0.818,2,4,3,1,2,0.871,0.622,51.21,0.877,0.919,0
79,7563,0.605,2,3,2,1,9,0.935,0.66,40.73,0.719,0.885,0
36,7564,0.715,2,2,0,2,4,0.871,0.842,27.71,0.8,0.88,1
55,7565,0.648,2,6,1,3,12,0.731,0.714,42.29,0.733,0.858,1
64,7566,0.624,2,5,0,2,12,0.73,0.666,44.05,0.737,0.891,0
91,7567,0.837,2,1,0,3,4,0.872,0.765,25.91,0.897,0.918,1
57,7568,0.771,0,3,2,2,8,0.713,0.852,41.86,0.69,0.86,1
69,7569,0.86,2,4,4,2,6,0.814,0.678,38.25,0.752,0.942,0
61,7570,0.902,3,1,1,1,8,0.969,0.817,28.08,0.861,0.978,1
2,7571,0.663,2,5,1,2,4,0.989,0.899,49.05,0.732,0.793,1
55,7572,0.815,2,3,1,2,3,0.732,0.753,39.22,0.971,0.931,1
97,7573,0.621,0,4,2,3,5,0.611,0.887,44.72,0.66,0.71,1
80,7574,0.972,3,4,0,2,3,1.0,0.654,34.28,0.896,1.0,1
87,7575,0.806,3,1,0,2,14,0.955,0.735,27.35,0.912,0.88,1
38,7576,0.377,3,0,3,3,12,0.763,0.772,30.6,0.788,0.678,1
80,7577,0.404,1,2,1,2,10,0.593,0.677,51.33,0.754,0.771,1
78,7578,0.709,3,4,3,2,6,0.806,0.649,42.3,0.797,0.827,0
29,7579,0.549,0,3,2,2,11,0.721,0.792,43.7,0.687,0.884,1
26,7580,0.552,2,3,0,2,1,0.735,0.842,42.18,0.774,0.758,1
35,7581,0.803,2,1,0,3,8,0.954,0.728,30.84,0.734,0.949,0
79,7582,0.312,3,1,1,2,3,0.707,0.605,35.77,0.813,0.757,1
67,7583,0.831,2,5,0,3,14,0.652,0.676,38.08,0.781,0.804,1
87,7584,0.752,2,5,2,3,6,0.716,0.714,37.71,0.816,0.898,1
29,7585,0.393,3,2,2,1,9,0.717,0.681,31.66,0.727,0.831,1
34,7586,0.529,2,5,0,2,7,0.717,0.59,51.4,0.727,0.772,1
97,7587,0.858,2,0,1,3,4,0.861,0.719,24.31,0.92,1.0,1
41,7588,0.697,0,4,2,2,2,0.596,0.691,55.74,0.69,0.829,0
41,7589,0.591,2,2,0,2,4,0.757,0.71,38.36,0.752,0.788,0
23,7590,0.708,0,4,3,2,10,0.654,0.657,43.7,0.724,0.797,0
71,7591,0.67,3,7,1,3,5,0.761,0.526,38.66,0.823,0.8,0
3,7592,0.946,3,5,1,3,7,0.799,0.792,41.61,0.942,0.796,1
58,7593,0.906,0,3,0,2,7,0.859,0.739,36.43,0.747,0.849,1
32,7594,0.613,2,5,0,3,13,0.748,0.754,48.25,0.771,0.791,0
31,7595,0.42,1,3,2,2,5,0.646,0.761,51.53,0.718,0.745,1
82,7596,0.697,1,4,3,2,14,0.874,0.902,43.62,0.779,0.791,1
43,7597,0.913,2,6,1,2,8,0.894,0.715,39.17,1.0,0.998,1
7,7598,0.589,1,2,2,2,3,0.689,0.645,39.4,0.712,0.658,1
1,7599,0.635,1,3,0,3,12,0.674,0.766,34.25,0.554,0.727,0
61,7600,0.859,2,8,0,2,9,0.659,0.587,39.59,0.85,0.926,1
14,7601,0.931,0,3,1,2,1,0.6,0.662,43.36,0.849,0.871,0
52,7602,0.76,2,6,0,1,2,0.728,0.639,39.86,0.716,0.76,1
96,7603,0.713,1,6,3,2,10,0.769,0.653,47.19,0.911,0.858,0
6,7604,0.743,3,4,3,1,9,0.738,0.664,38.57,0.774,0.736,1
10,7605,0.85,2,5,0,1,1,0.915,0.85,41.14,0.864,1.0,1
71,7606,0.868,2,1,0,2,10,0.924,0.763,28.5,0.925,0.953,1
90,7607,0.883,1,2,0,1,3,0.884,0.75,29.32,0.716,0.953,1
98,7608,0.922,1,5,2,2,11,0.761,0.65,40.21,0.827,0.899,1
30,7609,0.642,3,2,2,3,2,0.776,0.801,28.18,0.822,0.734,1
100,7610,0.766,2,4,0,3,7,0.776,0.778,40.58,0.898,0.805,1
21,7611,0.938,1,5,1,1,11,0.778,0.714,34.86,0.796,0.922,1
60,7612,0.772,3,4,0,1,8,0.896,0.734,26.18,0.806,0.822,1
81,7613,0.707,0,3,2,2,12,0.535,0.691,52.04,0.628,0.821,0
97,7614,0.854,2,3,1,3,1,0.907,0.783,40.34,0.893,0.857,1
74,7615,0.726,1,1,0,3,11,0.647,0.629,37.28,0.713,0.957,1
63,7616,0.769,1,3,0,2,5,0.713,0.771,29.65,0.681,0.848,1
42,7617,0.972,1,3,0,2,6,0.685,0.796,30.95,0.759,0.844,1
51,7618,0.927,0,1,1,2,7,0.71,0.651,35.16,0.697,0.896,1
64,7619,0.811,2,4,3,2,13,0.771,0.69,39.26,0.806,0.912,0
76,7620,0.848,2,1,0,3,10,0.838,0.799,29.15,0.932,0.999,1
56,7621,0.894,3,2,1,3,13,0.739,0.781,25.58,0.942,0.86,1
80,7622,0.608,2,6,0,2,14,0.686,0.731,46.48,0.804,0.699,0
41,7623,0.739,1,2,4,2,2,0.763,0.666,41.16,0.727,0.892,1
32,7624,0.687,2,4,2,2,3,0.888,0.704,36.49,0.781,0.879,0
15,7625,0.984,2,4,1,2,13,0.958,0.781,41.13,0.845,0.859,1
62,7626,0.88,1,3,3,3,14,0.817,0.663,49.64,0.994,0.971,1
27,7627,0.888,1,4,1,2,9,0.828,0.717,33.64,0.816,0.86,0
28,7628,0.867,2,3,0,2,7,0.921,0.862,32.06,0.623,0.848,1
81,7629,0.942,2,2,1,3,2,0.83,0.766,33.68,0.799,0.919,1
64,7630,0.57,3,4,3,2,13,0.861,0.655,40.75,0.905,0.844,1
59,7631,0.756,3,2,1,2,13,0.796,0.792,43.08,0.913,0.834,1
58,7632,0.477,2,4,2,2,6,0.766,0.761,42.62,0.891,0.801,0
2,7633,0.598,2,4,0,2,11,0.778,0.831,47.71,0.654,0.844,0
36,7634,0.9,2,1,0,2,2,0.87,0.681,25.18,0.93,0.983,1
71,7635,0.434,0,1,1,2,7,0.579,0.648,34.61,0.494,0.701,1
13,7636,0.824,2,4,3,3,1,0.78,0.755,39.05,0.823,0.861,1
15,7637,0.678,3,3,1,2,9,0.701,0.673,30.83,0.81,0.791,1
89,7638,0.795,3,7,2,2,14,0.667,0.557,43.89,0.86,0.947,1
87,7639,0.511,2,4,1,1,8,0.627,0.683,49.99,0.63,0.775,1
60,7640,0.836,1,2,2,1,4,0.823,0.772,34.75,0.679,0.961,1
22,7641,0.791,0,0,1,1,13,0.745,0.727,26.67,0.605,0.877,1
63,7642,0.765,1,3,1,3,10,0.817,0.767,48.63,0.675,0.92,1
90,7643,0.681,3,2,1,3,12,0.809,0.722,25.9,0.974,0.845,1
97,7644,0.55,2,2,1,2,9,0.79,0.777,36.01,0.701,0.736,1
75,7645,0.798,2,4,1,1,9,0.711,0.726,40.14,0.807,0.886,1
74,7646,0.706,2,2,0,2,10,0.743,0.748,40.1,0.81,0.775,1
25,7647,0.916,2,3,0,2,1,0.814,0.712,29.32,0.949,0.852,1
48,7648,0.588,2,2,1,3,2,0.766,0.663,38.55,0.807,0.813,0
43,7649,0.573,2,4,0,2,3,0.732,0.709,39.56,0.692,0.679,0
38,7650,0.692,2,2,1,2,8,0.699,0.824,32.96,0.86,0.844,1
41,7651,0.237,3,4,1,3,12,0.819,0.656,41.57,0.715,0.614,1
45,7652,0.961,1,2,1,3,2,0.781,0.554,36.76,0.897,0.85,1
88,7653,0.72,3,7,2,2,4,0.752,0.751,34.15,0.946,0.945,1
40,7654,0.769,3,0,2,1,13,0.888,0.726,26.02,0.898,0.927,1
97,7655,0.768,2,2,2,1,5,0.793,0.838,29.94,0.895,0.925,1
17,7656,0.921,0,3,5,1,6,0.572,0.752,47.92,0.691,0.896,1
88,7657,0.88,1,0,0,1,9,0.9,0.847,33.9,0.905,0.908,1
57,7658,0.573,1,2,1,3,6,0.581,0.614,30.5,0.648,0.753,0
2,7659,0.934,3,2,1,3,7,0.961,0.815,32.42,0.806,0.792,0
96,7660,0.955,3,1,0,1,10,0.933,0.857,21.05,0.892,0.96,1
62,7661,0.642,0,1,0,1,8,0.588,0.688,41.12,0.611,0.822,1
88,7662,0.933,1,2,0,2,3,0.747,0.68,32.17,0.703,0.924,1
9,7663,0.62,3,2,0,3,7,0.747,0.748,26.0,0.895,0.831,1
68,7664,0.817,1,2,2,3,1,0.933,0.644,40.86,0.812,0.808,1
81,7665,0.546,3,3,0,1,10,0.716,0.585,33.11,0.804,0.887,1
17,7666,0.953,2,2,5,2,13,0.892,0.81,37.17,0.914,0.972,0
50,7667,0.531,3,7,1,2,9,0.825,0.57,51.88,0.856,0.765,1
94,7668,0.58,2,4,0,3,4,0.712,0.819,39.11,0.683,0.908,1
40,7669,0.719,1,3,3,2,4,0.883,0.675,41.88,0.825,0.973,1
58,7670,0.564,1,1,1,2,13,0.764,0.599,33.05,0.699,0.723,1
75,7671,0.685,3,5,1,2,1,0.877,0.862,40.75,0.958,0.89,1
85,7672,0.588,1,3,2,3,8,0.785,0.833,44.81,0.765,0.743,1
21,7673,0.887,2,6,2,2,9,0.932,0.614,46.65,0.937,0.894,1
18,7674,0.545,2,3,3,2,5,0.816,0.743,40.08,0.738,0.734,0
55,7675,0.885,3,1,3,3,13,0.893,0.819,21.2,0.885,0.99,0
29,7676,0.785,1,4,0,3,8,0.818,0.767,44.97,0.887,0.895,1
24,7677,0.939,2,4,3,2,4,0.881,0.852,30.24,0.802,0.848,1
74,7678,0.843,1,4,1,3,4,0.781,0.746,42.19,0.769,0.847,0
17,7679,0.659,2,1,0,1,2,0.725,0.928,35.05,0.893,0.814,1
18,7680,0.706,2,7,0,3,9,0.649,0.517,45.42,0.723,0.715,0
42,7681,0.567,0,2,0,3,10,0.655,0.63,36.72,0.614,0.735,0
84,7682,0.67,3,3,2,1,11,0.744,0.619,40.02,0.695,0.812,1
45,7683,0.764,1,3,1,3,4,0.768,0.747,35.57,0.829,0.83,0
82,7684,0.633,2,1,3,3,12,0.725,0.741,38.84,0.798,0.815,1
17,7685,0.957,2,2,3,3,11,0.88,0.74,32.83,0.888,0.946,0
73,7686,0.322,2,1,0,2,7,0.84,0.803,39.49,0.619,0.744,1
14,7687,0.488,0,4,1,3,14,0.75,0.637,45.57,0.654,0.901,0
49,7688,0.762,3,4,0,3,12,0.745,0.686,21.13,0.838,0.923,1
29,7689,0.836,1,2,1,2,5,0.818,0.771,38.78,0.73,0.829,1
95,7690,0.56,2,4,2,3,6,0.701,0.77,47.31,0.786,0.774,0
4,7691,0.934,0,0,0,2,13,0.749,0.676,23.84,0.923,0.94,1
82,7692,0.721,2,1,0,2,2,0.788,0.783,33.98,0.769,0.692,0
20,7693,0.749,3,5,1,1,9,0.827,0.799,30.63,0.897,0.982,1
47,7694,0.666,1,3,2,3,5,0.706,0.734,51.82,0.857,0.83,1
9,7695,0.305,1,5,2,2,13,0.599,0.599,49.45,0.676,0.629,0
77,7696,0.512,0,2,1,2,8,0.737,0.64,40.69,0.648,0.67,0
79,7697,0.689,3,3,1,2,10,0.867,0.963,36.69,0.869,0.888,1
27,7698,0.649,1,4,1,1,11,0.728,0.732,42.4,0.907,0.747,1
15,7699,0.714,3,3,1,3,6,0.939,0.766,28.74,0.958,0.899,1
92,7700,0.723,1,3,5,2,3,0.721,0.751,53.44,0.731,0.837,1
19,7701,0.755,2,3,2,2,5,0.766,0.688,36.47,0.9,0.848,1
90,7702,0.549,2,2,0,3,5,0.808,0.778,35.73,0.703,0.658,1
52,7703,0.842,0,3,1,3,1,0.829,0.797,43.5,0.695,0.805,0
26,7704,0.634,2,2,0,2,5,0.684,0.701,36.25,0.969,0.861,0
89,7705,0.549,2,4,0,2,7,0.781,0.735,40.17,0.635,0.827,0
26,7706,0.735,2,2,2,1,4,0.771,0.745,22.6,0.761,0.736,1
26,7707,0.699,2,6,0,2,3,0.836,0.694,46.92,0.835,0.864,1
46,7708,0.775,3,2,3,1,1,0.862,0.566,31.01,0.764,0.789,1
92,7709,0.67,2,4,0,2,14,0.705,0.668,47.73,0.893,0.97,1
49,7710,0.533,1,1,1,3,6,0.911,0.852,35.9,0.706,0.774,1
82,7711,0.855,2,5,2,1,3,0.794,0.826,37.49,0.829,0.946,0
96,7712,0.829,1,2,1,1,1,0.757,0.704,37.36,0.843,0.702,1
53,7713,0.742,1,0,3,3,5,0.702,0.86,28.11,0.786,0.879,1
3,7714,0.787,2,2,0,2,5,0.684,0.701,39.03,0.85,0.812,1
66,7715,0.891,2,3,1,3,14,0.911,0.86,35.3,0.926,0.946,1
97,7716,0.898,2,1,3,2,11,0.819,0.911,32.02,0.876,0.983,1
42,7717,0.599,2,1,2,1,10,0.852,0.68,31.72,0.792,0.834,1
19,7718,0.886,1,1,0,2,3,0.857,0.715,33.82,0.81,0.896,1
17,7719,0.894,2,4,0,2,1,0.829,0.771,46.72,0.747,0.945,1
33,7720,0.786,2,4,2,2,2,0.623,0.62,33.08,0.714,0.807,0
76,7721,0.767,0,5,1,3,6,0.705,0.671,37.21,0.89,0.93,0
49,7722,0.982,3,5,1,2,3,0.999,0.91,35.59,0.909,0.956,1
56,7723,0.91,1,2,0,2,10,0.857,0.792,38.98,0.701,0.955,1
63,7724,0.915,2,4,0,2,10,0.866,0.737,33.33,0.937,0.982,1
3,7725,0.794,3,7,0,2,13,0.908,0.837,44.85,0.872,0.808,1
49,7726,0.853,2,2,1,2,13,0.754,0.948,32.76,0.712,0.888,1
55,7727,0.874,1,0,2,2,4,0.84,0.802,30.63,0.831,0.936,1
26,7728,0.668,1,1,1,3,8,0.74,0.781,32.41,0.737,0.86,1
99,7729,0.708,0,5,1,1,10,0.745,0.786,55.65,0.681,0.838,1
72,7730,0.529,2,5,3,2,12,0.643,0.686,42.76,0.636,0.739,1
52,7731,0.593,1,3,1,1,8,0.765,0.773,42.14,0.707,0.806,1
100,7732,0.78,1,0,0,1,4,0.938,0.816,28.31,0.891,0.974,1
7,7733,0.718,2,3,1,1,9,0.798,0.846,37.18,0.862,0.859,1
46,7734,0.559,1,3,0,2,3,0.619,0.669,33.72,0.712,0.754,0
46,7735,0.855,2,0,3,3,7,0.83,0.852,19.05,0.733,0.868,0
100,7736,0.796,2,6,4,1,14,0.878,0.718,41.42,0.764,0.856,1
16,7737,0.784,1,2,2,3,12,0.66,0.656,35.49,0.772,0.776,1
24,7738,0.678,2,5,1,3,8,0.792,0.631,40.24,0.777,0.764,1
61,7739,0.532,1,4,2,2,4,0.66,0.69,38.01,0.682,0.733,0
54,7740,0.727,3,6,1,3,14,0.76,0.782,37.66,0.854,0.954,1
62,7741,0.915,0,1,1,3,4,0.852,0.689,29.48,0.761,0.966,1
1,7742,0.66,0,4,2,2,6,0.822,0.686,46.76,0.636,0.884,0
49,7743,0.705,2,4,2,3,4,0.651,0.837,32.99,0.811,0.87,0
25,7744,0.771,1,1,1,1,2,0.895,0.786,29.53,0.697,1.0,1
10,7745,0.602,2,3,0,2,3,0.78,0.771,35.82,0.781,0.832,1
80,7746,0.601,1,2,2,2,1,0.811,0.693,43.28,0.785,0.807,1
16,7747,0.611,1,3,1,3,14,0.624,0.738,46.28,0.698,0.734,1
58,7748,0.619,1,1,3,3,8,0.678,0.615,32.39,0.684,0.807,0
72,7749,0.622,1,1,2,3,9,0.783,0.761,35.74,0.641,0.848,1
29,7750,0.431,1,1,1,2,1,0.695,0.722,41.64,0.774,0.635,1
92,7751,0.778,2,2,0,2,12,0.84,0.807,26.3,0.883,0.855,1
6,7752,0.963,3,0,2,1,5,0.966,0.746,16.58,1.0,0.919,1
16,7753,0.834,1,2,0,3,11,0.694,0.635,37.55,0.845,0.846,1
20,7754,0.762,1,5,0,2,6,0.786,0.796,43.35,0.803,0.962,1
80,7755,0.808,2,1,0,2,14,0.723,0.835,27.9,0.84,0.881,1
71,7756,0.699,0,2,2,2,3,0.807,0.766,41.71,0.774,0.813,1
78,7757,0.502,1,2,2,2,12,0.775,0.891,42.38,0.694,0.75,1
43,7758,0.841,2,3,2,2,2,0.974,0.871,34.99,0.867,0.948,1
26,7759,0.72,2,0,0,2,14,0.882,0.72,21.66,0.827,0.798,1
90,7760,0.363,1,2,1,2,3,0.644,0.628,39.83,0.579,0.782,0
78,7761,0.769,2,4,1,2,4,0.714,0.686,31.68,0.872,0.891,0
71,7762,0.922,2,2,2,2,5,0.807,0.888,24.39,0.825,0.989,1
33,7763,0.785,2,6,1,2,12,0.838,0.816,52.67,0.787,0.809,1
26,7764,0.687,2,2,1,1,14,0.949,0.843,48.19,0.895,1.0,1
45,7765,0.875,2,2,2,3,8,0.945,0.748,19.11,0.797,0.801,1
84,7766,0.874,1,1,0,3,13,0.854,0.622,30.24,0.717,0.861,1
63,7767,0.462,0,1,2,2,13,0.627,0.727,36.95,0.706,0.784,1
67,7768,0.661,0,3,2,2,9,0.654,0.773,45.99,0.599,0.732,0
52,7769,0.636,3,1,1,1,9,0.813,0.792,34.28,0.81,0.822,0
68,7770,0.793,2,2,2,3,5,0.822,0.901,35.33,0.742,0.924,1
26,7771,0.426,2,4,3,2,1,0.629,0.706,46.95,0.623,0.811,0
75,7772,0.534,3,2,2,3,12,0.888,0.708,34.48,0.802,0.802,1
2,7773,0.847,2,5,2,3,8,0.789,0.794,32.54,0.801,0.999,1
14,7774,0.615,2,4,2,1,7,0.703,0.678,42.0,0.856,0.821,1
30,7775,0.858,2,4,3,2,10,0.905,0.666,33.4,0.834,0.891,1
49,7776,0.538,1,1,1,2,7,0.566,0.724,37.66,0.767,0.819,1
12,7777,0.977,3,3,0,2,7,0.968,0.793,24.44,1.0,1.0,1
90,7778,0.475,2,1,1,2,10,0.716,0.745,41.15,0.686,0.794,1
44,7779,0.894,1,4,0,3,4,0.782,0.73,47.41,0.883,0.918,1
33,7780,0.404,1,8,0,2,12,0.49,0.62,63.94,0.769,0.807,0
13,7781,0.853,3,3,1,3,1,0.9,0.885,27.65,0.827,0.937,1
78,7782,0.781,1,3,1,3,10,0.647,0.678,35.81,0.815,0.853,0
88,7783,0.582,0,2,4,2,8,0.723,0.844,45.43,0.593,0.89,1
98,7784,0.638,2,4,3,2,14,0.869,0.772,34.12,0.706,0.831,1
26,7785,0.721,3,4,2,2,2,0.682,0.699,34.86,0.89,0.836,1
21,7786,0.639,2,2,0,1,3,0.785,0.562,33.67,0.919,0.845,1
28,7787,0.833,3,1,1,1,7,0.916,0.767,31.8,0.924,0.855,1
48,7788,0.376,3,1,0,1,6,0.829,0.903,34.15,0.794,0.741,1
100,7789,0.867,3,2,1,2,2,0.845,0.808,25.91,0.92,0.834,1
40,7790,0.641,2,4,1,2,2,0.773,0.646,35.97,0.777,0.767,1
66,7791,0.588,2,2,3,2,1,0.822,0.597,32.5,0.687,0.875,0
73,7792,0.496,1,2,1,2,9,0.73,0.516,49.61,0.668,0.794,1
87,7793,0.823,0,3,2,3,2,0.688,0.688,39.6,0.747,0.895,0
79,7794,0.371,2,2,6,3,6,0.676,0.624,36.58,0.58,0.634,0
77,7795,0.993,0,3,1,2,5,0.782,0.928,33.56,0.713,0.917,1
23,7796,0.928,2,5,3,3,11,0.758,0.724,32.88,0.966,0.912,0
81,7797,0.739,1,2,0,2,13,0.776,0.736,41.66,0.828,0.866,1
48,7798,0.474,1,3,0,2,11,0.671,0.824,43.37,0.702,0.758,1
2,7799,0.615,3,3,1,2,4,0.826,0.682,40.91,0.831,0.755,1
84,7800,0.888,2,1,2,2,11,0.907,0.804,24.85,0.795,0.918,1
20,7801,0.748,2,5,0,3,12,0.729,0.635,42.69,0.935,0.837,1
59,7802,0.925,2,3,3,2,14,0.922,0.872,31.44,0.716,0.836,1
46,7803,0.513,2,3,1,2,4,0.679,0.782,45.26,0.813,0.753,0
3,7804,0.461,1,3,3,2,9,0.589,0.603,50.02,0.647,0.694,0
55,7805,0.482,2,6,0,3,14,0.669,0.606,49.8,0.704,0.807,1
12,7806,0.701,2,2,0,2,4,0.838,0.731,32.03,0.719,0.873,1
40,7807,0.575,1,2,3,2,5,0.728,0.673,39.68,0.722,0.792,1
66,7808,0.785,1,2,2,1,14,0.684,0.818,33.64,0.786,0.936,1
100,7809,0.79,2,2,1,2,11,0.78,0.725,24.83,0.76,0.876,1
78,7810,0.674,1,3,0,1,1,0.675,0.684,36.23,0.681,0.779,0
16,7811,0.542,3,4,3,2,8,0.854,0.865,48.11,0.903,0.916,1
83,7812,0.87,3,3,2,2,10,0.976,0.667,34.53,0.98,0.951,1
34,7813,0.753,1,1,2,3,3,0.834,0.943,31.33,0.831,0.9,1
44,7814,0.858,2,2,2,1,8,0.849,0.747,30.58,0.807,0.887,1
6,7815,0.952,3,2,3,3,7,0.909,0.735,29.96,0.849,0.93,1
77,7816,0.838,3,2,0,1,6,1.0,0.854,26.01,0.822,0.952,1
64,7817,0.604,1,3,1,2,5,0.766,0.694,38.48,0.728,0.795,0
100,7818,0.931,1,2,2,2,4,0.801,0.695,22.05,0.792,0.895,1
22,7819,0.736,0,3,0,2,14,0.607,0.603,42.08,0.617,0.766,0
18,7820,0.48,2,4,0,2,1,0.786,0.639,41.5,0.753,0.743,0
12,7821,0.772,1,1,1,2,8,0.828,0.788,26.13,0.842,0.97,1
52,7822,0.955,2,4,0,1,6,0.827,0.778,33.38,0.85,0.953,1
94,7823,0.742,2,1,1,2,2,0.808,0.782,30.75,0.846,0.779,1
51,7824,0.867,3,3,1,2,11,0.746,0.828,24.73,0.821,0.831,1
71,7825,0.812,1,4,1,3,3,0.682,0.611,37.78,0.779,0.714,1
96,7826,0.879,1,2,0,2,9,0.91,0.764,39.33,0.795,0.849,1
48,7827,0.782,3,3,1,2,6,0.767,0.69,32.49,0.799,0.89,1
19,7828,0.66,1,5,1,1,8,0.57,0.66,49.37,0.665,0.88,0
6,7829,0.552,3,3,1,3,1,0.803,0.604,35.61,0.778,0.707,0
84,7830,0.697,1,1,0,1,9,0.647,0.676,31.67,0.714,0.86,1
27,7831,0.691,3,2,2,1,2,0.742,0.706,35.62,0.705,0.799,0
53,7832,0.943,2,4,2,3,7,0.875,0.821,32.37,0.909,0.961,1
48,7833,0.852,1,4,2,2,13,0.811,0.659,40.95,0.866,0.958,1
7,7834,0.886,2,2,0,1,12,0.917,0.85,23.61,0.801,0.892,1
59,7835,0.666,3,4,0,2,8,0.727,0.711,38.24,0.829,0.75,0
69,7836,0.843,1,3,2,1,6,0.749,0.799,38.31,0.72,0.825,1
11,7837,0.886,1,2,0,2,9,0.788,0.716,31.97,0.773,0.924,1
15,7838,0.691,2,3,0,3,5,0.757,0.703,42.53,0.908,0.841,1
64,7839,0.746,3,3,1,1,6,0.874,0.695,27.93,0.899,0.894,1
3,7840,0.792,1,1,0,3,12,0.732,0.578,32.02,0.715,0.773,1
69,7841,0.6,0,5,3,2,5,0.728,0.721,45.85,0.81,0.808,1
23,7842,0.626,0,4,1,3,9,0.637,0.733,59.79,0.656,0.755,0
53,7843,0.631,1,2,1,2,7,0.757,0.755,32.76,0.613,0.76,1
37,7844,0.723,0,4,1,3,9,0.68,0.894,44.51,0.654,0.781,1
9,7845,0.704,2,6,0,2,11,0.861,0.649,47.77,0.874,0.83,1
15,7846,0.883,2,4,3,2,12,0.898,0.783,35.79,0.808,1.0,1
3,7847,0.695,2,2,2,2,3,0.894,0.746,33.56,0.841,0.98,0
93,7848,0.791,2,5,1,2,3,0.803,0.675,44.52,0.822,0.834,0
70,7849,0.94,1,3,2,2,12,0.808,0.693,33.28,0.868,1.0,1
17,7850,0.744,2,1,0,2,11,0.851,0.827,33.99,0.811,0.862,1
26,7851,0.388,2,6,1,3,11,0.77,0.625,46.38,0.762,0.766,1
21,7852,0.807,3,4,0,2,3,0.915,0.707,35.31,0.854,0.96,0
72,7853,0.767,2,3,3,2,12,0.832,0.753,42.23,0.729,0.882,1
21,7854,0.729,1,1,3,3,14,0.632,0.668,32.17,0.713,0.805,0
11,7855,0.759,2,1,0,1,8,0.822,0.859,26.74,0.88,0.825,0
38,7856,0.809,1,4,0,2,5,0.742,0.724,45.59,0.697,0.764,0
72,7857,0.935,3,4,1,2,5,0.959,0.699,38.64,0.893,0.997,1
88,7858,0.813,2,4,0,2,2,0.676,0.656,35.42,0.814,0.824,0
35,7859,0.776,2,2,1,3,13,0.796,0.84,36.9,0.857,0.837,1
14,7860,0.555,2,1,1,3,10,0.785,0.784,32.71,0.725,0.731,1
14,7861,0.741,0,5,1,1,2,0.623,0.669,44.57,0.865,0.855,0
10,7862,0.712,2,1,2,2,12,0.789,0.807,39.27,0.88,0.669,1
12,7863,0.855,2,1,0,1,2,0.698,0.727,32.35,0.884,0.936,1
38,7864,0.682,1,4,0,1,13,0.641,0.73,39.14,0.627,0.768,0
34,7865,0.935,2,2,0,2,5,0.835,0.778,20.65,0.712,0.986,1
41,7866,0.737,3,1,0,3,5,0.737,0.704,30.18,1.0,0.81,1
10,7867,0.793,1,3,1,2,1,0.816,0.677,48.51,0.831,0.952,1
17,7868,0.578,1,5,0,2,1,0.661,0.641,50.31,0.643,0.753,0
17,7869,0.835,3,0,0,3,4,0.735,0.776,19.66,0.73,0.854,1
67,7870,0.682,0,6,0,2,1,0.664,0.715,61.49,0.809,0.791,1
62,7871,0.555,1,4,0,3,5,0.682,0.696,44.05,0.598,0.817,1
95,7872,0.399,2,3,1,2,11,0.796,0.812,38.83,0.818,0.795,1
1,7873,0.817,2,3,0,3,3,0.717,0.664,31.86,0.881,0.859,0
12,7874,0.531,3,5,0,2,7,0.866,0.806,44.53,0.856,0.878,1
4,7875,0.457,1,2,1,3,9,0.695,0.837,41.52,0.671,0.724,1
42,7876,0.788,3,6,0,3,5,0.79,0.666,45.31,0.911,0.844,1
13,7877,0.493,1,5,4,2,11,0.677,0.671,49.24,0.496,0.727,0
98,7878,0.87,2,1,2,1,4,0.705,0.761,30.18,0.799,0.9,0
85,7879,0.888,1,2,0,1,3,0.858,0.713,36.25,0.786,0.826,1
86,7880,0.903,2,3,1,2,11,0.905,0.815,24.24,0.81,0.928,1
4,7881,0.924,3,4,0,1,2,0.879,0.77,34.68,0.872,0.969,1
82,7882,0.557,1,4,1,2,2,0.673,0.555,52.12,0.773,0.811,0
69,7883,0.762,1,2,2,3,8,0.762,0.682,35.09,0.691,0.803,1
19,7884,0.866,2,6,3,3,13,0.78,0.717,40.32,0.792,0.83,1
2,7885,0.57,2,6,2,3,8,0.803,0.551,44.12,0.712,0.871,1
12,7886,0.862,1,4,0,1,1,0.674,0.597,31.67,0.903,0.868,1
81,7887,0.877,3,4,2,3,10,0.91,0.751,35.01,0.856,0.98,1
74,7888,0.725,2,1,2,1,1,0.611,0.831,30.83,0.886,0.871,0
98,7889,0.821,1,5,2,3,12,0.838,0.759,43.94,0.86,0.886,1
6,7890,0.816,3,6,2,1,7,0.966,0.726,47.27,0.86,0.876,1
8,7891,0.523,1,2,0,3,6,0.623,0.66,40.63,0.6,0.698,0
51,7892,0.453,3,1,0,2,7,0.729,0.772,34.12,0.849,0.769,0
11,7893,0.752,1,3,1,2,13,0.741,0.755,46.29,0.792,0.746,1
63,7894,0.873,1,4,1,1,2,0.731,0.811,39.01,0.878,0.862,1
57,7895,0.665,2,5,1,1,10,0.841,0.76,45.49,0.735,0.845,1
12,7896,0.335,2,2,0,2,11,0.744,0.684,39.13,0.607,0.679,0
73,7897,0.693,2,1,1,2,12,0.797,0.973,31.17,0.749,0.878,1
2,7898,0.729,0,2,0,3,4,0.687,0.679,37.9,0.679,0.783,1
8,7899,0.813,1,6,2,2,14,0.705,0.764,38.68,0.655,0.963,0
11,7900,0.675,2,2,1,2,8,0.872,0.85,33.79,0.807,0.762,1
53,7901,0.971,3,1,2,2,2,1.0,0.818,21.61,0.899,0.985,1
100,7902,0.568,2,1,2,2,6,0.677,0.823,30.34,0.974,0.88,0
10,7903,0.865,1,5,1,2,10,0.86,0.768,43.74,0.824,0.839,1
85,7904,0.729,2,0,0,3,3,0.813,0.836,31.53,0.757,0.929,1
84,7905,0.95,2,2,1,2,11,0.864,0.802,25.35,1.0,0.885,1
8,7906,0.867,1,2,4,1,2,0.76,0.682,35.2,0.774,0.938,0
36,7907,0.866,2,2,2,2,1,0.865,0.754,34.58,0.884,1.0,1
93,7908,0.769,2,0,2,2,5,0.831,0.842,29.33,0.809,0.863,1
76,7909,0.946,1,2,1,2,13,0.894,0.657,33.6,0.95,0.917,1
14,7910,0.767,2,2,0,2,11,0.904,0.772,24.59,0.917,0.834,0
54,7911,0.465,2,1,1,2,5,0.769,0.875,43.76,0.724,0.768,1
85,7912,0.878,3,4,3,3,8,0.951,0.888,29.22,0.934,0.913,1
86,7913,0.635,2,4,2,2,5,0.816,0.709,52.39,0.718,0.851,1
21,7914,0.73,2,2,1,3,12,0.631,0.626,34.78,0.782,0.902,1
50,7915,0.966,1,3,0,2,10,0.76,0.639,41.7,0.952,0.899,1
94,7916,0.58,2,6,1,2,10,0.701,0.519,35.04,0.826,0.825,1
39,7917,0.469,0,4,0,2,2,0.529,0.697,53.16,0.647,0.803,1
20,7918,0.873,1,5,2,3,11,0.777,0.767,34.07,0.761,0.937,1
88,7919,0.568,1,1,1,2,4,0.836,0.852,38.32,0.769,0.735,0
87,7920,0.918,2,4,1,3,5,0.737,0.854,25.93,0.829,0.87,1
7,7921,0.352,2,3,0,3,4,0.648,0.674,38.39,0.657,0.614,0
9,7922,0.562,2,0,0,2,3,0.687,0.838,28.28,0.828,0.823,1
1,7923,0.798,2,2,4,2,1,0.974,0.824,33.05,0.793,0.947,1
26,7924,0.676,2,2,1,1,3,0.866,0.997,35.84,0.8,0.789,0
38,7925,0.479,1,6,0,2,2,0.576,0.738,56.72,0.64,0.697,1
38,7926,0.638,2,2,1,1,7,0.766,0.853,45.53,0.746,0.826,1
61,7927,0.703,0,3,0,2,14,0.652,0.726,47.48,0.66,0.775,1
44,7928,0.818,2,5,3,2,1,0.706,0.701,36.94,0.708,0.867,0
86,7929,0.915,1,2,0,3,1,0.77,0.733,29.88,0.775,0.859,1
44,7930,0.474,2,3,0,1,8,0.739,0.659,43.34,0.737,0.752,1
74,7931,0.557,2,4,2,2,12,0.789,0.624,39.39,0.782,0.749,1
62,7932,0.783,2,3,2,2,7,0.755,0.651,35.38,0.761,0.748,1
6,7933,0.632,1,2,1,3,7,0.694,0.65,43.54,0.734,0.722,1
17,7934,0.866,2,3,0,3,9,1.0,0.905,30.54,0.809,0.996,1
51,7935,0.553,2,5,2,2,7,0.64,0.684,39.18,0.785,0.789,0
38,7936,0.757,0,2,2,2,10,0.658,0.667,34.04,0.668,0.695,0
24,7937,0.601,1,3,0,2,10,0.666,0.739,40.53,0.853,0.724,0
51,7938,0.65,0,2,3,1,10,0.638,0.63,45.57,0.675,0.794,0
10,7939,0.547,2,5,3,2,11,0.81,0.801,57.08,0.716,0.796,1
72,7940,0.711,1,3,0,1,4,0.652,0.593,41.71,0.785,0.926,1
21,7941,0.62,1,2,0,2,8,0.74,0.839,40.87,0.819,0.722,1
70,7942,0.64,0,2,0,3,7,0.715,0.727,35.85,0.766,0.77,0
85,7943,0.914,2,3,2,1,3,0.861,0.648,28.8,0.832,0.835,1
57,7944,0.347,0,4,1,1,5,0.634,0.602,50.82,0.45,0.68,0
39,7945,0.773,3,3,1,2,2,0.772,0.671,30.5,0.806,0.741,1
88,7946,0.847,0,1,1,2,12,0.929,0.895,33.77,0.796,0.839,1
33,7947,0.784,0,4,0,2,10,0.734,0.702,48.2,0.54,0.824,1
59,7948,0.747,2,4,0,1,9,0.936,0.814,40.04,0.882,0.968,1
18,7949,0.805,3,3,0,1,12,0.977,0.71,32.88,0.973,0.871,1
56,7950,0.841,3,1,1,2,12,0.86,0.788,31.35,0.868,1.0,1
92,7951,0.846,0,2,3,2,6,0.714,0.929,39.78,0.78,0.979,0
57,7952,0.892,1,5,1,2,13,0.666,0.581,49.32,0.805,0.795,1
96,7953,0.72,2,3,2,3,11,0.873,0.869,32.36,0.879,0.847,1
76,7954,0.928,0,3,2,2,11,0.792,0.777,42.93,0.756,0.869,1
48,7955,0.713,2,2,1,2,7,0.862,0.836,33.88,0.981,0.968,1
42,7956,0.687,2,2,0,2,2,0.868,0.929,40.73,0.77,0.753,1
27,7957,0.644,2,2,0,2,2,0.633,0.589,41.27,0.764,0.715,0
74,7958,0.57,3,6,1,2,9,0.922,0.822,44.25,0.76,0.881,0
52,7959,0.498,1,4,3,2,1,0.679,0.827,44.37,0.684,0.818,0
42,7960,0.837,2,0,0,3,4,0.93,0.798,26.01,0.823,0.956,1
32,7961,0.864,2,4,0,2,9,0.792,0.833,37.44,0.833,0.917,1
26,7962,0.608,2,2,0,2,5,0.812,0.815,28.68,0.806,0.836,1
25,7963,0.859,2,4,0,1,4,0.877,0.856,29.89,0.871,0.923,1
75,7964,0.519,3,2,1,2,3,0.681,0.825,31.38,0.774,0.633,1
23,7965,0.856,3,2,1,2,6,0.851,0.727,34.61,0.882,0.898,1
98,7966,0.8,2,4,2,2,1,0.977,0.919,45.54,0.944,0.901,0
57,7967,0.68,2,1,1,2,1,0.837,0.746,41.99,0.775,0.779,1
52,7968,0.503,2,0,3,2,9,0.642,0.716,26.31,0.66,0.763,1
87,7969,0.69,2,3,2,1,10,0.66,0.699,45.5,0.789,0.788,1
93,7970,0.856,1,4,1,2,10,0.809,0.748,39.57,0.794,0.87,1
31,7971,0.828,2,2,1,1,6,0.627,0.738,32.51,0.848,0.816,1
64,7972,0.893,2,4,0,3,5,0.793,0.871,45.23,0.735,0.93,1
71,7973,0.663,2,0,1,2,5,0.731,0.799,28.2,0.699,0.821,1
33,7974,0.758,1,1,1,2,1,0.863,0.702,33.44,0.696,0.836,1
85,7975,0.8,2,3,1,2,10,0.739,0.799,29.67,0.899,0.842,1
2,7976,0.512,2,3,0,2,1,0.692,0.616,37.14,0.79,0.733,1
18,7977,0.76,1,5,1,2,5,0.834,0.659,44.11,0.844,0.978,1
47,7978,0.624,2,5,1,2,12,0.729,0.782,35.86,0.916,0.854,1
33,7979,0.608,2,5,3,1,2,0.72,0.766,42.24,0.649,0.794,0
98,7980,0.289,3,5,2,2,6,0.87,0.664,47.75,0.689,0.837,0
84,7981,0.752,1,0,1,3,8,0.895,0.765,37.24,0.793,0.963,0
35,7982,0.959,0,3,0,2,9,0.776,0.778,39.61,0.784,0.958,1
51,7983,0.73,1,1,2,2,14,0.757,0.733,27.62,0.791,0.932,1
18,7984,0.939,3,2,0,1,12,0.981,0.775,25.98,1.0,0.938,1
88,7985,0.637,2,4,0,2,1,0.834,0.683,43.66,0.913,0.872,1
72,7986,0.801,2,2,3,1,6,0.754,0.624,34.35,0.892,0.903,1
30,7987,0.89,1,3,1,1,14,0.773,0.606,42.5,0.74,0.948,1
44,7988,0.859,2,3,1,2,11,0.847,0.756,37.13,0.852,0.97,1
53,7989,0.595,2,3,0,2,4,0.765,0.895,44.79,0.765,0.822,0
10,7990,0.774,3,3,2,2,9,0.862,0.744,33.17,0.91,0.904,1
87,7991,0.816,1,2,2,2,5,0.767,0.874,35.52,0.68,0.924,1
52,7992,0.866,3,2,0,3,14,0.942,0.848,29.09,1.0,0.972,1
49,7993,0.485,1,1,2,2,3,0.698,0.731,48.79,0.851,0.68,1
11,7994,0.666,1,5,2,3,13,0.82,0.752,47.87,0.731,0.917,0
66,7995,0.601,3,3,0,3,12,0.805,0.694,33.5,0.731,0.88,1
58,7996,0.677,2,3,0,3,5,0.829,0.808,38.97,0.845,0.786,1
90,7997,0.771,3,1,0,2,13,0.918,0.863,32.91,0.934,0.92,1
36,7998,0.954,3,1,0,1,4,1.0,0.622,17.56,1.0,1.0,1
33,7999,0.607,2,2,3,2,5,0.797,0.755,40.3,0.882,0.924,0
47,8000,0.822,1,3,1,2,12,0.779,0.7,25.39,0.742,0.846,1
13,8001,0.823,2,2,1,3,1,0.909,0.899,32.71,0.844,0.722,1
40,8002,0.808,2,3,1,2,2,0.818,0.677,39.17,0.873,0.997,1
89,8003,0.195,2,1,1,2,14,0.727,0.8,41.21,0.68,0.724,1
68,8004,0.761,2,2,0,2,13,0.896,0.852,36.8,0.835,0.902,1
42,8005,0.445,3,0,1,3,11,0.957,0.668,18.35,0.688,0.835,1
19,8006,0.974,3,9,0,2,4,0.774,0.711,52.45,0.934,0.955,1
82,8007,0.857,2,4,2,1,13,0.92,0.776,25.42,0.816,0.867,1
94,8008,0.902,2,2,2,3,4,0.766,0.756,27.93,0.862,0.873,1
19,8009,0.765,2,0,0,1,11,0.768,0.88,20.24,0.941,0.96,1
58,8010,0.533,2,4,1,2,7,0.79,0.668,38.09,0.736,0.741,1
23,8011,0.492,3,0,0,2,1,0.74,0.995,18.63,0.817,0.816,1
54,8012,0.507,2,3,0,1,5,0.583,0.698,43.14,0.678,0.746,0
80,8013,0.942,3,1,0,3,12,0.962,0.813,25.31,0.941,0.918,1
65,8014,0.665,2,4,2,2,6,0.797,0.739,41.15,0.779,0.839,0
12,8015,0.653,2,4,0,2,2,0.701,0.651,48.07,0.818,0.822,1
24,8016,0.625,2,2,0,2,13,0.716,0.838,28.48,0.826,0.895,0
34,8017,0.586,2,2,0,1,5,0.805,0.789,33.65,0.758,0.858,1
53,8018,0.8,2,4,2,3,9,0.88,0.668,42.25,0.704,0.981,1
8,8019,0.91,1,6,0,2,2,0.758,0.624,47.11,0.73,0.895,1
18,8020,0.686,1,0,2,1,12,0.85,0.76,31.37,0.738,0.796,1
57,8021,0.743,2,3,2,3,4,0.835,0.732,32.85,0.686,0.806,1
5,8022,0.455,1,6,1,3,6,0.617,0.657,51.09,0.761,0.762,0
26,8023,0.761,2,7,2,2,10,0.621,0.635,48.19,0.692,0.819,1
30,8024,0.804,3,3,1,3,14,0.821,0.756,27.88,0.863,0.869,1
54,8025,0.945,3,4,0,2,3,0.927,0.875,21.07,0.802,0.965,1
13,8026,0.816,2,4,1,1,13,0.775,0.83,33.15,0.781,0.855,1
83,8027,0.92,1,1,0,3,12,0.923,0.637,38.74,0.906,0.875,1
29,8028,0.822,2,8,2,2,4,0.831,0.804,45.48,0.689,0.936,1
3,8029,0.915,2,1,3,2,9,0.896,0.773,17.47,0.911,0.901,1
90,8030,0.886,1,4,0,2,2,0.779,0.61,41.04,0.933,0.892,0
58,8031,0.753,1,3,1,1,5,0.762,0.759,35.72,0.801,0.935,1
76,8032,0.798,1,3,0,2,1,0.717,0.637,39.61,0.842,0.905,1
2,8033,0.719,2,2,0,2,11,0.734,0.834,27.17,0.891,0.791,1
75,8034,0.494,1,5,2,3,7,0.717,0.839,40.69,0.747,0.729,0
28,8035,0.791,1,3,0,2,4,0.769,0.841,38.99,0.805,0.915,1
82,8036,0.497,3,0,1,3,1,0.866,1.0,22.57,0.868,0.827,1
77,8037,0.703,2,1,1,3,11,0.748,0.859,25.39,0.771,0.843,1
86,8038,0.7,0,4,0,2,13,0.665,0.829,45.45,0.75,0.872,1
76,8039,0.878,1,5,2,2,7,0.731,0.678,41.19,0.828,0.911,1
2,8040,0.577,2,3,0,2,9,0.821,0.63,34.04,0.888,0.724,1
7,8041,0.683,0,3,0,3,10,0.82,0.853,48.94,0.772,0.825,1
26,8042,0.639,2,2,0,3,2,0.857,0.667,27.6,0.824,0.82,1
90,8043,0.806,1,1,2,3,9,0.693,0.832,36.04,0.79,0.927,1
88,8044,0.631,1,4,4,1,6,0.742,0.85,35.86,0.685,0.766,1
76,8045,0.554,1,1,3,3,7,0.704,0.677,28.66,0.657,0.782,1
16,8046,0.917,1,3,0,2,2,0.742,0.757,42.32,0.763,0.941,1
23,8047,0.792,3,5,2,2,11,0.866,0.785,33.76,0.897,0.843,1
40,8048,0.762,2,0,0,1,1,0.782,0.835,28.66,0.837,0.934,1
60,8049,0.602,3,1,1,1,5,0.893,0.846,22.32,0.891,0.838,1
73,8050,0.779,2,5,2,2,12,0.711,0.606,43.45,0.689,0.791,1
32,8051,0.716,2,3,1,2,12,0.647,0.778,46.09,0.814,0.833,1
15,8052,0.573,1,2,0,2,9,0.729,0.706,37.47,0.81,0.937,1
13,8053,0.791,2,3,0,2,1,0.89,0.747,44.81,0.887,0.916,1
5,8054,0.861,3,3,0,3,8,0.875,0.759,27.89,0.841,0.901,1
75,8055,0.961,0,2,2,2,3,0.641,0.606,34.03,0.809,0.863,0
74,8056,0.9,2,3,0,2,7,0.725,0.64,30.51,0.921,1.0,1
52,8057,0.547,1,5,0,2,3,0.64,0.642,51.4,0.855,0.781,0
77,8058,0.425,3,2,1,2,7,0.867,0.669,35.77,0.857,0.756,1
41,8059,0.802,2,7,0,3,1,0.676,0.586,45.04,0.838,0.878,0
53,8060,0.959,3,2,0,2,10,0.854,0.706,28.11,0.813,0.949,1
50,8061,0.794,0,3,4,3,6,0.772,0.693,44.49,0.891,0.966,1
15,8062,0.72,3,4,3,2,13,0.861,0.843,37.34,0.738,0.891,0
7,8063,0.676,0,2,0,2,13,0.747,0.793,36.67,0.741,0.741,1
40,8064,0.443,1,4,4,1,7,0.763,0.645,51.85,0.747,0.806,0
28,8065,0.866,1,5,1,1,3,0.668,0.67,44.13,0.746,0.868,1
32,8066,0.881,1,4,2,1,8,0.707,0.686,36.66,0.845,0.804,1
99,8067,0.54,1,6,0,2,10,0.588,0.559,49.01,0.671,0.677,1
15,8068,0.593,2,5,1,2,11,0.74,0.765,47.08,0.751,0.872,1
100,8069,0.789,2,0,0,2,14,1.0,0.811,26.3,0.838,0.925,1
85,8070,0.951,3,2,2,3,8,0.82,0.594,23.09,1.0,0.927,1
70,8071,0.792,2,4,2,2,8,0.768,0.895,46.91,0.788,0.833,1
65,8072,0.488,1,1,0,2,9,0.793,0.888,34.13,0.686,0.823,1
4,8073,0.853,0,4,4,3,8,0.729,0.776,44.04,0.827,0.95,1
11,8074,0.496,2,3,0,1,9,0.62,0.591,40.88,0.63,0.659,1
26,8075,0.644,2,1,1,2,13,0.63,0.815,25.62,0.866,0.774,1
61,8076,0.862,2,3,3,3,1,0.799,0.852,38.52,0.859,0.877,1
37,8077,0.453,2,4,0,2,1,0.752,0.717,51.92,0.548,0.779,0
23,8078,0.825,0,4,1,3,2,0.657,0.752,42.65,0.815,0.91,0
93,8079,0.633,2,3,2,3,9,0.788,0.663,43.07,0.712,0.956,1
85,8080,0.72,2,3,2,3,5,0.651,0.701,36.62,0.817,0.832,0
91,8081,0.728,2,1,1,2,4,0.868,0.796,34.09,0.855,0.869,1
40,8082,0.646,0,1,0,2,13,0.762,0.592,39.89,0.476,0.776,0
77,8083,0.508,1,0,0,3,6,0.8,0.795,34.79,0.66,0.739,1
23,8084,0.786,3,3,1,2,10,0.85,0.731,23.1,0.831,0.88,1
16,8085,0.778,2,4,1,1,1,0.797,0.682,35.14,0.734,0.766,0
94,8086,0.862,2,2,2,2,1,0.837,0.766,33.84,1.0,0.885,1
61,8087,0.616,1,2,2,2,1,0.695,0.633,33.11,0.72,0.799,0
68,8088,0.928,2,0,3,1,7,0.874,0.789,27.98,0.954,0.935,1
80,8089,0.89,1,3,0,2,14,0.74,0.734,40.54,0.798,1.0,1
31,8090,0.411,1,0,1,3,11,0.667,0.832,37.59,0.685,0.727,0
53,8091,0.645,2,3,1,1,11,0.874,0.625,39.95,0.889,0.857,0
25,8092,0.709,2,3,2,3,12,0.777,0.82,27.73,0.828,0.874,1
44,8093,0.592,1,4,0,2,7,0.76,0.623,39.51,0.653,0.785,0
12,8094,0.774,1,1,1,3,7,0.676,0.676,27.71,0.859,0.954,1
90,8095,0.777,2,3,1,1,3,0.754,0.632,31.25,0.808,0.717,1
97,8096,0.625,1,6,1,3,3,0.632,0.678,56.24,0.888,0.847,0
92,8097,0.704,1,1,0,2,14,0.762,0.793,22.93,0.873,0.726,1
9,8098,0.98,2,2,1,1,10,0.774,0.822,24.63,0.973,0.907,1
12,8099,0.551,2,4,2,2,13,0.65,0.671,32.3,0.721,0.785,1
69,8100,0.819,3,3,1,2,5,0.839,0.681,28.43,0.91,0.977,1
54,8101,0.811,2,2,1,2,4,0.748,0.773,35.63,0.818,0.825,1
54,8102,0.809,1,2,0,2,2,0.746,0.74,37.86,0.728,0.871,1
28,8103,0.28,3,3,0,2,7,0.859,0.883,37.32,0.846,0.818,1
56,8104,0.919,1,3,2,2,14,0.708,0.77,36.33,0.792,0.739,1
99,8105,0.703,2,4,1,2,7,0.754,0.687,47.21,0.824,0.834,0
69,8106,0.967,1,2,1,2,8,0.873,0.92,29.2,0.729,1.0,1
98,8107,0.956,2,1,0,3,14,0.819,0.674,21.47,0.764,0.922,1
98,8108,0.677,3,3,3,1,1,0.734,0.767,26.42,0.836,0.836,1
77,8109,0.851,2,1,2,2,8,0.797,0.704,16.66,0.828,0.881,1
58,8110,0.465,2,4,1,2,8,0.532,0.752,42.3,0.776,0.768,1
78,8111,0.841,3,4,2,2,6,0.918,0.853,40.76,0.881,0.827,1
75,8112,0.762,0,3,3,2,6,0.69,0.673,42.08,0.805,0.829,0
42,8113,0.778,1,3,1,2,4,0.722,0.796,41.8,0.658,0.802,0
38,8114,0.882,3,3,0,1,6,0.874,0.881,31.63,0.964,0.926,1
68,8115,0.502,2,3,0,2,8,0.702,0.737,34.13,0.675,0.838,1
53,8116,0.744,2,5,1,3,5,0.89,0.89,50.88,0.718,0.954,1
33,8117,0.829,2,4,4,3,13,0.897,0.696,40.58,0.908,0.904,1
71,8118,0.716,1,0,1,1,14,0.911,0.81,34.14,0.695,0.699,1
56,8119,0.641,0,3,3,2,6,0.712,0.611,48.48,0.581,0.787,0
72,8120,0.569,1,3,0,2,7,0.761,0.636,49.41,0.7,0.77,0
51,8121,0.78,1,3,2,2,5,0.805,0.802,36.41,0.865,0.851,1
74,8122,0.455,2,5,1,2,9,0.663,0.683,45.74,0.753,0.743,1
43,8123,0.893,1,4,1,2,6,0.611,0.856,47.88,0.909,0.899,1
15,8124,0.929,2,4,1,1,13,0.824,0.752,45.1,0.99,0.943,1
38,8125,0.448,1,3,1,3,2,0.719,0.687,44.99,0.694,0.658,0
15,8126,0.676,1,1,2,2,12,0.749,0.686,38.84,0.734,0.9,1
5,8127,0.744,1,2,0,3,11,0.866,0.776,39.83,0.885,0.88,1
93,8128,0.651,2,2,0,2,11,0.751,0.637,35.18,0.696,0.824,1
83,8129,0.766,1,7,0,1,7,0.72,0.561,59.96,0.86,0.727,0
54,8130,0.714,2,3,1,1,7,0.757,0.811,28.57,0.802,0.756,1
51,8131,0.954,1,2,0,2,5,0.951,0.783,29.48,0.858,1.0,1
10,8132,0.493,1,4,1,3,11,0.518,0.602,41.68,0.62,0.621,0
12,8133,0.735,3,5,0,2,8,0.925,0.79,33.76,0.846,0.757,1
4,8134,0.773,1,3,1,3,11,0.747,0.639,44.04,0.688,0.902,0
95,8135,0.981,3,3,0,2,8,0.937,0.981,29.88,0.752,0.831,1
18,8136,0.801,3,4,1,1,5,0.66,0.667,38.18,1.0,0.957,1
80,8137,0.391,2,5,1,3,13,0.572,0.661,48.21,0.793,0.781,1
36,8138,0.697,2,4,1,2,11,0.777,0.649,38.22,0.784,0.883,1
25,8139,0.634,2,3,0,2,11,0.827,0.748,38.76,0.931,0.931,1
87,8140,0.907,3,1,1,1,9,0.899,0.726,15.94,0.884,0.898,1
76,8141,0.711,2,3,1,2,1,0.71,0.76,36.75,0.846,0.831,0
98,8142,0.881,1,2,1,2,8,0.79,0.885,33.72,0.794,0.925,1
36,8143,0.802,0,0,2,3,6,0.687,0.812,20.93,0.705,0.845,1
67,8144,0.84,1,2,3,2,13,0.977,0.816,32.8,0.843,0.921,1
9,8145,0.674,1,1,0,2,1,0.806,0.686,33.92,0.704,0.836,1
61,8146,0.772,1,5,0,3,3,0.742,0.755,54.47,0.711,0.844,1
53,8147,0.889,2,3,1,2,12,0.948,0.694,26.26,0.825,0.867,1
18,8148,0.727,2,2,0,1,5,0.829,0.86,25.88,0.781,0.834,1
43,8149,0.863,2,5,1,2,5,0.911,0.818,38.3,0.798,1.0,1
35,8150,0.679,1,0,1,2,6,1.0,0.755,31.93,0.804,0.967,1
63,8151,0.747,0,4,0,3,5,0.642,0.713,51.21,0.801,0.91,1
98,8152,0.453,2,3,0,2,9,0.821,0.767,43.33,0.788,0.844,0
78,8153,0.449,2,2,2,2,11,0.893,0.685,35.2,0.659,0.773,1
4,8154,0.355,2,3,0,2,11,0.697,0.736,37.76,0.719,0.673,1
93,8155,0.684,1,4,0,1,6,0.737,0.619,47.04,0.671,0.836,1
41,8156,0.661,2,4,1,2,11,0.82,0.715,46.08,0.868,0.771,1
45,8157,0.498,2,3,2,1,5,0.625,0.53,40.86,0.889,0.831,0
50,8158,0.942,2,3,1,2,9,0.876,0.76,34.71,0.903,0.973,1
79,8159,0.505,0,2,1,2,14,0.573,0.612,33.7,0.555,0.765,0
28,8160,0.666,3,3,0,2,14,0.742,0.778,35.43,0.78,0.915,1
42,8161,0.844,1,3,0,3,4,0.852,0.77,41.78,0.751,0.907,1
80,8162,0.805,1,5,0,1,11,0.822,0.887,39.7,0.818,0.889,1
76,8163,0.606,2,1,2,2,9,0.81,0.782,27.96,0.749,0.888,1
69,8164,0.34,2,2,2,3,7,0.66,0.681,43.96,0.669,0.755,1
98,8165,0.939,0,3,0,1,8,0.825,0.593,37.6,0.781,0.936,1
1,8166,0.731,2,5,2,2,11,0.803,0.602,53.73,0.922,0.83,0
39,8167,0.448,2,3,1,2,8,0.763,0.685,36.0,0.77,0.812,1
96,8168,0.923,2,1,1,3,14,0.917,0.802,18.21,0.874,0.937,1
90,8169,0.941,2,4,1,3,13,0.83,0.789,43.9,0.904,0.942,1
17,8170,0.906,0,2,2,3,1,0.774,0.714,39.96,0.83,0.917,0
91,8171,0.625,2,1,0,2,7,0.757,0.788,30.64,0.832,0.81,1
88,8172,0.9,1,2,1,1,9,0.875,0.857,34.8,0.766,0.956,1
35,8173,0.962,2,1,2,1,8,0.935,0.868,26.95,0.83,1.0,1
46,8174,0.802,0,2,1,3,8,0.821,0.686,37.46,0.644,0.88,1
42,8175,0.756,2,7,0,2,2,0.63,0.765,54.33,0.842,0.818,0
39,8176,0.884,2,4,1,2,11,0.89,0.69,40.76,0.836,0.814,1
90,8177,0.958,3,3,0,2,8,0.947,0.857,25.03,0.955,0.982,0
49,8178,0.73,1,4,2,3,6,0.629,0.768,48.41,0.852,0.857,0
62,8179,0.865,1,3,0,3,9,0.862,0.866,42.94,0.732,0.945,1
38,8180,0.875,1,1,2,1,5,0.752,0.751,30.66,0.776,0.897,1
23,8181,0.865,0,5,1,1,2,0.693,0.569,46.08,0.655,0.974,0
22,8182,0.317,2,3,3,2,3,0.765,0.633,44.61,0.743,0.717,0
4,8183,0.935,3,2,1,1,5,0.8,0.809,27.59,1.0,1.0,1
49,8184,0.793,1,2,0,1,9,0.815,0.719,30.86,1.0,0.943,0
59,8185,0.647,2,0,0,1,11,0.695,0.734,38.38,0.821,0.851,1
73,8186,0.685,2,2,2,2,2,0.886,0.788,28.89,0.798,0.892,0
68,8187,0.804,1,1,0,3,6,0.906,0.843,28.59,0.788,0.831,1
71,8188,0.729,1,6,2,3,1,0.71,0.711,51.54,0.802,0.913,0
87,8189,0.622,3,1,2,2,7,0.692,0.685,29.78,0.901,0.709,1
2,8190,0.709,1,3,2,2,9,0.754,0.793,43.11,0.844,0.869,1
49,8191,0.776,2,7,0,2,2,0.867,0.777,41.65,0.82,0.905,0
88,8192,0.398,1,4,0,3,7,0.732,0.727,49.18,0.712,0.884,0
95,8193,0.733,2,1,2,1,11,0.87,0.864,31.63,0.759,0.93,1
31,8194,0.829,1,2,0,2,8,0.868,0.846,28.79,0.852,0.977,1
40,8195,0.51,1,6,1,3,12,0.599,0.748,46.39,0.57,0.742,0
48,8196,0.8,1,3,1,2,7,0.784,0.794,43.84,0.718,0.758,1
51,8197,0.777,0,4,0,3,13,0.641,0.695,50.8,0.825,0.843,1
43,8198,0.489,3,3,1,2,14,0.741,0.758,40.34,0.916,0.641,1
98,8199,0.866,2,2,2,2,9,0.782,0.79,42.56,0.808,0.864,1
55,8200,0.573,2,1,2,3,2,0.72,0.779,25.08,0.774,0.886,0
88,8201,0.689,3,3,3,2,8,1.0,0.761,31.19,0.884,0.822,1
49,8202,0.714,1,2,1,3,8,0.859,0.832,41.67,0.806,0.922,1
90,8203,0.838,3,3,1,2,5,0.836,0.811,31.78,0.965,0.904,0
80,8204,0.781,2,3,1,2,14,0.871,0.624,41.59,0.929,0.867,0
57,8205,0.883,2,1,1,2,14,0.796,0.717,23.54,0.778,0.923,1
77,8206,0.694,3,3,1,3,2,0.749,0.621,35.29,0.915,0.842,0
15,8207,0.651,1,4,0,2,9,0.801,0.782,39.86,0.652,0.827,1
27,8208,0.819,1,2,1,2,6,0.713,0.776,42.26,0.801,1.0,1
68,8209,0.16,1,4,1,2,1,0.477,0.585,51.77,0.491,0.601,0
80,8210,0.751,3,4,3,2,9,0.87,0.78,23.22,0.8,0.954,1
64,8211,0.702,0,2,1,2,12,0.664,0.642,56.97,0.623,0.833,1
94,8212,0.733,3,4,5,2,6,0.951,0.824,30.9,0.841,0.949,1
30,8213,0.87,1,4,0,2,7,0.698,0.654,41.57,0.776,0.913,1
36,8214,0.878,2,1,3,2,14,0.897,0.72,20.05,0.881,0.855,1
67,8215,0.553,2,2,0,3,12,0.806,0.896,40.41,0.795,0.775,1
86,8216,0.932,3,1,1,3,7,0.939,0.754,29.82,0.959,0.929,1
86,8217,0.849,1,2,2,2,3,0.897,0.822,42.94,0.775,0.927,1
49,8218,0.704,1,4,3,2,14,0.772,0.727,48.91,0.767,0.752,1
76,8219,0.55,3,1,2,2,1,0.842,0.815,31.9,0.8,0.759,1
55,8220,0.928,3,2,3,2,6,0.977,0.93,27.34,0.901,0.849,1
85,8221,0.885,0,4,0,3,13,0.672,0.689,43.49,0.523,0.851,1
56,8222,0.872,2,1,2,2,11,0.794,0.819,14.92,0.922,0.874,1
68,8223,0.915,1,0,1,2,11,0.843,0.754,26.43,0.799,0.848,1
95,8224,0.838,2,2,1,1,3,0.884,0.904,29.52,0.807,0.867,1
44,8225,0.89,2,1,1,1,12,0.852,0.752,33.63,0.828,0.856,1
31,8226,0.458,2,6,0,2,5,0.687,0.657,47.33,0.875,0.828,1
58,8227,0.898,2,5,4,2,8,0.807,0.761,48.28,0.79,0.919,1
87,8228,0.698,1,2,1,2,13,0.781,0.804,34.81,0.737,0.863,1
53,8229,0.501,2,1,0,1,5,0.844,0.681,31.61,0.798,0.752,1
84,8230,0.69,2,2,2,2,7,0.813,0.596,23.1,0.817,0.843,0
79,8231,0.76,3,3,1,2,14,0.839,0.651,32.83,0.831,1.0,1
23,8232,0.844,2,2,1,1,6,0.76,0.637,33.68,0.832,0.93,1
28,8233,0.874,1,3,0,3,3,0.944,0.781,37.53,0.79,0.961,0
16,8234,0.724,1,2,0,2,9,0.887,0.817,37.63,0.669,0.94,1
37,8235,0.688,2,2,2,2,14,0.726,0.838,37.6,0.819,0.891,1
21,8236,0.569,2,4,3,3,2,0.698,0.638,45.97,0.764,0.828,0
79,8237,0.87,2,2,1,1,12,0.875,0.811,26.62,0.935,0.944,1
17,8238,0.754,1,3,0,2,9,0.787,0.704,42.97,0.703,0.79,1
37,8239,0.51,0,0,2,1,3,0.716,0.683,33.64,0.653,0.76,1
77,8240,0.62,3,4,1,3,11,0.827,0.854,48.24,0.829,0.773,1
19,8241,0.305,3,4,1,3,8,0.835,0.73,41.24,0.658,0.787,0
30,8242,0.621,2,2,1,2,10,0.896,0.877,27.73,0.732,0.833,1
45,8243,0.455,2,2,2,2,7,0.794,0.816,34.81,0.769,0.829,1
18,8244,0.648,3,2,0,2,1,0.712,0.635,37.49,0.824,0.783,0
78,8245,0.97,1,0,0,2,13,0.846,0.811,30.49,0.772,0.868,1
62,8246,0.828,3,2,1,3,6,0.846,0.833,19.32,0.836,0.949,1
36,8247,0.878,0,1,3,1,12,0.65,0.759,32.23,0.753,0.795,1
100,8248,0.753,3,1,1,3,10,0.845,0.746,26.74,0.903,0.988,1
84,8249,0.835,2,4,2,3,5,0.851,0.785,37.49,0.875,0.957,1
52,8250,0.662,2,3,3,2,7,0.668,0.706,39.68,0.772,0.792,1
19,8251,0.817,2,2,0,1,14,0.905,0.707,41.97,0.839,0.871,1
44,8252,0.697,0,2,0,2,7,0.785,0.708,51.61,0.61,0.771,1
7,8253,0.444,1,5,0,2,3,0.552,0.656,51.5,0.597,0.68,0
44,8254,0.525,2,1,1,1,10,0.728,0.804,30.84,0.76,0.841,0
68,8255,0.686,2,2,1,3,5,0.878,0.748,32.83,0.812,0.875,1
34,8256,0.806,1,4,1,2,9,0.811,0.761,36.88,0.712,0.893,1
66,8257,0.694,1,4,0,2,11,0.711,0.622,43.01,0.787,0.84,1
69,8258,0.634,1,3,0,2,8,0.855,0.838,40.86,0.743,0.689,1
55,8259,0.75,2,2,2,2,6,0.902,0.884,24.6,0.894,0.947,1
10,8260,0.753,3,2,0,1,7,0.86,0.725,24.57,0.704,0.801,1
96,8261,0.788,1,2,2,3,10,0.859,0.844,35.3,0.712,0.876,1
42,8262,0.698,1,4,1,1,14,0.642,0.707,57.23,0.738,0.937,1
41,8263,0.869,2,5,0,3,1,0.707,0.645,40.48,0.87,0.917,0
77,8264,0.873,2,7,1,1,12,0.756,0.822,43.37,0.908,0.826,0
69,8265,0.878,2,4,0,2,3,0.887,0.927,36.06,0.968,0.959,1
10,8266,0.834,1,4,0,2,5,0.889,0.692,26.53,0.869,0.952,0
10,8267,0.466,2,3,0,2,10,0.759,0.73,43.84,0.66,0.736,1
91,8268,0.855,1,2,2,2,10,0.807,0.645,25.85,0.679,0.816,1
60,8269,0.854,1,2,4,2,7,0.87,0.779,34.59,0.802,1.0,0
51,8270,0.73,2,3,0,2,10,0.799,0.685,22.46,0.708,0.872,1
21,8271,0.767,2,5,0,3,3,0.831,0.763,40.81,0.818,0.833,0
8,8272,0.881,1,4,1,1,2,0.852,0.744,40.32,0.891,0.927,1
65,8273,0.778,2,2,0,2,11,0.914,0.778,30.58,0.938,0.89,1
92,8274,0.69,1,4,0,2,13,0.622,0.692,38.27,0.838,0.798,0
78,8275,0.915,2,4,0,2,3,0.87,0.8,33.4,0.855,0.925,1
85,8276,0.951,1,2,2,2,6,0.734,0.841,32.81,0.834,0.906,0
30,8277,0.663,1,3,0,3,11,0.707,0.609,54.21,0.754,0.762,1
85,8278,0.664,3,3,0,2,3,0.961,0.816,27.21,0.914,0.884,0
49,8279,0.789,2,3,3,2,8,0.753,0.752,31.69,0.817,0.817,1
9,8280,0.566,2,3,4,3,3,0.663,0.828,37.44,0.742,0.785,1
17,8281,0.699,3,1,1,2,10,0.811,0.692,26.31,0.853,0.858,1
69,8282,0.749,2,3,1,3,12,0.752,0.674,38.97,0.752,0.916,0
58,8283,0.93,2,2,2,2,11,0.783,0.692,23.1,0.979,0.986,1
57,8284,0.604,1,5,1,2,3,0.605,0.709,48.02,0.633,0.762,1
62,8285,0.767,3,3,0,1,10,0.894,0.842,33.48,0.943,0.889,1
95,8286,0.735,1,2,0,2,10,0.56,0.624,32.41,0.747,0.905,1
52,8287,0.533,3,3,2,2,7,0.795,0.881,40.97,0.878,0.808,1
61,8288,0.62,2,3,1,1,3,0.722,0.648,38.68,0.712,0.823,0
40,8289,0.878,2,2,1,2,8,0.844,0.707,32.23,0.799,0.95,1
38,8290,0.913,1,4,1,3,6,0.798,0.705,38.45,0.687,0.868,1
43,8291,0.535,1,5,2,3,12,0.851,0.692,48.28,0.732,0.703,1
63,8292,0.592,2,3,2,2,12,0.92,0.815,36.51,0.751,0.75,1
19,8293,0.894,2,4,1,3,10,0.906,0.752,34.02,0.916,0.902,1
100,8294,0.736,2,2,1,3,8,0.909,0.764,38.05,0.912,0.851,1
50,8295,0.66,2,3,2,2,1,0.78,0.727,40.2,0.717,0.793,1
33,8296,0.458,3,1,1,2,4,0.831,0.874,30.44,0.788,0.735,1
13,8297,0.593,3,2,0,1,6,0.988,0.993,35.69,0.781,0.866,1
78,8298,0.578,2,2,4,2,9,0.81,0.744,40.15,0.722,0.802,0
97,8299,0.921,1,4,1,2,8,0.689,0.724,40.89,0.889,0.787,1
62,8300,0.783,2,1,3,1,3,0.8,0.826,28.88,0.93,0.97,1
93,8301,0.761,3,2,1,3,10,0.874,0.822,31.05,0.797,0.809,1
43,8302,0.864,2,1,0,1,14,0.879,0.871,22.27,0.874,0.847,1
49,8303,0.832,1,3,2,3,13,0.897,0.661,39.48,0.792,0.997,1
36,8304,0.919,2,3,2,2,1,0.731,0.731,27.32,0.855,0.883,1
10,8305,0.718,2,4,1,2,1,0.824,0.686,38.79,0.705,0.85,1
95,8306,0.856,3,2,0,2,9,0.882,0.755,20.76,0.867,0.99,1
6,8307,0.805,2,5,1,2,10,0.851,0.907,46.88,0.88,0.915,0
57,8308,0.709,3,1,1,2,10,0.832,0.809,15.23,0.836,0.767,1
1,8309,0.655,1,5,3,2,13,0.609,0.625,51.78,0.892,0.788,1
71,8310,0.282,3,5,3,2,5,0.678,0.707,38.73,0.658,0.794,1
58,8311,0.821,1,3,0,3,7,0.798,0.647,32.5,0.887,0.822,0
91,8312,0.804,3,3,1,2,11,0.907,0.778,30.51,0.963,0.796,1
21,8313,0.855,3,1,0,2,13,0.856,0.866,25.57,0.828,0.991,1
92,8314,0.768,2,3,0,2,12,0.82,0.833,28.96,0.76,0.888,1
80,8315,0.77,2,3,3,3,6,0.784,0.851,38.56,0.84,0.893,1
56,8316,0.541,3,4,2,2,6,0.74,0.793,33.74,0.972,0.985,0
87,8317,0.828,1,3,0,3,4,0.784,0.626,36.98,0.82,0.963,1
20,8318,0.799,2,3,2,3,9,0.887,0.774,32.9,0.842,0.867,1
54,8319,0.664,3,3,1,2,2,0.805,0.58,29.25,0.944,0.904,1
25,8320,0.702,2,3,0,2,14,0.789,0.691,41.38,0.83,0.784,1
28,8321,0.679,3,1,0,1,13,0.922,0.946,29.57,0.727,0.904,1
5,8322,0.77,2,4,0,2,7,0.772,0.622,44.47,0.937,0.892,0
21,8323,0.861,2,3,1,1,7,1.0,0.748,32.79,0.83,0.925,1
18,8324,0.754,0,3,0,2,4,0.597,0.733,49.5,0.634,0.729,1
47,8325,0.672,1,1,3,2,2,0.765,0.764,36.71,0.809,0.893,0
70,8326,0.684,2,2,0,1,13,0.744,0.771,35.67,0.748,0.946,1
57,8327,0.856,2,4,1,3,7,0.66,0.67,33.75,0.8,0.887,1
93,8328,0.942,1,0,2,2,3,0.868,0.805,26.76,0.897,0.931,1
19,8329,0.599,3,5,2,3,12,0.722,0.799,37.53,0.897,0.891,1
97,8330,0.477,2,4,1,2,8,0.812,0.82,45.27,0.678,0.827,1
65,8331,0.655,1,2,0,3,5,0.821,0.7,31.33,0.739,0.75,1
3,8332,0.918,2,1,0,1,2,1.0,0.893,27.91,1.0,1.0,0
42,8333,0.854,2,4,2,2,9,0.873,0.815,40.52,0.779,0.939,1
21,8334,0.661,3,4,0,3,13,0.797,0.675,42.55,0.759,0.761,1
99,8335,0.957,2,5,1,3,7,0.731,0.657,31.41,0.738,0.859,1
40,8336,0.785,2,2,3,2,8,0.841,0.734,31.69,0.839,0.87,1
67,8337,0.481,2,2,5,2,13,0.774,0.774,27.05,0.736,0.814,1
25,8338,0.456,3,4,2,3,11,0.818,0.815,41.64,0.797,0.754,1
55,8339,0.589,2,2,1,2,4,0.775,0.738,39.81,0.701,0.794,1
84,8340,0.738,1,1,2,3,10,0.735,0.738,37.33,0.716,0.791,0
52,8341,0.716,2,5,4,2,14,0.73,0.756,40.56,0.775,0.804,1
44,8342,0.612,1,5,0,1,9,0.756,0.608,44.97,0.756,0.865,0
98,8343,0.376,3,1,4,3,8,0.85,0.72,34.64,0.688,0.742,0
85,8344,0.751,2,3,0,2,11,0.768,0.725,38.07,0.786,0.86,1
56,8345,0.967,1,3,0,3,4,0.697,0.634,32.99,0.635,0.927,1
55,8346,0.797,1,5,2,2,5,0.726,0.701,50.49,0.771,0.823,1
87,8347,0.879,1,3,2,2,7,0.856,0.692,33.87,0.845,0.984,1
70,8348,0.85,2,6,1,2,6,0.86,0.723,38.01,0.817,0.832,0
77,8349,0.75,2,1,1,1,11,0.75,0.787,33.68,0.911,0.78,1
87,8350,0.928,2,4,0,2,8,0.624,0.677,32.16,0.951,0.907,1
73,8351,0.873,3,5,1,2,3,0.828,0.59,33.97,0.992,0.927,1
81,8352,0.822,3,2,0,2,1,0.877,0.759,24.21,0.702,0.867,1
66,8353,0.884,1,4,1,3,1,0.755,0.648,38.53,0.823,0.986,1
19,8354,0.519,1,3,1,1,13,0.452,0.648,42.73,0.651,0.736,1
83,8355,0.654,2,1,2,3,7,0.609,0.7,14.07,0.796,0.847,1
7,8356,0.838,2,2,1,2,1,0.802,0.648,37.38,0.782,0.81,1
63,8357,0.551,1,1,1,3,7,0.564,0.697,38.82,0.734,0.808,0
42,8358,0.535,1,4,0,3,10,0.667,0.675,46.01,0.698,0.823,0
42,8359,0.619,1,5,2,2,11,0.598,0.525,46.25,0.7,0.881,0
59,8360,0.795,0,7,0,3,10,0.754,0.591,53.01,0.824,0.946,0
20,8361,0.735,3,3,1,3,1,0.827,0.729,35.53,0.787,0.815,1
73,8362,0.931,2,2,1,3,2,0.9,0.785,28.22,0.96,0.929,1
17,8363,0.561,0,3,0,2,7,0.72,0.685,50.27,0.66,0.679,1
27,8364,0.602,1,2,1,3,14,0.687,0.653,36.72,0.755,0.909,1
47,8365,0.62,1,2,0,2,8,0.691,0.764,41.89,0.776,0.893,1
2,8366,0.519,2,3,3,2,3,0.766,0.823,38.47,0.702,0.848,1
63,8367,0.7,2,1,0,2,1,0.83,0.787,30.26,0.685,0.906,1
62,8368,0.529,1,3,2,1,9,0.606,0.581,34.21,0.624,0.685,1
100,8369,0.777,3,1,3,2,9,0.89,0.977,30.69,0.806,0.798,1
19,8370,0.574,2,3,2,2,13,0.854,0.78,39.1,0.754,0.845,1
17,8371,0.72,3,5,1,3,11,0.845,0.776,48.6,0.83,0.848,1
69,8372,0.871,1,3,1,2,10,0.653,0.683,44.78,0.816,0.922,1
39,8373,0.834,1,3,1,2,7,0.834,0.745,36.23,0.815,0.873,1
82,8374,0.943,2,3,1,2,14,0.83,0.806,32.42,0.907,0.994,1
71,8375,0.55,2,3,2,2,6,0.712,0.678,38.93,0.734,0.813,0
81,8376,0.7,1,1,1,1,4,0.684,0.615,28.88,0.757,0.683,1
39,8377,0.743,3,2,2,2,14,0.862,0.79,23.17,0.88,0.9,1
36,8378,0.755,3,4,1,1,12,0.788,0.643,37.35,0.941,0.864,0
40,8379,0.567,1,1,1,2,14,0.68,0.775,37.22,0.828,0.751,1
45,8380,0.552,3,3,0,3,4,0.602,0.585,33.21,0.784,0.835,0
4,8381,0.903,2,3,2,2,13,0.887,0.843,30.8,0.964,0.892,1
25,8382,0.724,0,2,0,2,14,0.741,0.823,44.86,0.837,0.898,1
69,8383,0.393,1,3,1,3,8,0.697,0.675,43.26,0.717,0.713,0
30,8384,0.658,0,1,0,1,7,0.729,0.684,49.72,0.725,0.75,1
76,8385,0.905,0,2,3,1,9,0.903,0.739,27.62,0.767,0.868,1
68,8386,0.953,1,2,1,3,11,0.831,0.816,32.29,0.779,0.952,1
88,8387,0.807,2,2,0,2,6,0.877,0.856,23.79,0.879,0.892,0
29,8388,0.512,1,3,0,2,7,0.707,0.724,42.45,0.747,0.713,1
73,8389,0.895,1,6,4,2,6,0.679,0.685,43.8,0.79,0.847,1
68,8390,0.668,1,4,0,2,3,0.752,0.806,49.77,0.696,0.756,1
51,8391,0.364,1,2,3,1,9,0.62,0.616,34.48,0.731,0.732,0
24,8392,0.806,2,3,0,2,4,0.751,0.845,48.05,0.89,0.785,1
14,8393,0.908,1,3,1,2,2,0.873,0.894,35.76,0.767,0.909,1
69,8394,0.843,2,1,0,2,11,0.773,0.874,30.1,0.798,0.791,1
18,8395,0.558,0,2,1,1,1,0.662,0.699,34.44,0.661,0.852,0
42,8396,0.722,1,5,3,2,12,0.796,0.578,43.3,0.71,0.846,0
57,8397,0.312,3,2,0,3,5,0.734,0.75,35.39,0.794,0.828,1
83,8398,0.841,2,4,0,3,13,0.83,0.802,37.78,0.828,0.871,1
12,8399,0.638,2,4,0,3,12,0.759,0.877,46.83,0.853,0.758,1
82,8400,0.513,0,1,2,2,4,0.656,0.634,39.11,0.877,0.816,1
17,8401,0.483,2,6,1,2,4,0.625,0.79,49.16,0.769,0.66,0
30,8402,0.504,3,0,1,3,1,0.793,0.709,27.5,0.8,0.731,1
88,8403,0.876,1,2,2,2,2,0.736,0.776,32.37,0.757,0.861,1
75,8404,0.395,1,2,0,2,2,0.495,0.668,29.26,0.712,0.604,0
99,8405,0.671,2,3,2,1,10,0.765,0.702,46.7,0.698,0.852,1
23,8406,0.758,0,2,2,2,1,0.661,0.675,41.54,0.831,0.782,0
81,8407,0.774,3,1,1,3,13,0.837,0.864,36.59,0.998,1.0,1
1,8408,0.866,2,2,0,1,6,0.977,0.754,30.42,0.695,1.0,1
79,8409,0.383,1,4,0,2,9,0.748,0.969,50.08,0.855,0.719,1
32,8410,0.653,1,1,0,2,7,0.668,0.882,29.06,0.706,0.798,1
9,8411,0.923,1,1,2,2,1,0.861,0.842,37.41,0.84,0.888,1
15,8412,0.455,1,1,1,3,1,0.647,0.756,29.49,0.737,0.786,0
28,8413,0.719,2,4,0,1,4,0.669,0.691,38.89,0.767,0.903,1
24,8414,0.718,1,1,1,3,7,0.737,0.748,34.36,0.686,0.752,1
60,8415,0.712,1,3,1,1,4,0.658,0.623,33.37,0.639,0.862,1
35,8416,0.402,1,6,1,2,13,0.723,0.656,57.5,0.722,0.72,1
86,8417,0.77,2,2,3,3,3,0.769,0.683,34.78,0.898,0.907,1
27,8418,0.664,1,4,1,1,2,0.794,0.766,44.7,0.779,0.829,0
83,8419,0.687,0,3,1,2,13,0.581,0.674,45.2,0.555,0.798,1
76,8420,0.695,1,3,1,2,13,0.601,0.65,41.72,0.701,0.751,0
20,8421,0.842,1,3,2,2,6,0.77,0.8,36.07,0.909,0.998,0
65,8422,0.871,3,1,2,2,11,0.658,0.785,22.37,0.928,0.871,1
85,8423,0.62,2,3,0,2,4,0.748,0.749,36.96,0.73,0.791,0
49,8424,0.769,1,1,5,3,7,0.887,0.856,33.22,0.718,0.93,0
1,8425,0.668,3,5,1,2,8,0.755,0.716,36.4,0.803,0.765,1
10,8426,0.863,1,2,2,3,3,0.787,0.673,35.57,0.806,0.894,1
47,8427,0.89,2,3,2,3,11,0.809,0.85,28.71,0.875,0.905,1
59,8428,0.621,2,4,0,2,13,0.667,0.596,40.62,0.821,0.818,1
96,8429,0.858,2,2,1,2,5,0.801,0.955,28.4,0.864,0.848,1
62,8430,0.58,2,8,4,2,9,0.743,0.753,59.74,0.794,0.856,0
86,8431,0.865,3,1,4,2,10,1.0,0.866,26.66,0.955,0.937,1
18,8432,0.775,2,2,3,2,13,0.863,0.735,34.39,0.877,0.946,1
46,8433,0.928,1,3,1,2,6,0.807,0.751,38.01,0.783,0.956,1
32,8434,0.957,1,1,1,2,5,0.832,0.877,29.85,0.796,0.973,1
27,8435,0.668,1,8,0,3,3,0.698,0.695,51.78,0.874,0.89,0
92,8436,0.74,2,4,1,2,14,0.742,0.599,41.91,0.753,0.749,1
18,8437,0.901,1,4,2,3,5,0.79,0.67,45.59,0.747,0.857,1
39,8438,0.724,0,3,1,1,12,0.741,0.725,39.97,0.568,0.869,1
49,8439,0.795,2,1,1,2,6,0.663,0.824,35.54,0.645,0.794,0
93,8440,0.876,2,2,1,3,5,0.723,0.82,32.2,0.824,0.867,1
82,8441,0.81,1,5,0,1,9,0.772,0.735,45.4,0.774,0.906,1
44,8442,0.953,1,3,2,2,8,0.767,0.881,28.88,0.795,0.895,0
72,8443,0.428,1,3,2,3,11,0.487,0.486,42.38,0.602,0.647,1
54,8444,0.513,1,2,2,3,13,0.736,0.849,45.89,0.599,0.691,1
95,8445,0.817,2,3,1,3,13,0.794,0.774,32.63,0.814,1.0,1
34,8446,0.795,1,2,2,2,7,0.79,0.851,37.1,0.768,0.885,1
71,8447,0.666,2,3,1,1,7,0.635,0.735,37.1,0.864,0.779,1
36,8448,0.894,1,3,2,3,13,0.804,0.683,36.03,0.837,0.962,1
18,8449,0.806,1,4,0,1,14,0.681,0.877,42.81,0.715,0.825,1
38,8450,0.916,3,4,3,2,14,1.0,0.927,28.26,0.85,0.985,1
59,8451,0.635,2,3,3,1,6,0.664,0.745,45.84,0.714,0.857,1
9,8452,0.569,1,4,2,3,3,0.669,0.842,45.71,0.79,0.731,1
73,8453,0.891,3,4,2,2,5,0.763,0.625,24.3,0.973,0.967,1
72,8454,0.608,1,1,2,3,13,0.756,0.892,28.84,0.634,0.811,0
51,8455,0.557,3,2,2,2,6,0.864,0.749,31.29,0.931,0.797,0
35,8456,0.402,1,4,1,2,6,0.674,0.683,44.72,0.682,0.727,1
82,8457,0.775,3,3,0,2,3,0.864,0.675,41.17,0.813,0.921,1
5,8458,0.819,1,1,3,3,3,0.865,0.751,37.67,0.784,0.926,1
14,8459,0.626,3,5,0,1,10,0.693,0.703,37.43,0.874,0.872,1
92,8460,0.627,2,7,1,2,12,0.668,0.594,57.98,0.771,0.799,0
30,8461,0.651,1,2,1,3,1,0.798,0.807,38.87,0.741,0.814,1
4,8462,0.959,3,2,1,3,4,0.872,0.789,21.66,1.0,0.842,1
39,8463,0.665,1,4,2,2,2,0.581,0.688,33.39,0.77,0.807,0
84,8464,0.796,2,4,2,2,14,0.706,0.68,40.28,0.858,0.796,1
64,8465,0.856,2,4,3,2,11,0.829,0.741,43.04,0.936,0.909,1
25,8466,0.752,2,5,1,2,14,0.691,0.815,40.17,0.996,0.919,1
28,8467,0.8,1,3,0,1,4,0.742,0.726,34.5,0.698,0.914,1
76,8468,0.708,3,3,1,3,4,0.736,0.803,37.65,0.95,0.953,1
66,8469,0.735,2,3,1,1,9,0.77,0.724,40.29,0.839,0.938,1
78,8470,0.718,0,1,0,2,11,0.637,0.579,37.96,0.714,0.805,1
22,8471,0.736,0,3,1,3,8,0.651,0.754,37.31,0.652,0.734,1
31,8472,0.396,2,4,0,3,14,0.679,0.742,39.23,0.594,0.744,0
23,8473,0.887,3,1,1,2,2,0.899,0.757,24.28,0.937,0.833,1
48,8474,0.84,2,2,1,3,12,0.888,0.771,25.91,0.817,0.827,1
20,8475,0.716,1,1,2,2,7,0.692,0.741,38.64,0.748,0.848,1
38,8476,0.873,1,4,1,1,6,0.71,0.89,33.75,0.655,0.987,0
55,8477,0.502,2,5,0,1,14,0.568,0.712,47.48,0.732,0.777,0
68,8478,0.907,1,3,4,1,14,0.829,0.821,29.55,0.763,0.879,1
79,8479,0.54,1,8,1,2,7,0.62,0.578,61.58,0.671,0.743,0
88,8480,0.647,2,6,2,2,7,0.613,0.523,45.4,0.695,0.782,0
89,8481,0.913,1,2,1,2,7,0.824,0.866,32.27,0.737,0.915,0
1,8482,0.295,1,4,0,1,3,0.758,0.652,50.64,0.59,0.652,0
7,8483,0.904,1,3,1,3,11,0.907,0.721,36.75,0.825,0.93,1
57,8484,0.352,2,6,1,2,10,0.722,0.765,61.09,0.675,0.794,1
95,8485,0.843,2,2,0,1,12,0.803,0.693,27.52,0.861,0.872,1
12,8486,0.707,2,5,2,2,4,0.722,0.7,45.41,0.843,0.782,1
5,8487,0.587,2,1,1,2,8,0.831,0.842,25.38,0.81,0.791,1
50,8488,0.842,0,4,1,2,7,0.746,0.772,51.27,0.695,1.0,0
42,8489,0.877,3,5,2,2,9,0.848,0.81,29.91,0.898,0.811,1
12,8490,0.708,2,5,2,2,8,0.708,0.709,47.09,0.852,0.8,1
18,8491,0.889,3,5,0,1,1,0.958,0.906,35.35,0.98,0.933,1
66,8492,0.562,3,7,2,1,10,0.672,0.561,40.5,0.913,0.666,0
74,8493,0.542,2,2,3,3,9,0.978,0.793,47.91,0.731,0.835,1
79,8494,0.468,3,2,1,2,12,0.895,0.95,29.43,0.859,0.789,1
94,8495,0.794,1,5,3,1,8,0.591,0.513,46.83,0.662,0.835,0
17,8496,0.761,1,5,3,1,2,0.75,0.743,48.44,0.748,0.887,0
68,8497,0.721,0,3,0,3,4,0.699,0.571,41.24,0.61,0.843,0
71,8498,0.902,2,4,2,2,12,0.775,0.765,34.97,0.867,0.96,0
62,8499,0.746,2,1,2,1,11,0.681,0.758,29.07,0.815,0.834,1
41,8500,0.885,3,1,1,3,1,0.907,0.88,19.9,0.945,0.862,1
95,8501,0.328,2,3,4,2,12,0.657,0.653,38.8,0.7,0.784,1
34,8502,0.68,2,4,0,3,14,0.889,0.738,42.39,0.878,0.847,0
70,8503,0.398,3,1,1,3,14,0.848,0.705,42.29,0.802,0.732,1
45,8504,0.576,2,4,0,2,3,0.753,0.814,41.82,0.85,0.75,1
58,8505,0.843,1,2,1,3,5,0.763,0.811,36.71,0.849,0.803,0
51,8506,0.778,3,2,0,3,2,0.869,0.806,25.64,0.871,0.95,0
34,8507,0.685,2,2,1,2,1,0.853,0.878,41.71,0.799,0.868,1
44,8508,0.296,2,3,1,2,11,0.691,0.792,48.56,0.69,0.717,1
15,8509,0.529,2,6,1,1,9,0.835,0.767,49.24,0.717,0.848,0
78,8510,0.537,0,6,2,3,3,0.695,0.628,64.24,0.611,0.733,0
70,8511,0.78,1,1,1,3,12,0.86,0.677,35.67,0.767,0.967,1
50,8512,0.836,1,2,2,2,14,0.859,0.759,33.11,0.764,0.799,0
32,8513,0.664,1,4,1,3,12,0.543,0.643,48.96,0.736,0.728,1
67,8514,0.81,3,5,3,2,1,0.826,0.682,34.16,0.994,0.851,1
3,8515,0.421,2,5,0,1,6,0.677,0.724,51.8,0.58,0.744,0
86,8516,0.405,0,2,2,3,11,0.644,0.613,58.97,0.731,0.734,0
86,8517,0.817,1,3,4,3,4,0.85,0.722,34.84,0.822,0.907,1
74,8518,0.91,2,4,1,2,4,0.934,0.694,37.19,0.915,0.958,1
51,8519,0.886,1,2,1,2,1,0.621,0.755,43.23,0.824,0.741,1
67,8520,0.836,0,2,2,3,1,0.774,0.807,38.44,0.716,0.855,0
76,8521,0.765,1,7,1,2,10,0.87,0.696,53.42,0.647,0.862,0
93,8522,0.675,2,2,0,2,3,0.764,0.856,34.14,0.913,0.827,1
48,8523,0.825,3,4,2,2,14,0.856,0.809,34.96,0.901,1.0,1
17,8524,0.948,3,4,2,2,14,0.89,0.776,29.62,1.0,0.959,1
7,8525,0.782,2,4,2,2,8,0.717,0.696,36.86,0.831,0.89,0
13,8526,0.945,2,0,2,2,10,0.864,0.963,18.93,0.985,0.872,1
66,8527,0.939,2,2,3,2,13,0.961,0.819,36.85,0.867,0.975,1
4,8528,0.475,1,6,0,3,4,0.708,0.756,45.97,0.677,0.71,0
10,8529,0.789,1,5,1,2,14,0.693,0.748,41.17,0.649,0.987,1
88,8530,0.643,0,4,0,2,11,0.683,0.829,50.59,0.635,0.749,1
17,8531,0.757,0,3,0,2,14,0.576,0.661,41.44,0.577,0.766,0
52,8532,0.579,1,5,3,2,2,0.511,0.643,58.9,0.8,0.827,0
6,8533,0.68,2,3,1,2,5,0.889,0.782,35.7,0.862,0.802,1
83,8534,0.765,1,5,0,2,8,0.786,0.579,48.4,0.867,0.982,1
69,8535,0.731,1,2,0,3,9,0.824,0.726,38.11,0.914,0.924,1
96,8536,0.66,2,6,0,2,5,0.732,0.69,46.24,0.787,0.857,1
74,8537,0.426,2,5,0,2,3,0.672,0.652,40.45,0.722,0.744,0
9,8538,0.862,0,2,2,3,6,0.644,0.857,39.56,0.849,0.711,0
91,8539,0.46,2,3,0,2,6,0.749,0.629,40.71,0.632,0.797,1
77,8540,0.644,2,3,1,3,11,0.796,0.678,46.89,0.806,0.829,1
83,8541,0.876,1,2,4,3,5,0.851,0.763,37.98,0.664,0.895,0
21,8542,0.92,3,1,3,2,10,0.979,0.923,10.01,0.932,0.968,1
24,8543,0.905,0,3,0,2,1,0.74,0.789,41.03,0.822,0.834,1
4,8544,0.749,2,4,2,1,4,0.804,0.785,39.64,0.788,0.884,1
24,8545,0.755,1,4,2,2,4,0.77,0.658,51.1,0.819,0.774,0
59,8546,0.826,1,6,1,3,4,0.683,0.673,42.09,0.828,0.816,1
99,8547,0.847,1,3,0,2,6,0.723,0.798,32.78,0.72,0.887,1
3,8548,0.655,2,4,0,3,4,0.751,0.784,41.3,0.934,0.757,1
68,8549,0.856,2,1,0,2,1,0.795,0.685,26.11,0.862,0.968,1
40,8550,0.827,3,4,1,3,14,0.927,0.744,32.95,0.988,0.853,1
48,8551,0.508,2,3,0,2,7,0.809,0.717,47.68,0.762,0.792,1
54,8552,0.658,3,2,0,1,14,0.863,0.871,31.13,0.774,0.851,1
35,8553,0.586,1,1,2,3,11,0.926,0.83,31.78,0.825,0.803,1
95,8554,0.885,1,2,3,1,12,0.938,0.827,31.67,0.674,0.892,1
56,8555,0.814,1,2,0,3,6,0.647,0.766,27.56,0.766,0.876,1
89,8556,0.689,3,0,0,1,8,0.974,0.981,15.31,0.786,0.892,1
40,8557,0.987,1,3,2,2,6,0.792,0.762,29.53,0.805,0.904,1
77,8558,0.45,3,7,0,1,14,0.782,0.731,45.08,0.912,0.851,0
68,8559,0.693,0,0,1,2,3,0.672,0.63,45.43,0.645,0.786,1
46,8560,0.84,3,0,0,1,1,0.932,0.93,17.71,0.976,0.991,1
78,8561,0.803,2,7,0,2,4,0.682,0.76,48.86,0.825,0.825,1
13,8562,0.891,2,4,1,2,5,0.769,0.758,38.35,0.792,0.857,1
27,8563,0.62,3,1,0,2,11,0.859,0.976,27.97,0.852,0.894,1
6,8564,0.874,3,6,1,1,9,0.966,0.928,36.03,0.96,0.909,1
17,8565,0.368,3,3,2,2,7,0.653,0.742,39.16,0.602,0.742,1
36,8566,0.545,2,2,2,3,7,0.712,0.843,34.03,0.677,0.669,1
99,8567,0.901,3,1,1,3,1,0.941,0.715,26.76,0.96,0.896,1
81,8568,0.458,2,5,2,2,2,0.601,0.509,41.12,0.819,0.733,1
2,8569,0.409,3,3,2,3,10,0.909,0.694,39.26,0.762,0.763,0
77,8570,0.649,2,3,0,2,6,0.764,0.676,42.22,0.808,0.952,0
52,8571,0.391,2,2,0,2,3,0.873,0.712,43.72,0.795,0.882,1
66,8572,0.874,2,2,4,2,12,0.677,0.642,32.95,0.681,0.933,0
52,8573,0.829,2,3,1,2,7,0.757,0.768,33.5,0.821,0.844,1
92,8574,0.783,2,3,2,2,7,0.821,0.769,47.78,0.833,0.907,1
43,8575,0.966,2,5,0,2,14,0.789,0.766,35.34,0.811,0.942,1
90,8576,0.855,1,3,1,2,10,0.633,0.753,37.34,0.654,0.861,1
22,8577,0.62,2,7,2,3,11,0.634,0.785,58.71,0.681,0.731,0
55,8578,0.604,2,10,1,1,4,0.607,0.648,58.41,0.738,0.732,0
67,8579,0.581,3,4,4,2,2,0.819,0.724,28.25,0.8,0.726,0
99,8580,0.578,2,3,0,3,3,0.734,0.672,31.0,0.855,0.78,0
60,8581,0.487,2,5,2,2,14,0.731,0.553,51.48,0.8,0.737,1
58,8582,0.954,1,5,1,2,9,0.866,0.741,37.39,0.752,0.89,1
12,8583,0.952,3,1,1,2,11,0.995,0.754,20.12,1.0,0.951,1
88,8584,0.748,0,1,1,3,7,0.817,0.816,43.87,0.735,0.815,1
69,8585,0.913,3,2,1,3,6,0.932,0.849,27.61,0.742,0.824,1
84,8586,0.394,2,2,2,1,5,0.709,0.718,40.15,0.857,0.75,0
39,8587,0.961,1,7,0,3,2,0.662,0.8,44.34,0.836,0.979,1
13,8588,0.482,3,3,0,2,4,0.756,0.775,40.81,0.692,0.733,1
41,8589,0.797,1,1,0,2,5,0.775,0.849,36.7,0.792,0.914,1
57,8590,0.851,1,5,3,3,12,0.773,0.68,49.94,0.812,0.85,0
53,8591,0.908,1,4,1,2,8,0.787,0.649,39.6,0.523,0.899,1
12,8592,0.887,3,5,1,2,14,0.967,0.743,30.5,1.0,0.982,1
13,8593,0.592,2,6,1,3,1,0.834,0.618,45.87,0.767,0.87,1
74,8594,0.802,3,3,0,2,9,0.792,0.712,33.55,0.959,0.914,1
97,8595,0.87,1,4,1,1,5,0.771,0.678,38.15,0.802,0.92,1
57,8596,0.793,0,2,1,2,14,0.787,0.778,38.79,0.774,0.809,1
40,8597,0.736,2,6,1,3,14,0.672,0.717,47.56,0.76,0.941,1
80,8598,0.372,2,3,1,2,8,0.703,0.739,47.04,0.62,0.67,0
45,8599,0.577,2,2,3,2,2,0.906,0.824,44.03,0.727,0.913,1
35,8600,0.65,2,1,0,2,9,0.855,0.833,34.02,0.854,0.904,1
3,8601,0.644,1,2,0,2,5,0.642,0.803,31.95,0.631,0.712,1
5,8602,0.663,0,3,1,3,12,0.756,0.757,51.2,0.714,0.909,1
90,8603,0.637,2,3,0,2,5,0.756,0.682,39.98,0.686,0.766,1
11,8604,0.755,1,4,0,3,6,0.693,0.598,48.62,0.784,1.0,0
71,8605,0.92,3,1,0,2,13,0.995,0.803,27.97,0.808,0.975,1
56,8606,0.173,3,1,2,2,14,0.804,0.784,47.18,0.625,0.529,1
10,8607,0.62,3,0,2,2,5,0.765,0.655,28.43,0.811,0.92,1
34,8608,0.592,1,1,0,2,4,0.757,0.687,34.7,0.64,0.796,1
67,8609,0.816,1,1,2,2,10,0.852,0.702,30.11,0.85,0.974,1
72,8610,0.827,2,4,4,3,6,0.674,0.699,30.53,0.757,0.877,0
31,8611,0.93,2,2,4,2,10,0.893,0.761,28.91,0.942,0.958,1
75,8612,0.632,3,2,2,2,2,0.727,0.712,39.7,0.909,0.88,1
71,8613,0.699,3,4,0,2,14,0.817,0.731,30.83,0.917,0.809,1
66,8614,0.741,1,2,1,2,12,0.734,0.683,51.68,0.756,0.937,1
70,8615,0.481,3,2,1,1,5,0.67,0.683,36.68,0.648,0.83,1
41,8616,0.608,1,8,1,1,5,0.573,0.62,58.28,0.774,0.737,0
63,8617,0.865,3,3,0,2,9,0.818,0.795,36.09,0.785,0.94,1
32,8618,0.849,2,5,2,2,10,0.833,0.677,35.35,0.831,0.899,1
20,8619,0.922,2,2,0,1,6,0.859,0.652,23.83,0.928,0.867,1
57,8620,0.937,2,2,4,2,6,0.93,0.831,34.42,0.929,0.971,1
98,8621,0.815,3,1,1,2,3,0.913,0.73,26.25,0.95,0.952,1
50,8622,0.816,2,4,1,1,8,0.735,0.684,45.58,0.779,0.889,1
80,8623,0.388,3,4,1,2,6,0.649,0.779,47.14,0.719,0.734,0
25,8624,0.416,1,8,0,2,5,0.553,0.624,59.52,0.564,0.704,0
12,8625,0.798,3,5,0,1,6,0.856,0.859,41.98,0.887,1.0,1
71,8626,0.893,3,7,2,2,8,0.922,0.745,42.11,0.78,1.0,1
39,8627,0.63,2,1,0,2,14,0.913,0.669,33.07,0.817,0.891,1
17,8628,0.741,3,7,1,2,9,0.846,0.794,47.96,0.891,0.884,1
45,8629,0.86,1,2,0,2,6,0.792,0.705,45.56,0.734,0.872,1
11,8630,0.494,3,2,2,1,10,0.732,0.723,30.62,0.875,0.808,1
70,8631,0.594,1,3,4,2,2,0.651,0.661,39.76,0.768,0.756,1
23,8632,0.739,2,5,0,2,2,0.717,0.594,44.56,0.891,0.87,1
91,8633,0.634,2,3,2,3,3,0.693,0.663,40.09,0.876,0.815,0
70,8634,0.672,2,0,2,2,11,0.693,0.738,28.24,0.754,0.802,1
38,8635,0.775,2,6,1,2,13,0.804,0.814,47.47,0.759,0.894,0
2,8636,0.847,1,3,1,2,12,0.788,0.743,46.01,0.92,0.894,1
86,8637,0.615,3,4,0,2,14,0.876,0.729,41.41,0.93,0.839,0
84,8638,0.521,0,2,0,3,13,0.645,0.651,50.46,0.602,0.746,1
89,8639,0.89,2,4,0,1,10,0.858,0.807,33.43,0.872,0.88,1
79,8640,0.574,3,1,0,1,7,0.921,0.864,22.27,0.76,0.769,1
93,8641,0.815,3,3,0,2,14,0.855,0.865,37.16,0.913,0.888,1
72,8642,0.901,2,2,1,3,13,0.865,0.711,29.26,0.942,0.959,1
37,8643,0.93,2,4,0,2,7,0.776,0.559,33.28,0.826,0.962,1
49,8644,0.743,2,3,2,3,11,0.719,0.79,34.8,0.714,0.78,1
52,8645,0.857,2,4,1,3,3,0.834,0.748,33.08,0.861,0.911,1
33,8646,0.578,2,3,0,2,6,0.752,0.7,36.66,0.784,0.837,1
22,8647,0.657,2,6,1,3,12,0.72,0.633,43.95,0.796,0.83,1
5,8648,0.67,2,2,1,2,5,0.778,0.742,33.84,0.88,0.89,1
18,8649,0.603,2,1,2,3,5,0.721,0.728,28.63,0.6,0.725,0
38,8650,0.665,2,0,2,2,12,0.717,0.668,41.01,0.75,0.709,0
37,8651,0.783,2,5,1,3,10,0.804,0.678,41.11,0.783,0.932,1
94,8652,0.393,0,2,0,2,8,0.606,0.621,53.5,0.57,0.731,1
95,8653,0.825,3,2,2,2,12,0.888,0.834,23.06,0.916,1.0,1
64,8654,0.48,3,1,2,2,12,0.878,0.761,28.39,0.842,0.789,1
10,8655,0.891,1,4,1,2,8,0.72,0.688,39.23,0.784,0.935,1
79,8656,0.643,2,2,0,3,8,0.759,0.737,32.6,0.647,0.825,0
42,8657,0.606,2,2,0,2,4,0.73,0.655,38.35,0.815,0.76,0
48,8658,0.664,1,2,1,2,3,0.789,0.605,40.58,0.772,0.841,0
44,8659,0.596,1,3,1,3,4,0.615,0.779,37.73,0.756,0.826,1
82,8660,0.46,0,0,2,1,13,0.762,0.736,45.44,0.506,0.734,1
87,8661,0.836,2,1,1,1,7,0.971,0.838,26.88,0.836,0.953,1
97,8662,0.753,1,2,1,2,8,0.74,0.785,39.29,0.747,0.78,0
16,8663,0.62,1,3,1,2,14,0.641,0.574,48.29,0.758,0.755,1
54,8664,0.434,1,4,2,2,8,0.606,0.729,58.3,0.57,0.703,0
35,8665,0.478,1,0,0,1,13,0.745,0.73,38.65,0.801,0.846,1
98,8666,0.564,2,2,3,2,11,0.857,0.825,30.9,0.771,0.857,0
28,8667,0.63,2,3,2,3,11,0.759,0.771,36.51,0.78,0.808,1
2,8668,0.835,1,3,0,2,1,0.725,0.671,34.81,0.729,0.888,0
94,8669,0.68,2,4,0,2,2,0.784,0.804,40.9,0.85,0.837,1
13,8670,0.968,1,2,0,2,6,0.628,0.785,33.15,0.825,0.863,1
41,8671,0.468,2,3,1,3,3,0.679,0.77,47.7,0.759,0.665,1
80,8672,0.685,1,2,0,3,14,0.726,0.781,25.15,0.72,0.818,1
59,8673,0.236,2,3,1,3,1,0.616,0.581,45.58,0.727,0.662,1
69,8674,0.588,1,2,3,2,6,0.718,0.81,37.87,0.733,0.75,0
92,8675,0.468,2,2,0,2,4,0.831,0.857,36.21,0.619,0.778,1
53,8676,0.676,2,2,0,3,9,0.755,0.764,32.93,0.696,0.818,1
45,8677,0.676,0,2,1,2,9,0.681,0.654,49.95,0.794,0.895,1
20,8678,0.488,2,2,1,3,9,0.808,0.812,43.03,0.691,0.784,1
24,8679,0.86,2,1,4,1,8,0.855,0.691,27.53,0.733,1.0,1
61,8680,0.779,2,4,4,2,9,0.643,0.707,35.23,0.714,0.884,1
91,8681,0.867,1,4,1,1,4,0.716,0.666,45.82,0.774,0.955,1
94,8682,0.886,2,2,0,1,2,0.817,0.65,23.14,0.841,0.918,1
58,8683,0.698,1,2,0,2,13,0.633,0.761,39.52,0.677,0.955,1
27,8684,0.707,2,4,1,2,1,0.69,0.883,40.94,0.839,0.886,0
26,8685,0.528,0,4,2,2,12,0.698,0.779,53.42,0.63,0.651,1
7,8686,0.871,2,4,2,2,5,0.82,0.704,39.75,0.808,0.799,1
42,8687,0.804,0,2,3,2,9,0.633,0.644,39.66,0.664,0.795,1
47,8688,0.612,3,3,0,3,13,0.938,0.911,32.75,0.717,0.876,1
53,8689,0.893,3,3,0,3,10,0.832,0.662,35.07,0.815,0.945,1
59,8690,0.802,3,2,0,3,8,0.855,0.783,23.16,0.92,0.897,1
38,8691,0.805,3,5,2,2,9,0.894,0.753,39.68,0.844,0.869,1
69,8692,0.902,3,2,0,1,5,0.891,0.866,19.62,1.0,0.953,1
87,8693,0.823,3,1,0,1,1,1.0,0.781,30.99,0.901,0.935,1
92,8694,0.94,1,3,1,3,5,0.773,0.814,48.08,0.748,0.993,1
98,8695,0.637,2,2,2,2,1,0.551,0.636,31.0,0.673,0.788,0
53,8696,0.524,0,0,1,1,4,0.601,0.735,40.58,0.634,0.742,0
15,8697,0.888,2,1,1,2,8,0.93,0.768,37.63,0.884,1.0,1
96,8698,0.876,2,4,1,2,9,0.765,0.654,38.24,0.618,0.952,1
26,8699,0.731,3,4,3,3,7,0.782,0.878,38.15,0.851,0.919,1
48,8700,0.73,3,4,3,2,3,0.864,0.806,41.91,0.97,0.898,1
95,8701,0.952,1,5,1,2,11,0.832,0.795,43.89,0.862,0.887,1
19,8702,0.336,2,2,3,2,3,0.715,0.665,32.14,0.668,0.774,1
9,8703,0.497,2,4,1,1,6,0.695,0.758,48.71,0.664,0.746,0
64,8704,0.614,2,1,0,2,6,0.717,0.811,41.57,0.65,0.785,1
93,8705,0.713,2,4,0,2,14,0.711,0.588,40.44,0.84,0.811,1
54,8706,0.709,3,1,1,2,6,0.812,0.692,19.51,0.876,0.878,1
51,8707,0.826,3,1,0,3,4,0.851,0.901,21.48,0.938,0.875,1
39,8708,0.836,1,2,0,2,3,0.612,0.784,42.22,0.752,0.851,1
4,8709,0.938,1,3,1,1,11,0.879,0.73,31.62,0.84,0.97,1
3,8710,0.951,2,3,1,3,2,0.964,0.815,23.58,0.906,0.989,1
64,8711,0.732,2,7,2,2,9,0.876,0.589,61.73,0.791,0.896,1
29,8712,0.967,2,5,0,1,13,0.749,0.76,39.43,0.943,0.942,1
11,8713,0.891,3,2,0,2,2,0.825,0.831,31.77,0.94,0.947,1
97,8714,0.851,1,7,1,2,13,0.541,0.704,55.56,0.778,0.76,1
58,8715,0.685,2,3,3,2,10,0.875,0.857,44.17,0.775,0.83,1
75,8716,0.848,3,1,2,2,14,0.889,0.694,22.04,0.937,0.835,1
27,8717,0.399,2,4,0,2,14,0.772,0.609,43.35,0.659,0.696,0
97,8718,0.692,2,4,2,2,14,0.816,0.723,37.67,0.887,0.815,1
21,8719,0.761,1,3,0,1,10,0.838,0.629,36.46,0.788,0.911,1
39,8720,0.856,1,4,1,1,5,0.696,0.685,40.59,0.69,0.821,1
95,8721,0.721,1,2,0,2,10,0.648,0.628,38.15,0.669,0.671,1
46,8722,0.77,2,2,0,2,14,0.696,0.711,32.58,0.745,0.749,1
66,8723,0.879,2,2,2,2,6,0.823,0.69,27.4,0.82,0.954,1
91,8724,0.353,3,7,2,1,8,0.699,0.72,50.25,0.757,0.66,1
36,8725,0.782,1,3,2,3,6,0.603,0.806,36.91,0.737,0.851,1
75,8726,0.604,1,4,0,2,5,0.726,0.688,54.06,0.862,0.758,1
82,8727,0.712,1,1,1,2,1,0.724,0.81,42.13,0.833,0.838,1
65,8728,0.607,2,3,2,3,7,0.623,0.648,35.77,0.844,0.785,0
63,8729,0.752,3,4,0,1,6,0.833,0.68,30.81,0.804,0.808,1
99,8730,0.664,3,2,1,2,1,0.812,0.712,27.92,0.771,0.922,1
35,8731,0.419,2,1,1,2,12,0.754,0.689,28.03,0.718,0.699,1
31,8732,0.736,0,7,4,2,8,0.615,0.614,57.04,0.608,0.914,0
28,8733,0.787,1,3,0,1,1,0.78,0.79,39.05,0.767,0.835,1
1,8734,0.769,3,2,1,3,9,0.787,0.821,23.66,0.851,0.921,1
25,8735,0.65,2,5,0,3,7,0.757,0.654,35.75,0.735,0.7,1
43,8736,0.772,1,10,3,1,8,0.688,0.656,49.08,0.7,0.66,1
84,8737,0.782,2,2,0,2,1,0.789,0.736,36.65,0.727,0.895,1
67,8738,0.473,0,2,3,1,2,0.542,0.74,52.65,0.645,0.752,0
63,8739,0.421,2,4,0,2,13,0.508,0.664,46.21,0.709,0.76,0
51,8740,0.508,3,3,2,2,10,0.704,0.745,36.57,0.722,0.8,1
2,8741,0.663,0,5,4,3,10,0.639,0.659,48.89,0.738,0.713,0
82,8742,0.793,2,1,2,3,6,0.836,0.818,41.02,0.887,0.952,1
64,8743,0.491,1,2,3,1,4,0.673,0.554,41.04,0.637,0.748,0
74,8744,0.794,3,2,0,2,11,1.0,0.818,28.52,1.0,0.78,1
69,8745,0.627,0,2,0,3,1,0.814,0.834,45.96,0.706,0.722,1
9,8746,0.969,2,7,0,2,4,0.811,0.712,56.28,0.846,0.798,1
2,8747,0.409,1,2,1,1,10,0.637,0.645,56.66,0.549,0.787,0
34,8748,0.844,3,3,1,1,7,0.905,0.836,28.12,0.954,0.945,1
60,8749,0.66,1,3,1,1,8,0.592,0.723,46.88,0.79,0.835,0
61,8750,0.703,2,3,2,2,2,0.851,0.888,36.33,0.824,0.83,1
31,8751,0.758,1,2,1,3,8,0.709,0.789,39.8,0.835,0.916,1
10,8752,0.874,2,1,1,2,9,0.795,0.726,24.2,0.93,0.881,1
76,8753,0.926,1,4,1,2,2,0.955,0.78,39.88,0.849,0.949,1
36,8754,0.621,1,4,1,2,5,0.725,0.784,40.66,0.61,0.699,0
85,8755,0.759,2,1,0,2,5,0.849,0.867,29.07,0.818,0.911,1
49,8756,0.229,3,3,1,2,9,0.644,0.602,40.19,0.715,0.723,1
70,8757,0.909,2,4,2,2,12,0.84,0.635,39.99,0.823,0.971,1
49,8758,0.746,1,2,2,2,9,0.762,0.592,42.4,0.855,0.931,1
3,8759,0.645,2,5,3,2,5,0.738,0.641,48.39,0.694,0.856,0
74,8760,0.895,2,6,1,1,14,0.866,0.775,41.5,0.848,0.913,0
5,8761,0.611,2,2,2,3,9,0.848,0.704,30.06,0.919,0.846,1
90,8762,0.867,1,4,1,1,11,0.65,0.742,40.12,0.862,0.881,1
61,8763,0.766,3,0,1,2,9,0.798,0.891,14.61,0.906,0.872,1
85,8764,0.353,1,3,1,1,2,0.769,0.642,48.39,0.685,0.865,1
90,8765,0.759,1,2,0,1,7,0.965,0.736,35.75,0.867,0.864,1
26,8766,0.766,1,4,3,2,6,0.777,0.69,45.24,0.893,0.824,1
72,8767,0.929,3,6,0,1,8,0.662,0.62,40.44,0.957,0.933,1
5,8768,0.681,3,2,1,2,4,0.956,0.781,32.36,0.843,0.94,0
15,8769,0.886,3,4,0,2,11,0.837,0.699,28.54,0.917,0.853,0
16,8770,0.588,0,4,1,2,3,0.685,0.883,43.74,0.646,0.843,0
1,8771,0.873,2,4,1,2,2,0.879,0.753,36.48,0.932,0.924,1
16,8772,0.449,1,1,1,2,5,0.735,0.608,39.11,0.573,0.761,0
37,8773,0.95,3,3,1,3,6,0.959,0.755,29.26,1.0,0.938,1
3,8774,0.79,2,3,3,3,13,0.899,0.822,32.45,0.759,0.918,1
52,8775,0.716,2,2,1,2,3,0.765,0.611,33.74,0.818,0.801,1
47,8776,0.926,1,0,2,3,7,0.81,0.787,18.46,0.791,1.0,1
95,8777,0.847,2,1,0,1,6,0.841,0.811,28.09,0.951,0.878,1
13,8778,0.75,2,1,0,2,4,1.0,0.832,34.83,1.0,0.949,1
80,8779,0.472,2,0,1,2,4,0.716,0.687,41.36,0.612,0.73,1
55,8780,0.55,2,2,2,2,14,0.712,0.743,37.33,0.806,0.943,1
21,8781,0.612,2,1,1,2,1,0.879,0.902,31.2,0.825,0.895,1
66,8782,0.727,2,0,1,2,11,0.75,0.757,29.95,0.765,0.778,1
54,8783,0.843,3,4,0,1,1,0.864,0.712,35.82,0.913,0.899,1
27,8784,0.69,0,0,0,2,1,0.815,0.8,33.96,0.763,0.894,1
38,8785,0.912,1,3,0,3,9,0.716,0.659,39.42,0.86,0.899,1
90,8786,0.769,2,3,0,1,12,0.874,0.812,28.75,0.885,1.0,1
58,8787,0.575,1,2,2,1,2,0.834,0.775,32.2,0.769,0.859,1
62,8788,0.469,1,0,0,3,9,0.676,0.748,35.18,0.682,0.632,1
46,8789,0.521,1,2,0,3,7,0.515,0.75,32.5,0.64,0.845,1
89,8790,0.629,2,1,2,2,6,0.845,0.759,26.91,0.839,0.865,1
11,8791,0.816,1,1,0,3,2,0.849,0.692,32.15,0.736,0.984,1
72,8792,0.674,2,4,1,2,14,0.902,0.698,43.88,0.769,0.933,1
8,8793,0.818,3,2,1,3,10,0.94,0.864,28.58,0.95,0.987,1
97,8794,0.771,2,5,2,2,6,0.848,0.683,49.68,0.933,0.876,1
71,8795,0.492,2,6,0,3,9,0.706,0.74,46.52,0.635,0.737,1
64,8796,0.816,1,3,1,1,11,0.825,0.71,27.55,0.72,0.867,1
21,8797,0.777,1,4,1,3,1,0.765,0.739,47.15,0.815,0.889,1
72,8798,0.6,1,4,1,2,5,0.83,0.84,46.45,0.745,0.867,0
63,8799,0.893,3,1,1,1,1,0.902,0.725,23.3,0.809,0.871,1
85,8800,0.712,2,2,1,2,2,0.767,0.727,44.7,0.702,0.873,1
64,8801,0.8,0,2,3,3,11,0.759,0.688,34.06,0.709,0.929,1
20,8802,0.923,2,1,1,1,2,0.922,0.934,29.41,0.756,0.944,1
8,8803,0.97,1,4,0,2,7,0.959,0.679,43.99,0.773,1.0,1
58,8804,0.366,2,5,0,3,6,0.664,0.597,52.5,0.809,0.631,0
46,8805,0.736,1,4,0,2,11,0.683,0.758,39.86,0.865,0.846,1
31,8806,0.716,0,7,1,2,8,0.669,0.836,62.84,0.629,0.838,0
93,8807,0.515,1,4,2,1,1,0.607,0.636,47.16,0.779,0.703,0
9,8808,0.798,1,4,2,2,6,0.58,0.67,42.91,0.701,0.796,0
15,8809,0.876,2,2,0,1,10,0.881,0.772,27.06,0.791,0.923,1
94,8810,0.507,2,4,0,3,14,0.787,0.81,39.94,0.74,0.654,1
26,8811,0.684,1,4,1,3,12,0.629,0.792,43.95,0.703,0.699,0
10,8812,0.502,2,1,3,2,2,0.885,0.839,35.41,0.768,0.759,1
29,8813,0.765,0,1,1,2,9,0.934,0.732,36.85,0.665,0.838,0
80,8814,0.757,2,1,0,1,9,0.812,0.695,25.07,0.766,0.903,1
36,8815,0.945,1,3,2,2,12,0.703,0.762,33.07,0.906,0.942,1
84,8816,0.911,1,2,0,2,8,1.0,0.89,32.47,0.787,0.944,1
37,8817,0.826,1,3,0,2,7,0.86,0.7,35.02,0.742,0.89,0
86,8818,0.811,2,2,1,2,12,0.888,0.779,19.59,0.694,0.85,1
71,8819,0.797,3,0,0,2,8,0.961,0.934,19.26,0.953,0.966,1
23,8820,0.826,1,3,0,2,10,0.891,0.737,40.54,0.702,0.815,1
41,8821,0.858,1,2,0,1,2,0.772,0.755,43.42,0.879,0.983,1
93,8822,0.909,1,2,1,2,10,0.762,0.814,37.62,0.786,0.899,1
80,8823,0.489,1,3,0,2,13,0.682,0.604,43.27,0.692,0.815,1
28,8824,0.512,1,3,2,3,3,0.672,0.843,43.89,0.753,0.752,0
48,8825,0.907,1,3,2,1,2,0.682,0.769,33.42,0.845,0.966,1
38,8826,0.815,3,4,1,2,14,0.754,0.714,30.49,0.76,0.868,1
31,8827,0.684,0,5,0,3,10,0.673,0.733,52.21,0.686,0.819,1
14,8828,0.618,2,1,1,1,4,0.757,0.758,27.2,0.849,0.879,0
97,8829,0.442,1,1,1,2,8,0.68,0.75,46.0,0.661,0.776,0
73,8830,0.693,0,4,2,2,10,0.712,0.765,42.25,0.64,0.719,0
91,8831,0.515,2,3,1,1,11,0.761,0.842,41.64,0.621,0.769,1
88,8832,0.84,2,0,2,2,13,0.928,0.799,27.29,0.837,0.838,1
77,8833,0.972,1,2,1,2,7,0.85,0.886,34.01,0.851,0.912,1
90,8834,0.793,0,3,1,3,4,0.535,0.735,43.87,0.674,0.728,0
29,8835,0.753,1,3,0,2,6,0.688,0.801,31.14,0.891,0.816,1
51,8836,0.888,1,3,1,3,1,0.854,0.853,40.95,0.751,0.893,1
49,8837,0.605,3,4,1,1,12,0.741,0.595,45.59,0.891,0.764,1
43,8838,0.908,2,4,2,3,14,0.911,0.83,32.18,0.938,0.905,1
92,8839,0.76,3,3,0,1,3,0.733,0.676,31.87,0.861,0.828,1
92,8840,0.833,1,2,1,3,6,0.734,0.606,43.56,0.746,0.807,1
72,8841,0.864,2,4,0,2,5,0.851,0.688,37.51,0.767,0.798,1
87,8842,0.823,1,2,1,2,2,0.758,0.616,41.47,0.63,0.84,1
93,8843,0.6,3,4,0,2,9,0.698,0.72,35.12,0.829,0.793,1
5,8844,0.735,0,2,3,2,5,0.659,0.718,46.72,0.696,0.839,0
42,8845,0.888,2,2,0,2,5,0.879,0.785,30.16,0.867,0.872,1
7,8846,0.723,1,3,1,3,8,0.783,0.673,45.87,0.831,0.866,1
42,8847,0.892,2,2,0,2,14,0.904,0.724,37.68,0.994,0.906,1
36,8848,0.691,2,3,1,3,1,0.705,0.741,42.63,0.871,0.928,0
27,8849,0.521,2,0,0,2,11,0.614,0.746,31.62,0.797,0.7,1
58,8850,0.79,1,2,2,1,7,0.725,0.606,33.02,0.734,0.906,1
46,8851,0.652,2,4,1,2,12,0.783,0.85,41.34,0.76,0.861,0
66,8852,0.509,2,4,0,2,2,0.754,0.687,45.24,0.627,0.758,0
25,8853,0.87,1,3,4,1,7,0.726,0.633,35.44,0.701,0.893,0
73,8854,0.756,2,2,1,2,5,0.808,0.962,26.05,0.731,0.756,1
27,8855,0.877,3,3,1,3,4,0.856,0.792,25.98,0.896,0.846,1
1,8856,0.771,3,4,3,2,5,0.865,0.614,31.85,0.95,0.979,1
87,8857,0.798,1,4,1,2,14,0.761,0.755,46.2,0.787,0.904,1
74,8858,0.783,3,3,1,1,5,0.843,0.796,31.4,0.791,0.92,1
42,8859,0.851,3,6,0,3,7,0.988,0.735,37.21,0.883,1.0,1
52,8860,0.766,1,1,4,1,2,0.665,0.827,44.39,0.724,0.917,1
25,8861,0.861,2,3,3,1,12,0.954,0.798,34.05,1.0,0.97,1
54,8862,0.892,3,6,1,3,12,0.825,0.787,37.97,0.83,0.898,1
67,8863,0.395,2,3,3,2,3,0.801,0.614,37.9,0.791,0.74,1
6,8864,0.727,1,1,2,2,4,0.764,0.84,44.24,0.769,0.864,1
58,8865,0.719,2,2,0,1,3,0.778,0.588,31.52,0.914,0.903,1
70,8866,0.635,1,4,3,1,14,0.657,0.753,41.4,0.696,0.754,1
53,8867,0.621,1,3,4,1,5,0.647,0.652,39.97,0.779,0.844,1
66,8868,0.661,3,6,1,2,7,0.826,0.721,38.84,0.738,0.791,0
58,8869,0.432,0,7,2,3,1,0.635,0.728,62.38,0.713,0.811,0
82,8870,0.932,3,2,0,2,12,0.746,0.756,29.85,0.891,0.814,1
87,8871,0.79,1,4,0,2,1,0.776,0.79,39.28,0.889,0.88,0
2,8872,0.696,2,0,1,3,12,0.8,0.876,21.57,0.802,0.887,1
76,8873,0.74,2,4,2,2,7,0.809,0.769,34.75,0.896,0.938,1
22,8874,0.69,2,1,2,3,2,0.865,0.757,29.76,0.898,0.925,0
37,8875,0.73,3,2,1,1,4,0.941,0.736,26.69,0.88,0.924,1
20,8876,0.919,3,3,1,3,6,0.935,0.776,29.24,0.97,1.0,1
24,8877,0.692,2,3,0,2,10,0.883,0.623,41.2,0.675,0.856,1
84,8878,0.861,1,2,0,2,9,0.809,0.827,26.7,0.813,0.883,1
65,8879,0.782,2,3,1,1,7,0.818,0.842,32.84,0.857,0.807,1
65,8880,0.93,0,5,0,2,8,0.741,0.644,51.81,0.729,0.907,1
81,8881,0.797,1,5,0,3,12,0.773,0.743,44.72,0.844,0.902,0
1,8882,0.633,1,3,1,2,14,0.652,0.56,41.33,0.631,0.783,1
94,8883,0.749,1,2,0,3,3,0.728,0.744,47.4,0.854,0.797,0
3,8884,0.55,0,4,4,1,12,0.583,0.536,47.44,0.62,0.761,0
46,8885,0.832,0,1,3,2,10,0.737,0.618,36.87,0.786,0.833,1
55,8886,0.472,2,1,0,2,9,0.709,0.736,34.93,0.803,0.807,1
75,8887,0.748,0,3,0,3,9,0.644,0.661,42.96,0.725,0.847,0
88,8888,0.627,1,2,2,3,5,0.778,0.781,35.7,0.698,0.882,1
86,8889,0.813,2,3,2,3,7,0.861,0.596,35.8,0.908,0.87,1
64,8890,0.736,1,2,2,1,12,0.671,0.728,39.13,0.731,0.769,1
45,8891,0.53,0,2,1,2,12,0.618,0.738,56.78,0.564,0.717,1
26,8892,0.604,2,1,3,3,8,0.657,0.686,32.4,0.788,0.737,1
77,8893,0.577,2,1,1,1,10,0.732,0.611,28.94,0.826,0.95,1
65,8894,0.576,3,0,0,2,8,0.712,0.858,35.86,0.799,0.813,1
24,8895,0.472,1,1,0,3,6,0.745,0.767,35.14,0.697,0.704,1
74,8896,0.955,2,2,0,1,3,0.849,0.749,33.11,0.98,1.0,0
35,8897,0.903,1,7,3,2,1,0.791,0.693,47.97,0.791,0.829,0
24,8898,0.762,1,3,2,2,1,0.747,0.721,44.99,0.727,0.728,1
28,8899,0.604,1,2,0,3,14,0.621,0.738,36.84,0.689,0.726,1
100,8900,0.79,2,5,0,3,11,0.766,0.686,44.05,0.811,0.806,0
80,8901,0.75,1,5,1,2,3,0.715,0.627,41.39,0.709,0.805,1
16,8902,0.812,2,4,3,3,2,0.835,0.868,24.65,0.923,0.921,0
59,8903,0.705,3,2,0,2,13,0.731,0.821,29.93,0.901,0.88,1
81,8904,0.421,1,3,0,2,2,0.641,0.674,42.24,0.63,0.643,1
54,8905,0.628,1,1,2,2,3,0.798,0.605,30.07,0.641,0.788,0
79,8906,0.759,2,5,4,3,7,0.81,0.724,39.01,0.819,0.89,0
16,8907,0.833,1,1,0,2,10,0.776,0.839,38.24,0.731,0.828,1
15,8908,0.801,3,5,5,2,7,0.806,0.667,37.64,0.799,0.907,0
98,8909,0.845,3,3,1,2,3,0.876,0.835,37.2,0.954,0.969,1
11,8910,0.83,1,2,3,2,3,0.841,0.698,29.93,0.847,0.913,0
65,8911,0.778,2,5,1,2,14,0.802,0.714,43.7,0.905,0.939,1
79,8912,0.843,2,6,2,2,5,0.84,0.807,41.16,0.8,0.882,1
90,8913,0.496,2,4,0,2,13,0.758,0.691,32.24,0.725,0.83,0
68,8914,0.883,1,6,3,2,1,0.812,0.69,32.53,0.826,0.946,1
43,8915,0.818,0,4,1,3,7,0.726,0.769,48.53,0.682,0.917,1
69,8916,0.702,2,2,2,3,4,0.766,0.689,37.07,0.76,0.887,0
99,8917,0.384,2,5,2,2,9,0.625,0.661,45.96,0.753,0.693,0
13,8918,0.598,3,2,0,2,7,0.81,0.787,17.73,0.81,0.779,1
10,8919,0.699,2,2,0,3,11,0.763,0.705,38.02,0.75,0.905,0
75,8920,0.592,2,5,1,2,5,0.759,0.879,45.46,0.738,0.688,0
82,8921,0.655,3,3,1,3,2,0.734,0.709,36.13,0.68,0.78,1
98,8922,0.578,1,8,2,3,7,0.534,0.459,61.65,0.748,0.762,0
41,8923,0.747,1,0,1,3,13,0.807,0.786,32.86,0.71,0.774,1
50,8924,0.922,2,1,4,2,14,0.946,0.893,33.17,0.699,0.917,1
87,8925,0.584,1,3,2,2,6,0.897,0.805,44.58,0.795,0.774,1
71,8926,0.588,3,2,0,2,10,0.707,0.61,37.65,0.937,0.786,0
59,8927,0.434,2,1,1,2,13,0.813,1.0,33.54,0.74,0.823,1
39,8928,0.557,1,2,1,2,6,0.777,0.876,41.93,0.785,0.789,1
3,8929,0.674,1,1,0,2,7,0.764,0.82,40.53,0.67,0.838,1
76,8930,0.875,2,1,0,1,11,0.744,0.799,27.63,0.832,0.884,1
7,8931,0.861,1,2,2,2,11,0.908,0.818,42.95,0.837,0.876,1
49,8932,0.662,1,2,1,1,4,0.853,0.722,40.65,0.723,0.906,1
26,8933,0.517,2,2,3,2,12,0.95,0.834,37.53,0.85,0.83,1
33,8934,0.773,1,4,2,3,3,0.729,0.834,39.07,0.779,0.936,0
48,8935,0.843,1,1,1,2,2,0.869,0.699,37.83,0.603,0.855,1
79,8936,0.705,2,4,0,1,9,0.854,0.604,39.79,0.782,0.867,1
2,8937,0.838,0,3,1,3,5,0.65,0.727,45.41,0.869,0.882,1
71,8938,0.603,3,2,0,1,13,0.894,0.709,30.79,0.766,0.793,1
32,8939,0.749,1,1,0,2,2,0.85,0.711,28.5,0.803,0.785,0
4,8940,0.584,2,3,1,2,6,0.825,0.697,37.57,0.814,0.923,0
20,8941,0.678,1,2,1,2,14,0.542,0.627,36.77,0.705,0.816,1
36,8942,0.532,1,1,0,3,13,0.607,0.582,42.78,0.7,0.713,1
32,8943,0.907,3,2,2,1,12,1.0,0.814,20.98,0.856,0.996,1
28,8944,0.843,2,3,3,2,12,1.0,0.577,28.39,0.921,0.95,1
77,8945,0.791,1,3,1,2,5,0.767,0.776,38.5,0.866,0.898,0
1,8946,0.902,1,5,1,1,1,0.886,0.816,44.71,0.771,0.982,0
60,8947,0.409,1,2,2,2,5,0.642,0.655,49.39,0.643,0.702,0
56,8948,0.514,2,3,3,2,7,0.738,0.727,36.83,0.694,0.758,0
35,8949,0.749,2,1,1,1,11,0.774,0.792,38.41,0.867,0.973,1
30,8950,0.709,1,3,2,2,12,0.895,0.92,39.97,0.673,0.984,1
54,8951,0.69,1,2,2,1,9,0.763,0.72,40.17,0.753,0.843,0
36,8952,0.703,2,3,1,2,3,0.761,0.797,37.09,0.835,0.748,0
55,8953,0.95,2,0,0,2,6,0.971,0.837,23.5,0.891,1.0,1
89,8954,0.781,1,2,2,2,14,0.808,0.667,38.33,0.877,0.965,1
80,8955,0.805,1,2,3,2,4,0.775,0.758,39.56,0.859,0.957,0
58,8956,0.428,3,2,3,1,7,0.816,0.761,32.35,0.947,0.764,0
83,8957,0.784,2,2,0,2,3,0.874,0.799,28.66,0.803,0.883,0
65,8958,0.721,1,4,4,3,14,0.771,0.789,45.61,0.78,0.645,1
69,8959,0.779,1,5,0,1,5,0.648,0.778,39.83,0.801,0.834,1
51,8960,0.685,3,3,1,2,12,0.867,0.723,38.03,0.844,0.85,1
22,8961,0.577,2,4,0,2,7,0.778,0.841,47.1,0.807,0.853,1
88,8962,0.533,2,6,2,2,4,0.657,0.655,39.46,0.726,0.863,1
53,8963,0.656,0,3,1,1,8,0.616,0.667,55.01,0.759,0.846,1
100,8964,0.61,3,1,1,2,11,0.804,0.752,31.89,0.952,0.87,1
36,8965,0.776,2,3,1,2,1,0.823,0.704,29.31,0.82,0.891,1
68,8966,0.908,1,1,1,3,6,0.647,0.819,33.6,0.791,0.936,1
36,8967,0.835,1,0,1,3,13,0.774,0.626,23.15,0.787,0.922,1
52,8968,0.775,0,5,0,2,3,0.624,0.698,52.14,0.78,0.906,1
53,8969,0.624,2,2,2,3,8,0.814,0.644,35.74,0.776,0.878,1
82,8970,0.643,2,2,1,1,3,0.641,0.768,31.84,0.75,0.879,1
50,8971,0.75,2,3,3,2,3,0.771,0.709,33.49,0.774,0.94,1
80,8972,0.72,2,2,1,2,4,0.815,0.841,36.82,0.696,0.827,1
41,8973,0.587,2,3,2,2,10,0.763,0.709,39.83,0.859,0.824,1
18,8974,0.639,0,1,0,3,12,0.61,0.606,46.1,0.648,0.837,1
22,8975,0.685,1,3,0,3,5,0.751,0.764,43.54,0.714,0.845,1
66,8976,0.823,1,3,1,2,2,0.704,0.709,28.79,0.764,0.898,1
21,8977,0.648,1,2,1,2,8,0.735,0.67,26.38,0.819,0.86,1
100,8978,0.613,3,2,2,2,7,0.881,0.651,27.68,0.866,0.917,0
44,8979,0.899,1,6,0,1,8,0.671,0.788,42.12,0.767,0.807,1
47,8980,0.695,2,3,3,3,14,0.797,0.711,30.07,0.791,0.794,1
39,8981,0.44,3,4,2,2,13,0.693,0.705,45.23,0.602,0.808,1
29,8982,0.792,2,4,0,2,8,0.714,0.546,43.3,0.897,0.884,1
54,8983,0.648,2,5,0,2,10,0.744,0.721,49.56,0.748,0.799,1
90,8984,0.89,1,3,1,2,3,0.764,0.731,27.28,0.749,0.909,1
85,8985,0.833,1,4,1,3,4,0.775,0.733,43.48,0.809,0.967,1
17,8986,0.9,2,3,3,2,9,0.873,0.846,29.55,0.898,0.994,1
80,8987,0.898,1,1,0,3,10,0.745,0.762,36.5,0.804,0.967,1
60,8988,0.76,0,2,0,3,13,0.628,0.778,43.5,0.66,0.775,0
31,8989,0.492,2,2,1,2,4,0.812,0.712,31.52,0.86,0.815,1
73,8990,0.636,3,5,2,1,2,0.798,0.608,44.34,0.824,0.659,1
95,8991,0.859,1,5,0,1,11,0.782,0.779,39.92,0.747,0.755,1
78,8992,0.768,0,4,1,2,6,0.632,0.702,42.93,0.705,0.916,1
49,8993,0.795,1,3,1,2,9,0.776,0.728,36.71,0.823,0.92,1
2,8994,0.727,2,2,1,3,10,0.869,0.802,35.26,0.81,0.863,1
48,8995,0.797,2,6,0,3,13,0.811,0.708,45.19,0.785,0.959,1
14,8996,0.499,0,6,1,3,1,0.68,0.719,59.37,0.629,0.918,0
59,8997,0.934,3,5,1,2,2,0.877,0.812,40.36,1.0,1.0,1
97,8998,0.564,2,3,2,1,3,0.68,0.772,30.75,0.838,0.759,1
99,8999,0.86,2,2,1,2,11,0.842,0.845,37.52,0.856,0.875,1
58,9000,0.924,1,2,0,3,10,0.763,0.845,26.69,0.812,0.991,1
58,9001,0.813,1,1,0,2,6,0.929,0.851,21.37,0.885,0.905,1
51,9002,0.703,3,2,2,2,8,0.874,0.785,34.9,0.874,0.836,1
84,9003,0.827,3,0,0,2,8,0.898,0.875,23.67,0.861,0.918,1
2,9004,0.939,2,3,0,3,7,0.819,0.711,40.09,0.816,0.975,0
41,9005,0.828,2,2,1,2,9,0.799,0.775,38.5,0.969,0.859,1
83,9006,0.912,1,3,1,2,9,0.921,0.706,32.53,0.773,0.946,1
82,9007,0.872,3,1,3,1,8,0.938,0.73,30.15,0.833,0.949,1
16,9008,0.561,2,3,2,2,2,0.823,0.608,40.46,0.873,0.798,0
4,9009,0.384,1,3,2,3,4,0.555,0.653,40.21,0.679,0.631,0
12,9010,0.749,3,5,1,2,7,0.938,0.779,31.6,0.927,0.862,1
29,9011,0.758,1,2,1,2,1,0.821,0.825,40.94,0.69,0.851,1
7,9012,0.815,1,3,1,2,6,0.691,0.628,37.92,0.727,0.847,1
14,9013,0.619,2,3,2,1,6,0.808,0.72,45.54,0.78,0.889,1
12,9014,0.385,2,3,0,3,6,0.684,0.744,44.73,0.727,0.621,0
99,9015,0.791,2,1,1,3,4,0.852,0.677,21.73,0.758,0.851,1
5,9016,0.767,2,3,2,3,13,0.848,0.757,36.39,0.877,0.883,1
81,9017,0.756,1,2,3,2,10,0.767,0.927,41.36,0.821,0.966,1
32,9018,0.549,1,3,2,1,11,0.605,0.766,44.93,0.791,0.845,1
74,9019,0.926,2,2,0,3,6,0.876,0.821,23.7,0.801,0.979,1
43,9020,0.781,1,8,4,1,3,0.655,0.591,56.58,0.779,0.91,0
81,9021,0.757,2,4,0,3,2,0.833,0.791,31.75,0.856,0.919,1
69,9022,0.508,2,3,2,2,1,0.738,0.77,44.62,0.548,0.752,0
45,9023,0.707,3,4,0,1,3,0.812,0.826,41.02,0.928,0.86,1
9,9024,0.319,1,2,0,1,4,0.651,0.711,56.58,0.595,0.643,1
49,9025,0.603,2,2,0,2,13,0.76,0.671,36.74,0.767,0.707,1
33,9026,0.823,3,4,1,3,12,1.0,0.867,21.96,0.883,0.881,1
100,9027,0.748,1,2,1,1,12,0.784,0.724,35.35,0.678,0.832,1
100,9028,0.459,2,1,2,1,12,0.707,0.655,35.66,0.659,0.627,1
18,9029,0.713,1,3,2,2,14,0.898,0.536,45.25,0.835,0.839,1
9,9030,0.802,3,1,0,2,3,0.828,0.743,18.63,0.887,0.985,1
62,9031,0.312,2,2,2,3,7,0.797,0.727,32.23,0.839,0.721,0
57,9032,0.829,3,2,2,3,13,0.925,0.848,31.32,0.955,0.854,1
29,9033,0.7,1,1,2,2,2,0.597,0.746,33.29,0.714,0.753,1
78,9034,0.707,2,6,1,2,2,0.678,0.726,43.77,0.756,0.818,0
25,9035,0.62,2,1,1,2,6,0.867,0.862,26.2,0.791,0.883,1
15,9036,0.797,2,2,1,1,7,0.849,0.764,42.26,0.792,0.796,1
6,9037,0.695,1,3,1,1,8,0.802,0.753,44.16,0.704,0.766,1
42,9038,0.772,1,4,0,2,9,0.71,0.658,40.39,0.747,0.778,1
29,9039,0.735,1,2,1,2,5,0.697,0.683,41.78,0.762,0.906,1
79,9040,0.92,1,2,0,3,11,0.673,0.65,29.18,0.844,0.897,1
93,9041,0.629,2,3,2,1,8,0.842,0.769,37.25,0.715,0.83,0
4,9042,0.721,0,6,2,3,6,0.516,0.583,47.56,0.628,0.772,1
82,9043,0.721,2,4,2,2,13,0.812,0.691,51.21,0.75,0.766,0
57,9044,0.782,2,2,4,3,14,0.909,0.783,24.73,0.919,0.885,1
49,9045,0.929,1,3,0,2,7,0.871,0.749,33.11,0.915,0.909,1
44,9046,0.663,1,1,1,2,1,0.759,0.682,31.47,0.67,0.756,1
80,9047,0.456,0,4,0,2,6,0.715,0.61,54.01,0.706,0.781,0
75,9048,0.76,2,3,0,3,14,0.841,0.566,38.97,0.929,0.873,1
14,9049,0.59,2,6,1,2,8,0.644,0.641,55.5,0.682,0.821,0
3,9050,0.674,2,2,1,1,5,0.836,0.73,37.15,0.823,0.821,1
62,9051,0.526,3,7,0,2,9,0.828,0.585,43.16,0.76,0.818,0
64,9052,0.554,1,4,1,1,3,0.746,0.573,45.26,0.796,0.731,1
45,9053,0.56,2,3,2,2,3,0.658,0.782,31.23,0.786,0.768,0
82,9054,0.839,2,1,2,2,10,0.688,0.705,29.09,0.729,0.894,1
58,9055,0.465,0,5,1,1,12,0.583,0.819,48.8,0.661,0.715,1
20,9056,0.852,3,1,1,3,14,0.861,0.682,26.08,0.823,0.913,1
58,9057,0.779,3,6,1,2,13,0.871,0.752,44.72,0.934,0.982,1
89,9058,0.849,1,2,0,2,12,0.763,0.777,33.68,0.886,0.905,0
57,9059,0.693,2,3,2,2,12,0.855,0.729,38.49,0.723,0.904,1
77,9060,0.751,3,2,1,2,11,0.835,0.88,29.82,0.854,0.903,1
68,9061,0.654,2,4,1,1,7,0.806,0.74,40.77,0.718,0.857,1
78,9062,0.559,2,5,1,2,11,0.764,0.826,40.41,0.8,0.848,0
97,9063,0.365,0,4,1,2,9,0.558,0.599,45.39,0.476,0.627,0
92,9064,0.734,1,3,1,3,6,0.752,0.705,42.71,0.825,0.695,0
52,9065,0.894,0,2,2,2,6,0.788,0.748,32.56,0.81,0.939,1
37,9066,0.754,2,3,2,2,13,0.786,0.819,28.63,0.841,0.884,1
8,9067,0.855,3,4,1,3,13,0.845,0.773,29.69,0.851,1.0,1
44,9068,0.808,2,1,3,2,2,0.663,0.696,19.26,0.627,0.88,0
98,9069,0.692,2,7,2,1,10,0.849,0.81,52.55,0.912,0.98,0
5,9070,0.963,1,1,3,2,3,0.884,0.818,35.11,0.71,0.858,1
69,9071,0.921,0,2,0,2,12,0.73,0.811,44.62,0.691,0.913,1
31,9072,0.449,2,2,2,2,13,0.776,0.826,41.0,0.736,0.776,1
45,9073,0.784,2,3,1,3,12,0.694,0.665,35.96,0.731,0.873,1
9,9074,0.825,3,1,2,1,5,0.942,0.727,29.25,0.941,0.823,1
32,9075,0.56,2,2,0,2,2,0.786,0.82,36.97,0.795,0.811,1
33,9076,0.784,2,5,1,2,6,0.851,0.702,46.13,0.792,0.922,1
67,9077,0.91,3,5,5,2,8,1.0,0.805,41.3,0.97,0.887,1
30,9078,0.643,1,5,0,2,12,0.635,0.708,46.46,0.605,0.636,1
76,9079,0.837,1,3,2,3,6,0.719,0.826,35.11,0.767,0.765,1
29,9080,0.402,2,3,1,3,4,0.739,0.692,44.45,0.716,0.714,0
3,9081,0.567,2,6,2,1,7,0.695,0.561,42.85,0.87,0.808,0
90,9082,0.514,2,3,1,2,10,0.735,0.664,41.02,0.711,0.775,1
57,9083,0.899,1,5,2,2,14,0.708,0.724,44.52,0.737,0.958,0
30,9084,0.878,3,1,2,3,5,0.971,0.954,24.68,0.958,0.882,0
9,9085,0.761,2,0,1,3,14,0.924,0.876,33.44,0.801,0.928,1
26,9086,0.445,1,1,2,2,13,0.633,0.733,45.84,0.565,0.761,1
2,9087,0.878,1,3,2,2,3,0.773,0.779,48.87,0.843,0.795,1
62,9088,0.931,3,3,0,2,9,0.986,0.805,26.95,1.0,0.943,1
3,9089,0.855,1,2,3,2,6,0.796,0.793,25.62,0.737,0.874,0
46,9090,0.804,2,1,1,2,6,0.902,0.796,30.95,0.937,0.892,1
68,9091,0.982,1,4,0,2,12,0.694,0.723,41.01,0.831,0.811,1
25,9092,0.961,1,3,0,2,3,0.834,0.81,38.27,0.842,0.961,1
51,9093,0.877,2,1,0,2,5,0.762,0.811,33.78,0.816,0.949,1
13,9094,0.806,2,3,2,2,2,0.884,0.692,33.33,0.762,0.876,1
44,9095,0.747,1,4,1,1,12,0.912,0.765,39.76,0.824,0.998,1
35,9096,0.944,3,2,0,1,9,0.949,0.772,21.33,1.0,0.98,1
55,9097,0.497,1,0,2,2,2,0.815,0.763,30.34,0.756,0.848,1
87,9098,0.715,2,1,0,2,4,0.773,0.773,22.57,0.897,0.867,1
9,9099,0.778,1,3,0,3,12,0.703,0.707,33.98,0.684,0.862,1
2,9100,0.696,3,3,1,2,8,0.847,0.73,40.71,0.826,0.851,1
61,9101,0.694,3,0,0,3,9,0.958,0.942,24.7,0.708,0.899,1
41,9102,0.769,1,4,1,1,10,0.648,0.556,46.49,0.766,0.825,1
44,9103,0.906,2,2,1,1,5,0.821,0.726,29.72,0.838,0.953,1
64,9104,0.733,1,3,1,1,10,0.726,0.714,36.18,0.679,0.705,0
31,9105,0.556,2,4,1,2,12,0.627,0.685,36.48,0.866,0.859,1
47,9106,0.674,3,2,0,2,8,0.737,0.851,32.33,0.886,0.881,1
2,9107,0.755,1,4,1,2,3,0.768,0.688,45.51,0.809,0.9,1
96,9108,0.544,1,3,2,1,9,0.654,0.716,43.88,0.661,0.7,0
82,9109,0.676,1,1,0,2,7,0.786,0.835,39.02,0.667,0.74,1
77,9110,0.705,1,1,5,2,12,0.714,0.766,34.62,0.691,0.81,0
69,9111,0.651,1,4,3,1,11,0.836,0.767,44.8,0.83,0.878,1
58,9112,0.893,1,2,3,2,11,0.856,0.659,31.13,0.751,0.769,1
44,9113,0.866,1,4,1,3,11,0.888,0.774,38.44,0.819,0.843,1
74,9114,0.747,3,4,2,3,6,0.766,0.79,31.89,1.0,0.923,1
56,9115,0.917,1,1,0,2,2,0.935,0.864,31.89,0.909,0.9,1
43,9116,0.461,1,5,3,2,14,0.597,0.653,47.13,0.64,0.649,0
89,9117,0.517,1,1,3,2,10,0.675,0.662,43.4,0.684,0.787,1
34,9118,0.741,3,1,1,2,9,0.835,0.748,24.32,0.832,0.891,1
30,9119,0.664,2,1,3,2,9,0.822,0.669,29.85,0.774,0.82,1
71,9120,0.852,1,2,1,2,5,0.77,0.723,36.08,0.834,0.891,1
70,9121,0.803,2,2,1,1,2,0.658,0.703,42.1,0.735,0.838,0
55,9122,0.519,2,4,1,2,14,0.806,0.654,38.29,0.843,0.857,0
67,9123,0.685,3,2,1,2,3,0.833,0.675,28.74,0.778,0.914,1
13,9124,0.819,3,1,0,2,5,0.776,0.685,33.42,0.831,0.962,1
3,9125,0.818,0,3,2,3,11,0.767,0.676,54.45,0.732,0.892,0
26,9126,0.813,2,1,1,3,4,0.934,0.658,26.52,0.845,0.8,0
57,9127,0.771,2,0,1,2,2,0.895,0.719,24.71,0.708,0.778,0
24,9128,0.576,3,4,2,1,10,0.799,0.694,31.9,0.869,0.862,1
53,9129,0.396,0,1,1,3,6,0.568,0.662,44.86,0.655,0.641,0
70,9130,0.883,1,4,0,2,1,0.801,0.667,34.32,0.93,0.812,1
43,9131,0.85,2,6,0,2,6,0.899,0.686,43.11,0.893,0.95,1
60,9132,0.81,2,5,1,1,13,0.921,0.749,41.92,0.847,0.841,1
58,9133,0.564,2,1,2,3,9,0.792,0.857,32.0,0.863,0.79,1
49,9134,0.803,1,4,3,3,12,0.816,0.707,41.08,0.787,0.839,1
42,9135,0.716,3,5,2,3,1,0.865,0.721,31.35,0.946,0.912,0
76,9136,0.836,3,2,2,2,6,0.917,0.804,27.53,0.906,0.96,1
100,9137,0.606,2,4,0,3,7,0.737,0.586,41.37,0.833,0.716,0
66,9138,0.666,2,6,2,2,11,0.857,0.797,46.72,0.73,0.719,0
11,9139,0.643,3,2,3,2,12,0.811,0.812,30.87,0.854,0.763,1
98,9140,0.775,0,1,1,3,4,0.689,0.568,37.77,0.632,0.858,1
90,9141,0.769,1,1,1,2,4,0.772,0.711,34.08,0.675,0.873,1
18,9142,0.608,3,6,1,3,3,0.683,0.648,52.6,0.865,0.91,0
85,9143,0.828,2,3,3,3,8,0.735,0.557,36.17,0.88,0.916,1
100,9144,0.659,1,2,0,2,7,0.754,0.776,30.66,0.875,0.791,1
52,9145,0.707,3,6,0,3,3,0.94,0.715,37.76,0.895,0.793,0
46,9146,0.459,3,3,0,2,7,0.774,0.847,41.72,0.927,0.855,1
44,9147,0.54,3,0,1,2,8,0.792,0.707,24.85,0.837,0.792,1
22,9148,0.832,1,2,1,2,10,0.787,0.718,34.03,0.661,0.941,0
53,9149,0.577,1,2,1,2,2,0.716,0.726,49.27,0.699,0.788,1
59,9150,0.673,2,1,1,2,11,0.878,0.83,28.47,0.801,0.865,1
94,9151,0.354,2,3,1,2,9,0.666,0.61,37.29,0.71,0.724,1
30,9152,0.821,3,2,3,1,9,0.899,0.892,27.53,0.824,0.838,1
8,9153,0.72,3,2,1,2,11,0.813,0.778,21.23,0.982,0.985,1
98,9154,0.891,3,1,2,2,14,0.945,0.69,32.68,0.868,0.944,1
57,9155,0.468,0,6,1,3,10,0.563,0.612,66.61,0.592,0.659,0
73,9156,0.562,2,2,2,2,7,0.758,0.739,44.33,0.761,0.784,1
20,9157,0.456,3,5,0,3,5,0.822,0.769,36.21,0.761,0.804,0
25,9158,0.903,1,5,2,3,10,0.793,0.607,42.62,0.796,0.884,0
19,9159,0.492,1,5,1,2,12,0.661,0.55,50.59,0.726,0.761,0
5,9160,0.84,2,1,0,1,8,1.0,0.799,22.58,0.987,1.0,1
75,9161,0.765,0,4,2,2,14,0.652,0.681,45.51,0.725,0.847,1
79,9162,0.666,3,3,2,1,9,0.893,0.692,34.16,0.878,0.931,1
72,9163,0.705,1,3,1,2,7,0.788,0.746,43.7,0.818,0.938,0
83,9164,0.823,2,3,0,1,8,0.699,0.776,39.18,0.85,0.859,1
87,9165,0.308,3,4,0,1,7,0.728,0.704,41.69,0.731,0.678,0
27,9166,0.827,3,4,2,1,1,0.899,0.697,37.57,0.749,0.898,1
40,9167,0.583,2,2,1,2,7,0.686,0.768,32.77,0.796,0.852,1
96,9168,0.842,3,3,1,3,6,0.697,0.685,28.63,0.847,0.837,1
26,9169,0.915,3,7,2,3,9,0.84,0.688,41.55,0.936,0.941,0
27,9170,0.738,3,3,3,2,1,0.821,0.887,31.06,0.778,0.862,0
62,9171,0.842,2,4,1,2,1,0.63,0.6,35.97,0.841,0.816,1
83,9172,0.713,2,4,0,2,13,0.859,0.864,39.07,1.0,0.84,1
50,9173,0.603,2,0,1,2,5,0.84,0.829,25.73,0.783,0.879,1
42,9174,0.605,2,1,0,2,13,0.728,0.778,24.67,0.821,0.829,1
29,9175,0.639,3,5,1,2,6,0.787,0.704,37.15,0.965,0.876,1
39,9176,0.798,2,3,2,2,6,0.792,0.79,41.76,0.905,0.909,0
60,9177,0.735,3,3,0,2,6,0.919,0.822,24.64,0.977,0.877,1
41,9178,0.822,0,1,1,2,1,0.781,0.743,25.35,0.79,0.895,1
33,9179,0.835,2,0,2,2,4,0.689,0.696,21.49,0.858,0.808,0
83,9180,0.581,1,4,1,2,13,0.886,0.833,41.44,0.754,0.816,0
83,9181,0.62,2,3,1,1,6,0.732,0.835,43.99,0.641,0.793,0
97,9182,0.83,2,2,0,1,12,0.772,0.803,39.66,0.8,0.89,0
16,9183,0.873,3,3,1,3,2,0.83,0.711,24.61,0.898,0.862,1
23,9184,0.762,0,6,2,2,7,0.778,0.669,52.24,0.759,0.858,1
7,9185,0.65,1,5,0,3,5,0.72,0.77,38.97,0.728,0.753,0
26,9186,0.433,3,4,1,2,3,0.721,0.751,37.71,0.788,0.84,1
96,9187,0.402,3,2,0,3,8,0.887,0.7,40.36,0.847,0.755,1
12,9188,0.974,0,1,0,2,13,0.845,0.849,34.12,0.845,0.948,1
72,9189,0.964,1,2,0,3,1,0.909,0.833,37.0,0.757,0.931,1
5,9190,0.9,0,3,2,2,2,0.7,0.664,44.11,0.661,0.861,0
92,9191,0.667,2,3,1,2,10,0.609,0.746,31.59,0.665,0.704,0
69,9192,0.497,2,1,1,2,9,0.779,0.744,18.43,0.751,0.733,1
49,9193,0.891,2,3,0,2,12,0.79,0.712,38.98,0.811,0.937,1
26,9194,0.933,2,2,0,2,11,0.874,0.714,27.95,0.891,0.879,1
5,9195,0.793,2,7,3,2,14,0.667,0.729,48.19,0.648,0.835,1
22,9196,0.766,1,6,1,3,11,0.714,0.721,51.06,0.76,0.793,0
79,9197,0.815,2,3,0,2,6,0.828,0.876,40.64,0.788,0.879,1
13,9198,0.837,2,2,0,1,5,0.805,0.658,37.2,0.754,0.748,1
28,9199,0.74,3,5,1,1,10,0.765,0.728,39.6,0.952,0.808,1
33,9200,0.764,3,4,0,3,9,0.963,0.761,38.47,0.888,0.94,1
23,9201,0.686,2,3,3,2,14,0.882,0.923,37.9,0.876,0.884,1
97,9202,0.934,0,2,0,3,10,0.714,0.6,33.18,0.801,0.836,1
18,9203,0.287,0,2,4,2,5,0.618,0.672,60.95,0.584,0.687,1
30,9204,0.7,2,5,2,2,3,0.862,0.625,40.77,0.858,0.811,1
26,9205,0.718,0,5,2,3,1,0.72,0.788,54.43,0.754,0.72,0
16,9206,0.918,1,5,2,1,6,0.676,0.612,45.01,0.889,0.915,0
77,9207,0.801,1,0,2,2,11,0.749,0.619,30.75,0.66,0.866,1
39,9208,0.946,3,4,0,1,13,0.804,0.702,36.29,0.932,0.955,1
33,9209,0.961,1,2,2,3,14,0.858,0.839,36.12,0.962,0.846,1
26,9210,0.883,0,3,1,1,7,0.677,0.82,40.05,0.646,0.997,0
48,9211,0.749,3,1,0,2,3,0.895,0.728,23.18,0.977,0.885,1
65,9212,0.453,2,3,0,3,9,0.644,0.698,39.72,0.686,0.636,1
38,9213,0.931,0,3,1,2,2,0.743,0.785,37.0,0.84,0.968,1
2,9214,0.945,3,8,1,2,4,0.922,0.882,46.93,0.978,1.0,1
6,9215,0.935,1,5,1,1,1,0.817,0.883,39.98,0.859,0.961,1
46,9216,0.753,3,3,2,1,2,0.886,0.676,33.24,0.978,0.92,1
50,9217,0.888,2,7,1,3,6,0.587,0.771,43.92,0.828,0.966,1
38,9218,0.679,1,2,1,2,14,0.757,0.672,36.19,0.821,0.815,1
88,9219,0.734,2,4,2,2,11,0.834,0.773,39.05,0.758,0.796,1
18,9220,0.604,2,2,0,3,7,0.867,0.853,35.68,0.827,0.923,1
27,9221,0.649,2,5,2,2,11,0.76,0.63,38.42,0.841,0.806,1
41,9222,0.763,3,3,0,2,1,0.835,0.783,26.5,0.852,0.844,1
72,9223,0.721,1,2,0,2,7,0.782,0.839,35.21,0.835,0.809,1
92,9224,0.893,1,3,0,2,14,0.809,0.667,41.99,0.77,0.921,1
74,9225,0.796,3,4,0,3,8,0.699,0.656,31.89,0.856,0.963,1
17,9226,0.869,2,3,1,1,2,0.76,0.729,41.55,0.944,0.881,1
62,9227,0.743,2,3,3,3,3,0.86,0.746,28.8,0.859,1.0,0
29,9228,0.805,1,6,2,2,13,0.749,0.719,47.64,0.765,0.873,0
58,9229,0.814,2,4,1,2,10,0.779,0.708,37.2,0.809,0.878,1
70,9230,0.567,2,5,3,2,7,0.705,0.653,42.86,0.822,0.855,1
78,9231,0.789,1,3,2,3,2,0.79,0.755,32.23,0.744,0.88,1
22,9232,0.94,1,4,0,2,12,0.863,0.691,33.7,0.8,0.778,1
6,9233,0.922,2,3,1,2,10,0.768,0.648,23.57,0.761,0.813,1
26,9234,0.81,1,2,1,1,5,0.739,0.711,36.66,0.81,0.891,1
39,9235,0.719,2,4,1,2,8,0.859,0.764,30.7,0.787,0.851,1
12,9236,0.509,2,2,3,3,11,0.716,0.713,37.16,0.916,0.717,1
99,9237,0.848,1,2,1,2,1,0.799,0.582,34.62,0.796,0.853,1
14,9238,0.759,2,4,0,2,2,0.656,0.765,39.69,0.889,0.771,0
22,9239,0.719,1,2,0,1,8,0.775,0.808,42.15,0.794,0.941,1
51,9240,0.695,3,3,0,3,8,0.813,0.658,36.37,0.854,0.937,0
23,9241,0.424,3,2,1,2,4,0.739,0.64,34.17,0.824,0.715,1
48,9242,0.763,2,5,2,2,2,0.87,0.729,44.16,0.857,0.967,1
71,9243,0.822,1,5,1,2,4,0.724,0.783,52.09,0.807,0.76,1
50,9244,0.788,3,3,1,1,9,0.752,0.524,33.31,0.94,0.798,1
89,9245,0.947,3,4,1,2,4,0.872,0.763,38.24,0.853,0.909,1
13,9246,0.75,2,4,0,3,9,0.867,0.817,42.55,0.917,0.847,1
85,9247,0.734,2,3,0,3,7,0.803,1.0,37.23,0.885,0.947,1
10,9248,0.732,0,6,1,2,7,0.785,0.675,58.5,0.774,0.82,1
55,9249,0.846,0,7,1,2,6,0.598,0.562,48.41,0.804,0.854,0
9,9250,0.889,2,3,2,2,10,0.878,0.823,32.92,0.945,0.984,1
79,9251,0.52,2,4,2,1,2,0.689,0.784,50.97,0.652,0.758,0
52,9252,0.875,1,5,0,3,9,0.596,0.657,38.3,0.763,0.921,1
2,9253,0.819,0,4,2,2,4,0.628,0.686,39.63,0.866,0.786,0
25,9254,0.629,2,0,1,2,10,0.684,0.621,24.27,0.715,0.832,1
13,9255,0.833,2,1,1,3,2,0.819,0.663,33.82,0.839,0.869,1
98,9256,0.591,2,5,2,2,9,0.693,0.709,53.68,0.76,0.679,1
51,9257,0.663,2,3,0,2,5,0.802,0.778,46.69,0.835,0.8,1
58,9258,0.452,2,1,1,1,6,0.661,0.761,38.69,0.755,0.787,1
34,9259,0.675,1,1,0,1,7,0.689,0.628,33.8,0.799,0.711,1
35,9260,0.336,2,2,0,2,4,0.722,0.702,47.83,0.754,0.786,1
3,9261,0.479,1,1,0,2,3,0.734,0.674,42.9,0.651,0.775,0
59,9262,0.873,3,2,0,2,12,0.928,0.795,28.0,0.951,0.823,1
70,9263,0.92,1,2,0,1,9,0.641,0.571,29.7,0.767,0.88,1
48,9264,0.77,1,1,0,1,12,0.874,0.878,34.49,0.801,0.898,1
64,9265,0.558,2,3,1,2,12,0.682,0.705,38.46,0.897,0.815,1
19,9266,0.69,2,4,1,1,2,0.793,0.714,38.99,0.69,0.788,1
67,9267,0.722,2,2,2,2,6,0.82,0.842,25.27,0.873,0.83,1
82,9268,0.723,1,4,2,1,3,0.701,0.814,37.89,0.714,0.813,1
73,9269,0.67,2,4,0,2,12,0.773,0.803,36.32,0.76,0.861,1
76,9270,0.554,1,4,0,2,9,0.66,0.825,46.55,0.56,0.746,1
5,9271,0.781,2,2,0,2,2,0.79,0.794,30.77,0.749,0.858,1
67,9272,0.767,1,6,2,2,3,0.852,0.88,53.64,0.76,0.845,1
11,9273,0.677,3,1,1,2,9,0.849,0.759,28.62,0.761,0.883,1
94,9274,0.732,3,7,2,2,11,0.901,0.542,46.71,0.858,0.941,0
68,9275,0.934,3,6,3,3,5,0.88,0.891,34.1,0.878,0.903,1
69,9276,0.874,3,3,1,2,11,0.982,0.782,32.2,1.0,0.88,1
1,9277,0.823,1,4,2,2,3,0.782,0.673,45.03,0.833,0.918,1
91,9278,0.311,2,1,0,2,5,0.677,0.813,42.8,0.707,0.777,0
92,9279,0.936,0,4,1,1,5,0.729,0.729,44.14,0.811,0.946,1
63,9280,0.668,1,1,2,2,6,0.766,0.876,38.47,0.884,0.904,1
29,9281,0.612,0,3,1,2,14,0.714,0.713,47.27,0.528,0.699,1
82,9282,0.759,2,1,1,2,9,0.756,0.68,31.05,0.784,0.823,1
12,9283,0.349,2,3,1,1,5,0.703,0.824,41.62,0.77,0.702,1
77,9284,0.802,3,4,1,2,10,0.891,0.867,36.39,0.821,0.971,1
41,9285,0.76,2,4,0,3,1,0.715,0.699,29.94,0.847,0.925,1
2,9286,0.938,2,1,2,1,3,0.936,0.782,27.61,0.88,0.971,1
37,9287,0.942,2,4,0,1,9,0.812,0.723,33.27,0.824,1.0,1
45,9288,0.763,3,3,1,2,8,1.0,0.671,33.29,0.839,0.865,1
80,9289,0.827,3,4,0,1,13,0.796,0.667,42.35,0.96,0.928,1
48,9290,0.896,2,4,0,1,6,0.922,0.774,38.55,0.962,0.939,1
24,9291,0.859,0,1,0,2,4,0.687,0.736,28.47,0.745,0.796,1
99,9292,0.493,1,2,1,2,1,0.714,0.735,43.06,0.809,0.856,0
22,9293,0.933,2,4,2,2,1,0.96,0.828,31.81,0.926,0.893,0
100,9294,0.82,1,3,1,1,12,0.646,0.499,40.15,0.775,0.715,1
11,9295,0.76,2,3,0,3,14,0.725,0.654,34.5,0.78,0.79,1
58,9296,0.89,2,1,2,1,10,0.718,0.664,22.69,0.844,0.888,1
46,9297,0.766,2,6,1,3,10,0.797,0.692,45.21,0.939,0.905,1
29,9298,0.658,3,2,1,1,4,0.877,0.814,28.88,0.889,0.776,1
35,9299,0.607,2,3,1,2,7,0.723,0.757,40.29,0.851,0.78,0
15,9300,0.536,2,3,1,3,4,0.875,0.802,38.41,0.748,0.781,0
60,9301,0.452,0,1,0,2,8,0.677,0.788,41.15,0.635,0.793,0
95,9302,0.431,2,5,0,2,9,0.494,0.598,46.45,0.635,0.642,1
42,9303,0.765,2,3,1,2,14,0.63,0.661,33.15,0.811,0.867,1
43,9304,0.653,3,2,1,3,13,0.893,0.958,22.17,0.749,0.872,1
80,9305,0.796,2,0,4,3,7,0.968,0.757,30.8,0.935,0.824,1
74,9306,0.834,2,1,0,3,5,0.716,0.767,26.36,0.84,0.89,1
49,9307,0.943,2,4,0,2,7,0.677,0.73,33.55,0.732,0.983,1
64,9308,0.755,1,2,0,1,10,0.796,0.619,30.01,0.736,0.888,1
32,9309,0.954,2,4,0,2,6,0.766,0.752,41.69,0.961,0.945,0
64,9310,0.843,1,3,0,2,3,0.811,0.616,42.54,0.951,0.946,1
2,9311,0.653,0,3,1,2,6,0.633,0.75,48.7,0.693,0.817,1
24,9312,0.706,1,3,1,1,2,0.876,0.73,41.71,0.718,0.87,1
87,9313,0.92,2,1,2,1,5,0.872,0.781,26.1,0.878,0.908,1
66,9314,0.707,3,3,0,2,7,0.858,0.728,41.08,0.848,0.891,1
38,9315,0.887,3,0,1,2,14,0.93,0.815,13.73,0.897,1.0,1
31,9316,0.493,1,2,0,1,9,0.72,0.712,44.64,0.668,0.769,1
26,9317,0.412,0,2,2,3,1,0.686,0.712,44.48,0.551,0.75,1
29,9318,0.222,2,2,0,3,2,0.785,0.675,51.84,0.599,0.633,1
67,9319,0.914,1,3,0,2,8,0.863,0.789,28.56,0.892,0.858,1
78,9320,0.957,1,3,0,1,3,0.872,0.72,38.93,0.79,0.905,1
25,9321,0.81,2,3,2,3,12,0.813,0.84,36.99,0.783,0.77,1
48,9322,0.75,0,1,1,2,6,0.677,0.786,34.0,0.697,0.797,1
65,9323,0.545,1,2,1,2,2,0.712,0.698,36.71,0.67,0.855,0
53,9324,0.746,2,1,3,2,9,0.702,0.867,28.2,0.805,0.861,1
67,9325,0.349,2,3,2,1,9,0.678,0.774,37.9,0.537,0.628,0
90,9326,0.7,2,6,0,3,5,0.751,0.789,44.9,0.773,0.817,1
18,9327,0.902,1,6,1,2,5,0.721,0.596,50.51,0.66,1.0,1
9,9328,0.829,1,2,0,1,12,0.818,0.882,33.37,0.726,0.768,1
38,9329,0.732,1,0,2,1,2,0.696,0.708,30.06,0.939,0.782,1
87,9330,0.896,1,0,2,2,3,0.94,0.95,20.01,0.829,0.809,1
21,9331,0.438,1,1,0,3,2,0.736,0.607,46.54,0.56,0.609,0
65,9332,0.8,0,1,0,2,5,0.685,0.644,37.27,0.719,0.86,1
21,9333,0.807,2,3,1,3,3,0.81,0.723,40.6,0.964,0.864,0
27,9334,0.756,2,3,1,2,1,0.729,0.729,29.99,0.949,0.806,1
70,9335,0.653,1,1,0,3,10,0.639,0.834,29.79,0.804,0.815,1
44,9336,0.808,0,6,0,3,10,0.776,0.941,48.52,0.667,0.935,1
100,9337,0.875,2,4,0,2,9,0.737,0.62,38.35,0.806,0.902,1
28,9338,0.843,2,0,0,3,5,0.737,0.665,28.55,0.889,0.824,1
45,9339,0.863,1,3,0,1,3,0.771,0.922,34.5,0.863,0.911,1
17,9340,0.561,1,3,1,2,3,0.708,0.68,36.77,0.776,0.782,1
40,9341,0.905,2,2,2,1,5,0.777,0.73,33.39,0.965,0.934,1
3,9342,0.876,1,4,2,3,12,0.769,0.776,46.73,0.898,0.928,1
76,9343,0.609,2,2,2,2,8,0.895,0.751,37.63,0.711,0.839,1
76,9344,0.755,2,5,1,2,12,0.801,0.603,42.62,0.639,0.811,1
66,9345,0.868,2,1,0,2,14,0.954,0.881,24.51,0.782,0.895,1
46,9346,0.882,1,7,1,2,2,0.778,0.774,47.29,0.745,0.784,0
86,9347,0.616,3,3,0,2,5,0.757,0.788,29.12,0.929,0.817,1
87,9348,0.573,3,5,1,2,12,0.742,0.765,38.05,0.832,0.854,1
30,9349,0.773,1,2,2,3,7,0.684,0.78,29.8,0.679,0.89,1
69,9350,0.749,1,3,2,2,7,0.743,0.822,46.11,0.954,0.903,1
9,9351,0.91,2,0,2,2,9,0.836,0.727,21.2,0.821,0.885,1
85,9352,0.733,2,4,0,2,1,0.866,0.657,40.77,0.877,0.908,1
11,9353,0.518,2,2,2,3,3,0.793,0.787,37.81,0.882,0.778,1
69,9354,0.805,3,2,1,1,14,0.898,0.922,26.35,0.873,0.971,1
99,9355,0.662,1,4,4,2,1,0.668,0.745,31.57,0.767,0.842,1
91,9356,0.855,2,5,1,2,13,0.745,0.752,33.46,0.917,0.923,1
66,9357,0.901,0,2,1,2,7,0.759,0.589,32.95,0.783,0.873,0
88,9358,0.597,0,6,1,3,12,0.68,0.845,58.34,0.712,0.784,0
31,9359,0.833,0,4,1,2,4,0.705,0.836,50.84,0.718,0.884,0
33,9360,0.451,2,1,2,3,4,0.702,0.805,35.11,0.692,0.83,0
39,9361,0.891,2,4,1,1,6,0.766,0.747,32.91,0.915,0.948,1
94,9362,0.632,0,3,2,3,2,0.51,0.559,45.46,0.627,0.764,0
46,9363,0.767,2,2,2,1,3,0.86,0.658,34.97,0.846,0.841,1
37,9364,0.738,2,2,1,2,8,0.82,0.812,29.28,0.706,0.869,1
92,9365,0.614,1,1,0,2,9,0.59,0.672,38.47,0.621,0.768,1
60,9366,0.805,0,5,4,3,1,0.675,0.687,42.71,0.623,0.833,0
31,9367,0.371,1,1,2,1,13,0.605,0.764,41.9,0.635,0.6,0
11,9368,0.567,2,3,1,3,2,0.809,0.812,36.06,0.723,0.821,1
87,9369,0.669,2,3,3,1,5,0.704,0.802,38.0,0.769,0.824,0
2,9370,0.565,2,1,0,3,3,0.612,0.699,29.48,0.859,0.715,1
27,9371,0.721,1,3,0,3,11,0.604,0.423,35.44,0.682,0.761,1
99,9372,0.937,3,3,2,2,4,0.785,0.716,16.1,0.89,0.839,1
2,9373,0.505,2,2,1,3,9,0.853,0.793,40.04,0.77,0.771,1
21,9374,0.554,2,1,1,1,1,0.795,0.62,34.38,0.785,0.83,0
58,9375,0.489,1,2,1,3,13,0.797,0.604,40.12,0.752,0.757,1
5,9376,0.917,2,2,3,2,7,0.678,0.771,31.87,0.944,0.9,1
52,9377,0.807,2,2,3,2,12,0.826,0.82,34.63,0.783,0.813,1
45,9378,0.477,2,3,1,1,4,0.662,0.721,34.98,0.742,0.701,0
85,9379,0.714,2,5,1,2,9,0.679,0.708,45.47,0.76,0.783,1
93,9380,0.671,1,2,3,1,11,0.63,0.728,39.96,0.77,0.717,0
20,9381,0.363,1,6,0,1,13,0.649,0.676,61.17,0.572,0.631,0
61,9382,0.908,3,3,1,2,9,0.821,0.75,29.2,0.874,0.946,1
38,9383,0.589,1,4,0,1,9,0.805,0.782,49.29,0.748,0.766,1
20,9384,0.904,1,3,2,3,3,0.656,0.734,35.35,0.733,0.897,1
25,9385,0.476,1,4,0,1,13,0.741,0.772,48.64,0.771,0.683,0
2,9386,0.834,1,1,3,2,8,0.805,0.765,23.25,0.784,0.916,1
32,9387,0.732,1,3,0,2,7,0.744,0.792,42.9,0.688,0.834,1
26,9388,0.763,2,3,3,2,2,0.748,0.507,38.83,0.694,0.831,1
70,9389,0.807,2,3,1,1,1,0.905,0.765,34.66,0.871,0.943,1
41,9390,0.894,1,1,1,3,12,0.811,0.768,25.32,0.757,0.815,1
67,9391,0.776,3,6,1,2,10,0.884,0.787,37.47,0.949,0.956,1
97,9392,0.884,2,5,0,3,2,0.851,0.552,32.42,0.932,0.882,1
1,9393,0.549,2,3,1,3,4,0.73,0.66,38.27,0.771,0.852,1
51,9394,0.712,2,2,0,3,9,0.839,0.743,39.47,0.894,0.907,1
5,9395,0.771,2,7,0,2,8,0.842,0.787,42.07,0.911,0.916,1
13,9396,0.813,0,4,0,2,7,0.688,0.631,48.0,0.673,0.744,0
19,9397,0.68,2,5,0,1,8,0.837,0.708,39.62,0.778,0.697,1
12,9398,0.969,3,3,0,1,3,0.856,0.858,37.34,1.0,0.927,1
48,9399,0.824,1,4,1,3,4,0.618,0.803,48.52,0.892,0.913,0
25,9400,0.826,2,4,1,2,11,0.75,0.814,44.38,0.868,0.837,1
57,9401,0.706,2,2,4,2,13,0.873,0.739,36.23,0.899,0.815,1
35,9402,0.833,1,3,1,2,11,0.82,0.731,34.96,0.782,0.882,1
76,9403,0.577,3,4,0,2,11,0.752,0.674,41.75,0.884,0.781,1
94,9404,0.89,0,5,0,2,13,0.71,0.759,51.7,0.842,0.842,1
5,9405,0.651,1,3,2,1,8,0.768,0.745,37.26,0.703,0.927,1
98,9406,0.52,3,0,1,3,12,0.919,0.783,20.71,0.836,0.824,1
22,9407,0.797,2,1,1,1,14,0.845,0.56,20.97,0.824,0.939,1
77,9408,0.922,2,0,0,3,7,1.0,0.873,24.5,0.751,0.891,1
57,9409,0.961,2,1,0,2,4,0.89,0.782,30.43,0.929,0.934,1
47,9410,0.844,1,5,1,2,14,0.615,0.641,49.34,0.705,0.881,1
54,9411,0.577,1,2,2,2,11,0.693,0.727,36.66,0.673,0.791,0
3,9412,0.946,3,1,3,2,7,0.939,0.892,18.84,1.0,1.0,1
53,9413,0.754,1,5,0,2,1,0.756,0.694,48.65,0.691,0.882,1
84,9414,0.67,2,3,0,3,13,0.692,0.724,29.79,0.77,0.802,1
31,9415,0.957,1,1,0,2,6,0.856,0.801,30.23,0.802,0.906,1
69,9416,0.726,3,4,1,2,2,0.779,0.589,30.77,0.778,0.872,1
88,9417,0.565,3,2,2,1,9,0.728,0.742,35.34,0.91,0.856,1
33,9418,0.434,1,5,1,2,9,0.784,0.698,55.83,0.722,0.777,1
72,9419,0.274,2,0,2,1,14,0.662,0.768,29.0,0.745,0.638,1
88,9420,0.797,3,2,0,3,8,0.956,0.809,20.64,0.928,0.98,1
50,9421,0.699,3,5,0,3,9,0.831,0.704,46.16,0.842,0.886,1
84,9422,0.719,2,3,3,2,4,0.721,0.796,35.95,0.724,0.845,0
16,9423,0.515,1,3,1,2,13,0.754,0.856,48.49,0.704,0.748,1
76,9424,0.677,1,2,0,2,13,0.688,0.849,34.04,0.717,0.782,1
77,9425,0.75,2,3,1,3,7,0.752,0.787,33.03,0.723,0.895,0
39,9426,0.547,3,2,1,2,5,0.806,0.814,35.45,0.773,0.872,0
89,9427,0.962,2,1,1,3,3,0.832,0.817,33.33,0.912,0.946,1
46,9428,0.779,1,2,2,1,11,0.666,0.653,37.81,0.809,0.863,1
96,9429,0.573,0,3,1,2,13,0.588,0.627,44.94,0.703,0.738,1
88,9430,0.558,3,5,3,3,14,0.637,0.59,41.16,0.842,0.915,0
47,9431,0.927,2,3,0,2,2,0.728,0.715,32.93,0.976,0.889,0
44,9432,0.988,2,6,1,3,8,0.9,0.729,43.64,0.921,1.0,1
9,9433,0.69,2,4,1,1,6,0.77,0.765,40.09,0.783,0.856,1
87,9434,0.555,3,3,1,2,9,0.752,0.72,32.6,0.821,0.804,1
50,9435,0.808,1,6,0,2,6,0.76,0.718,58.58,0.732,0.794,0
77,9436,0.483,2,3,1,2,12,0.506,0.641,35.86,0.683,0.671,0
60,9437,0.495,3,2,1,3,14,0.687,0.692,38.97,0.76,0.694,0
96,9438,0.71,2,1,4,2,14,0.753,0.664,25.0,0.735,0.88,1
15,9439,0.601,0,3,0,2,7,0.595,0.537,44.8,0.759,0.82,0
36,9440,0.862,1,2,1,3,11,0.791,0.847,37.16,0.75,0.96,1
63,9441,0.736,1,2,3,2,4,0.836,0.889,33.54,0.783,0.879,1
69,9442,0.937,3,3,3,3,5,0.961,0.864,33.69,0.91,0.974,1
86,9443,0.755,1,6,2,3,5,0.801,0.668,44.75,0.75,0.866,1
80,9444,0.926,3,7,1,2,9,0.903,0.778,46.3,0.957,0.923,1
41,9445,0.539,0,3,1,2,3,0.596,0.537,45.29,0.732,0.742,0
74,9446,0.751,1,3,2,2,9,0.722,0.899,40.05,0.762,0.731,1
24,9447,0.934,3,1,1,2,10,0.96,0.743,21.8,0.911,1.0,1
82,9448,0.859,3,3,2,1,4,0.844,0.723,30.56,0.962,0.918,1
49,9449,0.491,1,2,2,1,8,0.744,0.519,38.47,0.698,0.805,0
18,9450,0.802,1,4,3,2,6,0.811,0.667,44.37,0.732,0.87,1
7,9451,0.924,2,2,0,2,11,0.872,0.775,30.67,0.865,0.965,1
4,9452,0.758,0,4,3,2,12,0.8,0.8,45.91,0.721,0.891,1
90,9453,0.882,3,2,1,1,7,0.821,0.738,30.32,0.825,0.892,1
69,9454,0.673,1,2,3,2,3,0.744,0.765,33.45,0.78,0.85,1
60,9455,0.769,2,3,2,2,11,0.864,0.803,40.02,0.806,0.887,1
55,9456,0.447,1,5,1,2,14,0.437,0.569,45.61,0.692,0.717,0
16,9457,0.689,0,1,3,2,1,0.595,0.828,41.77,0.598,0.801,0
99,9458,0.647,2,4,1,1,13,0.639,0.744,36.4,0.768,0.702,1
90,9459,0.848,1,1,2,1,2,0.833,0.841,27.65,0.818,0.923,1
82,9460,0.818,2,2,0,1,5,0.812,0.717,32.17,0.925,0.878,1
29,9461,0.96,2,0,0,2,12,0.808,0.932,18.59,0.897,0.995,1
23,9462,0.62,0,6,1,3,3,0.575,0.686,51.32,0.518,0.738,0
14,9463,0.851,2,2,1,3,2,0.785,0.782,30.6,0.726,0.872,0
79,9464,0.61,3,3,0,2,5,0.872,0.689,30.13,0.899,0.805,1
49,9465,0.601,2,2,2,3,3,0.835,0.736,30.66,0.828,0.879,0
33,9466,0.529,3,3,0,2,12,0.738,0.766,28.67,0.767,0.717,1
25,9467,0.888,1,4,0,1,6,0.863,0.813,37.11,0.855,0.964,1
21,9468,0.775,1,2,1,3,2,0.721,0.863,41.2,0.59,0.749,0
17,9469,0.756,1,1,1,2,9,0.896,0.742,34.64,0.799,0.879,1
23,9470,0.63,3,4,2,3,11,0.831,0.808,37.35,0.827,0.83,0
57,9471,0.899,1,2,4,2,7,0.815,0.803,31.4,0.866,0.906,1
81,9472,0.957,1,3,2,3,14,0.777,0.783,37.45,0.783,0.97,1
58,9473,0.91,3,4,0,3,5,0.972,0.822,36.43,0.767,1.0,0
14,9474,0.861,3,5,2,3,4,0.881,0.88,45.57,0.87,0.978,1
93,9475,0.74,3,7,0,3,9,0.819,0.826,43.47,0.803,0.856,1
20,9476,0.66,2,3,1,3,13,0.673,0.769,45.02,0.875,0.902,1
30,9477,0.896,2,5,0,3,2,0.787,0.814,52.48,0.858,0.868,1
19,9478,0.518,1,1,0,2,9,0.725,0.721,38.88,0.736,0.689,0
53,9479,0.718,2,3,1,2,12,0.86,0.885,30.71,0.847,0.835,1
56,9480,0.949,1,3,0,3,3,0.933,0.812,37.28,0.847,0.985,0
77,9481,0.74,2,5,2,2,4,0.704,0.826,30.91,0.762,0.793,1
82,9482,0.76,1,1,1,3,3,0.775,0.68,34.06,0.839,0.976,1
23,9483,0.765,3,4,1,3,13,0.909,0.819,29.61,0.817,0.938,1
62,9484,0.731,1,7,1,3,12,0.778,0.626,55.11,0.732,0.801,0
33,9485,0.424,2,2,1,3,12,0.618,0.662,36.57,0.806,0.772,1
18,9486,0.555,2,2,2,2,4,0.771,0.841,37.66,0.657,0.774,1
73,9487,0.599,1,3,2,2,13,0.797,0.796,42.17,0.796,0.773,1
33,9488,0.899,0,3,0,2,7,0.558,0.587,37.45,0.817,0.866,1
32,9489,0.463,1,4,0,1,12,0.503,0.682,54.19,0.535,0.698,0
61,9490,0.614,3,1,2,1,11,0.822,0.749,25.45,0.813,0.843,1
54,9491,0.714,3,1,0,1,8,0.795,0.777,24.95,0.751,0.745,1
17,9492,0.65,1,1,1,2,13,0.688,0.679,38.31,0.646,0.753,1
19,9493,0.52,1,2,0,2,8,0.637,0.669,45.17,0.71,0.782,1
91,9494,0.724,2,2,2,3,12,0.669,0.557,28.5,0.71,0.861,1
70,9495,0.795,2,2,0,3,1,0.82,0.594,33.26,0.699,0.744,1
99,9496,0.683,1,2,1,2,14,0.75,0.774,44.47,0.795,0.767,1
34,9497,0.804,3,3,0,3,11,0.893,0.855,27.43,0.983,0.897,1
84,9498,0.745,3,4,0,2,8,0.745,0.908,28.41,0.753,0.827,1
25,9499,0.844,0,5,1,2,7,0.759,0.796,47.21,0.774,0.958,0
68,9500,0.662,2,5,4,3,2,0.827,0.699,44.21,0.712,0.827,0
74,9501,0.7,0,2,2,1,11,0.665,0.607,44.68,0.725,0.785,1
74,9502,0.638,2,2,2,1,6,0.728,0.764,33.55,0.749,0.743,0
88,9503,0.835,3,3,1,2,1,0.843,0.764,34.2,0.953,0.917,1
85,9504,0.807,2,7,1,3,1,0.884,0.752,50.23,0.802,1.0,0
11,9505,0.457,2,3,2,2,4,0.634,0.749,41.43,0.721,0.809,0
91,9506,0.563,3,2,1,2,13,0.811,0.657,28.45,0.764,0.806,1
16,9507,0.797,2,3,1,2,2,0.887,0.806,31.06,0.884,0.866,1
90,9508,0.706,1,1,2,3,3,0.838,0.819,21.44,0.622,0.737,1
61,9509,0.526,1,6,2,3,6,0.624,0.599,50.29,0.581,0.639,0
94,9510,0.855,2,1,0,1,11,0.759,0.706,28.31,0.826,0.921,1
80,9511,0.527,0,4,1,2,4,0.567,0.689,48.71,0.693,0.764,0
7,9512,0.663,0,2,0,2,7,0.656,0.803,44.96,0.708,0.821,0
16,9513,0.741,3,4,2,2,1,0.885,0.87,37.73,0.899,0.848,1
99,9514,0.955,0,4,0,1,12,0.715,0.762,46.47,0.622,0.882,0
16,9515,0.751,2,1,0,3,14,0.73,0.824,33.38,0.731,0.836,1
40,9516,0.853,1,5,1,2,3,0.683,0.588,46.14,0.796,0.845,1
12,9517,0.733,3,7,1,2,14,0.705,0.648,44.69,0.838,0.765,0
35,9518,0.744,3,5,0,1,13,0.888,0.845,35.71,0.88,0.856,1
21,9519,0.684,3,5,0,2,12,0.691,0.894,29.6,0.755,0.715,0
50,9520,0.907,0,1,3,2,7,0.894,0.802,29.13,0.647,0.786,1
43,9521,0.919,2,2,0,3,11,0.929,0.949,34.91,0.866,0.922,1
100,9522,0.625,2,2,0,3,11,0.676,0.845,38.27,0.76,0.814,1
17,9523,0.887,3,1,1,2,1,0.979,0.856,17.78,0.96,0.959,1
32,9524,0.774,1,9,2,2,6,0.617,0.533,55.85,0.849,0.721,0
41,9525,0.732,0,2,1,1,13,0.501,0.747,35.48,0.738,0.697,1
6,9526,0.827,1,1,2,2,5,0.73,0.865,36.6,0.745,0.873,1
88,9527,0.659,2,6,0,2,4,0.547,0.682,44.61,0.782,0.72,1
27,9528,0.457,2,1,1,3,3,0.669,0.915,31.04,0.705,0.743,0
20,9529,0.875,2,3,1,3,9,0.736,0.681,30.37,0.961,0.831,1
25,9530,0.716,0,6,0,3,10,0.648,0.696,46.28,0.759,0.78,0
66,9531,0.664,2,1,1,1,11,0.864,0.869,29.33,0.82,0.729,1
9,9532,0.811,2,3,1,2,9,0.774,0.865,27.31,0.845,0.793,1
92,9533,0.673,2,6,3,2,3,0.716,0.835,48.97,0.759,0.884,0
53,9534,0.627,2,1,3,3,13,0.704,0.674,28.6,0.746,0.865,0
61,9535,0.749,2,5,1,2,10,0.72,0.694,36.54,0.792,0.82,1
38,9536,0.77,1,1,0,1,13,0.912,0.734,33.14,0.775,0.902,1
3,9537,0.785,3,3,0,3,6,0.865,0.597,33.36,0.913,0.853,1
84,9538,0.849,1,2,2,3,11,0.797,0.765,42.5,0.776,0.956,1
70,9539,0.88,3,2,2,3,12,0.864,0.679,27.89,0.895,0.899,1
97,9540,0.924,2,1,1,3,1,0.939,0.745,25.62,0.874,0.86,1
55,9541,0.613,2,4,1,3,13,0.744,0.678,40.05,0.693,0.79,0
1,9542,0.853,0,2,1,2,11,0.742,0.645,37.72,0.682,0.854,0
70,9543,0.683,3,6,1,1,8,0.732,0.695,42.33,0.896,0.816,1
45,9544,0.813,1,2,0,1,6,0.909,0.856,35.11,0.948,1.0,1
98,9545,0.721,2,5,0,2,3,0.822,0.915,36.29,0.836,0.798,1
47,9546,0.89,3,3,0,3,5,0.862,0.828,31.26,0.817,0.959,1
79,9547,0.856,1,1,4,2,11,0.853,0.787,27.77,0.868,0.901,1
26,9548,0.923,3,2,1,2,8,0.88,0.785,32.26,0.851,0.899,1
14,9549,0.816,2,3,0,2,8,0.727,0.725,30.97,0.845,0.839,1
54,9550,0.558,2,1,2,1,13,0.722,0.727,30.79,0.664,0.79,1
71,9551,0.814,3,3,1,2,4,0.911,0.789,26.57,0.771,0.962,0
46,9552,0.823,2,4,1,1,7,0.809,0.772,46.32,0.936,0.861,1
31,9553,0.704,2,5,0,2,5,0.79,0.742,43.97,0.84,0.828,1
88,9554,0.966,2,3,1,1,10,0.77,0.756,17.97,0.899,0.964,1
59,9555,0.766,2,6,2,2,12,0.746,0.702,32.14,0.805,0.854,1
95,9556,0.774,0,1,0,3,1,0.682,0.698,34.76,0.681,0.778,0
29,9557,0.689,1,1,1,1,4,0.706,0.843,42.38,0.74,0.801,1
96,9558,0.826,0,4,2,2,14,0.661,0.508,43.29,0.626,0.793,1
17,9559,0.96,1,3,1,2,7,0.783,0.81,29.71,0.901,1.0,1
14,9560,0.434,2,1,1,2,9,0.818,0.774,33.16,0.651,0.814,1
36,9561,0.705,0,2,0,2,13,0.706,0.751,45.6,0.674,0.858,1
58,9562,0.776,1,5,1,1,8,0.674,0.569,40.69,0.818,0.855,0
24,9563,0.735,2,4,0,1,8,0.825,0.496,34.32,0.838,0.871,1
63,9564,0.762,3,4,1,2,12,0.768,0.818,27.56,0.928,0.895,1
91,9565,0.906,1,3,2,3,10,0.942,0.89,44.66,0.926,1.0,1
25,9566,0.883,2,3,1,3,9,0.71,0.835,28.52,0.885,0.925,1
59,9567,0.96,2,2,1,2,12,0.877,0.826,34.77,0.994,0.958,1
32,9568,0.665,0,0,2,3,5,0.756,0.718,38.18,0.582,0.809,0
82,9569,0.952,0,4,1,1,12,0.747,0.721,44.9,0.758,0.928,1
18,9570,0.564,2,4,1,3,9,0.748,0.727,44.92,0.762,0.771,1
37,9571,0.582,0,1,0,2,3,0.579,0.635,47.66,0.694,0.731,0
26,9572,0.829,2,4,1,1,7,0.764,0.697,37.98,0.778,0.892,1
9,9573,0.691,2,0,0,1,4,0.991,0.815,21.01,0.893,0.9,1
99,9574,0.69,2,3,0,1,1,0.858,0.819,29.99,0.892,0.737,1
64,9575,0.755,1,4,3,1,1,0.874,0.662,48.27,0.726,0.797,1
72,9576,0.887,2,2,2,2,12,0.863,0.73,32.09,0.86,1.0,1
20,9577,0.837,1,3,0,2,6,0.817,0.778,39.29,0.779,0.863,1
54,9578,0.54,2,4,3,3,13,0.737,0.734,35.86,0.729,0.855,1
86,9579,0.911,1,0,1,2,13,0.757,0.853,28.43,0.667,0.797,1
83,9580,0.694,2,1,2,2,3,0.789,0.748,32.37,0.853,0.788,1
30,9581,0.73,3,6,0,1,11,0.663,0.565,49.73,0.828,0.779,0
53,9582,0.845,2,0,1,2,8,0.83,0.727,23.82,0.875,0.842,1
92,9583,0.962,1,1,3,2,7,0.842,0.894,32.96,0.857,0.945,1
99,9584,0.76,3,3,0,2,11,0.76,0.496,25.61,0.872,0.811,1
63,9585,0.438,1,3,0,3,10,0.579,0.638,42.02,0.704,0.608,1
11,9586,0.555,2,3,3,2,11,0.713,0.67,35.33,0.857,0.739,0
31,9587,0.87,1,3,0,1,13,0.914,0.78,34.7,0.842,0.985,1
49,9588,0.458,1,3,0,3,8,0.731,0.697,46.1,0.824,0.654,0
100,9589,0.744,2,2,1,2,4,0.743,0.721,48.93,0.809,0.906,0
94,9590,0.359,1,3,1,2,6,0.665,0.705,41.57,0.67,0.68,0
87,9591,0.926,3,0,0,2,7,1.0,0.793,20.74,0.949,0.966,1
19,9592,0.877,1,3,1,2,4,0.765,0.792,36.46,0.879,0.87,1
12,9593,0.879,0,3,1,3,10,0.663,0.746,42.91,0.782,0.873,1
15,9594,0.877,1,0,1,2,8,0.892,0.7,15.98,0.801,0.999,1
31,9595,0.829,2,4,1,2,9,0.699,0.647,36.86,0.685,0.869,1
43,9596,0.786,3,2,1,2,5,0.786,0.608,30.78,0.796,0.966,0
37,9597,0.632,2,3,3,3,3,0.802,0.613,35.53,0.84,0.769,0
79,9598,0.503,1,2,2,2,6,0.534,0.752,40.25,0.641,0.739,0
29,9599,0.943,2,2,2,2,12,0.95,0.602,35.41,0.953,0.946,1
26,9600,0.778,3,6,0,2,14,0.754,0.651,39.4,0.867,0.88,1
2,9601,0.83,1,1,3,2,10,0.902,0.68,31.7,0.795,0.887,1
84,9602,0.778,1,4,1,2,7,0.815,0.727,45.11,0.721,0.969,1
15,9603,0.802,2,1,2,3,5,0.705,0.729,33.16,0.772,0.8,0
4,9604,0.718,3,6,0,3,13,0.947,0.75,28.91,0.922,1.0,1
86,9605,0.956,2,2,1,2,14,0.857,0.87,30.51,0.824,1.0,1
50,9606,0.781,1,6,1,2,14,0.671,0.542,48.92,0.817,0.804,0
38,9607,0.579,0,3,1,3,11,0.721,0.566,38.57,0.657,0.759,0
23,9608,0.552,0,3,0,1,13,0.597,0.648,48.11,0.645,0.795,1
59,9609,0.425,3,6,2,2,9,0.797,0.791,47.64,0.775,0.666,1
90,9610,0.516,3,2,1,1,10,0.73,0.659,28.58,0.767,0.707,0
75,9611,0.897,2,6,0,2,6,0.94,0.809,41.1,0.875,0.969,1
28,9612,0.947,2,3,1,1,5,0.883,0.851,36.59,0.854,0.967,1
66,9613,0.834,2,2,1,2,11,0.806,0.787,31.91,0.912,0.821,1
8,9614,0.52,1,3,1,3,11,0.654,0.686,48.56,0.643,0.796,0
29,9615,0.645,2,3,0,3,6,0.86,0.782,27.96,0.83,0.843,1
11,9616,0.705,3,2,2,2,11,0.905,0.8,30.65,0.854,0.959,1
18,9617,0.772,0,3,3,2,13,0.679,0.798,38.06,0.715,0.776,1
55,9618,0.794,1,3,3,3,9,0.767,0.704,31.53,0.821,0.79,1
50,9619,0.37,1,1,0,2,2,0.679,0.754,42.19,0.612,0.658,1
14,9620,0.696,1,5,0,2,5,0.737,0.689,46.23,0.852,0.884,1
74,9621,0.973,2,3,1,2,2,0.9,0.807,31.35,0.819,0.955,1
99,9622,0.799,1,4,0,2,4,0.931,0.801,35.47,0.797,0.876,1
9,9623,0.706,2,2,0,2,5,0.717,0.674,33.47,0.806,0.92,1
99,9624,0.702,2,5,1,3,14,0.705,0.763,43.32,0.841,0.788,1
11,9625,0.733,3,2,1,2,10,0.794,0.738,18.72,0.833,0.885,1
63,9626,0.589,3,3,3,3,8,0.881,0.765,36.29,0.915,0.95,1
76,9627,0.766,2,4,0,3,2,0.7,0.451,35.41,0.861,0.791,0
67,9628,0.924,1,1,1,3,14,0.965,0.892,39.99,0.888,1.0,1
53,9629,0.586,1,5,0,1,7,0.665,0.702,52.63,0.728,0.793,0
39,9630,0.742,2,3,3,2,12,0.995,0.699,30.85,0.758,0.871,1
78,9631,0.349,1,3,1,2,9,0.599,0.646,35.74,0.652,0.634,1
56,9632,0.355,3,2,0,1,4,0.7,0.629,26.52,0.796,0.835,1
28,9633,0.499,2,4,0,2,1,0.708,0.746,47.59,0.748,0.761,1
75,9634,0.672,3,4,0,3,12,0.798,0.689,43.93,0.891,0.903,1
39,9635,0.72,2,3,3,2,8,0.791,0.787,32.65,0.801,0.774,1
25,9636,0.832,3,2,0,2,13,0.844,0.804,24.44,0.863,0.976,1
21,9637,0.876,3,3,2,2,1,0.74,0.905,24.93,0.845,1.0,1
10,9638,0.774,0,3,1,3,5,0.697,0.763,32.13,0.629,0.822,1
43,9639,0.8,2,3,1,1,4,0.991,0.731,44.48,0.801,0.879,1
15,9640,0.75,1,1,1,2,8,0.711,0.775,29.38,0.7,0.918,1
83,9641,0.817,3,6,1,2,7,0.823,0.774,48.29,0.922,0.931,1
48,9642,0.506,2,2,0,3,2,0.682,0.706,37.46,0.758,0.811,1
86,9643,0.687,0,2,3,2,14,0.752,0.799,45.82,0.678,0.821,1
21,9644,0.748,3,3,1,2,6,0.744,0.597,39.32,0.865,0.953,1
60,9645,0.665,1,3,0,2,9,0.745,0.846,30.98,0.718,0.79,1
96,9646,0.921,2,2,0,3,4,0.874,0.838,31.07,0.896,0.944,1
50,9647,0.693,2,2,0,2,10,0.741,0.742,29.21,0.81,0.815,1
23,9648,0.867,3,6,1,1,13,0.842,0.768,30.38,0.905,0.919,1
13,9649,0.87,3,7,1,3,5,0.811,0.594,40.72,0.865,0.922,1
69,9650,0.701,2,3,1,2,12,0.796,0.716,42.96,0.844,0.87,1
4,9651,0.739,1,1,1,3,11,0.745,0.803,36.39,0.782,0.76,0
92,9652,0.865,1,1,1,2,6,0.735,0.74,33.61,0.725,0.908,1
78,9653,0.782,1,2,3,2,8,0.715,0.712,34.15,0.679,0.76,0
72,9654,0.671,1,3,1,3,9,0.777,0.681,39.56,0.812,0.788,1
9,9655,0.952,2,2,0,1,7,0.868,0.829,30.85,0.828,0.882,1
35,9656,0.881,2,4,1,2,10,0.771,0.788,36.24,0.899,0.925,1
21,9657,0.95,2,0,1,2,4,0.775,0.885,21.24,0.807,0.988,1
58,9658,0.855,0,2,1,2,11,0.684,0.75,32.41,0.741,0.972,1
18,9659,0.82,1,1,3,2,8,0.837,0.846,31.32,0.771,0.884,1
97,9660,0.785,1,1,1,2,2,0.764,0.871,38.35,0.843,0.928,1
72,9661,0.725,2,3,1,1,8,0.844,0.659,31.78,0.778,0.839,0
81,9662,0.513,2,3,1,2,4,0.76,0.838,37.81,0.678,0.717,0
43,9663,0.891,2,5,0,2,3,0.79,0.608,30.63,0.839,0.767,1
95,9664,0.882,1,1,0,2,8,0.758,0.791,25.05,0.799,0.791,1
98,9665,0.563,2,1,1,1,3,0.947,0.82,33.65,0.793,0.866,0
6,9666,0.758,2,3,2,2,10,0.821,0.82,34.35,0.919,0.877,1
86,9667,0.599,1,3,1,1,9,0.642,0.796,46.73,0.72,0.672,0
78,9668,0.547,2,4,2,2,6,0.725,0.838,41.11,0.698,0.799,1
67,9669,0.489,2,3,0,3,12,0.772,0.795,40.27,0.705,0.783,1
12,9670,0.566,0,3,0,2,13,0.669,0.681,46.08,0.577,0.764,1
100,9671,0.698,1,4,4,2,8,0.707,0.686,46.67,0.676,0.808,1
12,9672,0.717,1,2,0,3,6,0.792,0.789,31.51,0.629,0.86,1
66,9673,0.758,1,7,1,2,3,0.744,0.634,53.2,0.89,0.865,0
2,9674,0.808,1,4,0,2,12,0.814,0.787,34.79,0.817,0.959,1
15,9675,0.455,1,1,3,1,11,0.755,0.725,35.01,0.681,0.767,1
23,9676,0.414,1,3,1,3,14,0.684,0.833,35.61,0.691,0.746,1
29,9677,0.748,3,2,0,1,2,0.789,0.758,29.05,0.83,0.813,1
81,9678,0.918,1,1,0,2,14,0.824,0.811,36.94,0.857,0.921,1
96,9679,0.921,1,1,3,3,4,0.93,0.668,34.75,0.803,0.866,1
7,9680,0.749,1,5,0,2,8,0.725,0.547,46.72,0.769,0.923,0
94,9681,0.771,3,1,1,3,7,0.762,0.687,22.92,0.982,0.954,1
28,9682,0.425,2,5,0,2,6,0.66,0.688,45.26,0.865,0.728,0
14,9683,0.624,2,1,0,2,5,0.775,0.829,33.94,0.775,0.878,1
44,9684,0.383,2,5,0,2,10,0.715,0.665,45.53,0.74,0.632,1
30,9685,0.889,1,2,1,2,7,0.849,0.8,38.08,0.906,1.0,1
81,9686,0.922,3,3,2,2,2,0.855,0.844,20.8,1.0,0.907,1
32,9687,0.733,1,4,2,1,5,0.686,0.684,42.18,0.739,0.768,0
70,9688,0.932,2,0,0,3,11,0.79,0.781,17.83,0.849,1.0,1
88,9689,0.587,1,2,1,2,8,0.869,0.726,36.14,0.692,0.813,0
6,9690,0.829,2,3,1,3,8,0.864,0.938,38.42,0.842,0.844,0
27,9691,0.521,1,2,1,3,12,0.74,0.811,42.27,0.655,0.853,1
82,9692,0.742,2,1,0,1,13,0.78,0.726,30.53,0.736,0.782,1
88,9693,0.651,1,7,1,2,6,0.754,0.752,48.88,0.704,0.875,1
24,9694,0.219,2,2,2,3,10,0.671,0.558,43.22,0.707,0.742,1
34,9695,0.851,1,6,0,2,1,0.645,0.69,45.02,0.699,0.916,1
40,9696,0.786,3,2,1,1,2,0.928,0.931,30.0,0.84,0.976,0
47,9697,0.42,0,0,1,2,3,0.748,0.836,29.35,0.697,0.811,1
79,9698,0.713,2,2,1,2,13,0.759,0.848,35.35,0.687,0.834,1
75,9699,0.628,2,5,0,3,4,0.681,0.655,41.79,0.673,0.815,0
86,9700,0.747,3,4,0,2,14,0.808,0.737,31.47,0.839,0.835,1
24,9701,0.861,3,6,0,2,14,0.772,0.703,45.93,0.894,0.976,1
65,9702,0.545,3,4,4,3,7,0.676,0.624,42.88,0.833,0.738,0
18,9703,0.859,1,4,0,2,6,0.721,0.602,41.74,0.653,0.849,1
44,9704,0.917,1,4,1,3,7,0.77,0.748,42.25,0.801,0.919,1
76,9705,0.544,1,4,3,3,3,0.682,0.66,42.12,0.675,0.79,0
57,9706,0.639,2,3,1,2,3,0.863,0.882,34.56,0.904,0.892,1
28,9707,0.792,1,3,2,1,10,0.684,0.709,44.81,0.733,0.755,1
71,9708,0.79,2,6,0,2,8,0.735,0.621,49.73,0.74,0.761,1
23,9709,0.627,0,4,0,2,6,0.71,0.918,52.82,0.757,0.895,1
85,9710,0.925,0,3,2,3,3,0.787,0.625,42.13,0.8,0.972,1
34,9711,0.99,2,1,2,1,1,0.944,0.823,31.2,0.894,1.0,1
11,9712,0.747,3,3,0,2,13,0.835,0.826,30.49,0.925,0.739,1
86,9713,0.415,2,4,1,3,10,0.616,0.729,48.62,0.571,0.692,1
35,9714,0.711,1,3,0,1,6,0.727,0.561,44.85,0.81,0.727,0
93,9715,0.758,3,3,1,2,12,0.859,0.729,26.37,0.813,0.802,0
42,9716,0.76,2,3,1,3,10,0.722,0.82,25.14,0.784,0.939,1
28,9717,0.921,2,5,2,2,8,0.864,0.776,41.86,0.927,1.0,1
82,9718,0.558,1,4,0,1,2,0.649,0.738,45.16,0.724,0.779,0
78,9719,0.636,2,4,1,3,6,0.786,0.797,47.27,0.742,0.739,0
82,9720,0.806,1,2,3,1,10,0.828,0.81,33.83,0.633,0.825,1
92,9721,0.965,3,7,1,2,12,0.917,0.679,35.69,0.961,1.0,0
24,9722,0.715,2,6,0,1,7,0.7,0.712,45.56,0.776,0.884,0
8,9723,0.921,2,0,0,2,4,0.892,0.934,24.42,0.945,0.837,1
53,9724,0.911,2,3,0,3,9,0.804,0.756,34.19,0.825,0.931,1
72,9725,0.932,0,2,2,3,4,0.772,0.747,29.11,0.803,0.934,1
4,9726,0.777,2,6,1,1,14,0.829,0.628,40.75,0.827,0.91,1
91,9727,0.693,2,4,2,2,7,0.793,0.922,40.42,0.739,0.852,1
100,9728,0.503,2,1,3,1,13,0.816,0.734,39.44,0.692,0.865,0
5,9729,0.695,1,3,2,2,7,0.719,0.764,42.14,0.756,0.875,1
97,9730,0.548,3,3,3,3,11,0.917,0.731,32.44,0.768,0.902,1
49,9731,0.469,2,1,2,2,4,0.715,0.852,28.22,0.714,0.705,0
98,9732,0.82,0,4,0,2,10,0.718,0.834,41.83,0.767,0.89,1
30,9733,0.565,2,3,0,2,5,0.867,0.735,40.53,0.725,0.809,1
72,9734,0.548,3,2,3,2,13,0.822,0.857,27.71,0.75,0.777,1
63,9735,0.561,2,3,0,2,10,0.79,0.679,39.85,0.918,0.841,0
47,9736,0.698,1,3,0,3,9,0.72,0.641,46.63,0.635,0.965,1
26,9737,0.464,2,1,0,1,6,0.723,0.596,43.36,0.778,0.761,1
57,9738,0.895,1,3,1,2,12,0.885,0.725,29.31,0.848,0.843,1
37,9739,0.759,2,9,2,2,6,0.839,0.732,54.85,0.882,0.921,0
98,9740,0.83,2,1,3,3,4,0.807,0.99,22.73,0.923,0.917,1
7,9741,0.757,0,0,2,2,8,0.871,0.776,37.29,0.701,0.86,0
40,9742,0.74,1,1,1,3,9,0.893,0.687,36.56,0.842,0.92,1
92,9743,0.343,1,3,1,2,1,0.723,0.735,51.02,0.496,0.722,0
39,9744,0.643,1,0,1,2,10,0.709,0.519,31.94,0.85,0.825,1
62,9745,0.611,1,5,1,2,12,0.623,0.845,53.86,0.669,0.774,1
92,9746,0.977,3,2,1,2,3,0.953,0.92,28.43,0.94,0.961,1
78,9747,0.471,2,3,1,2,7,0.557,0.643,32.2,0.763,0.872,1
53,9748,0.732,2,5,3,3,8,0.699,0.661,43.56,0.72,0.885,0
4,9749,0.613,1,3,0,2,12,0.72,0.657,42.54,0.779,0.7,0
82,9750,0.885,0,5,3,2,13,0.769,0.566,45.22,0.794,0.828,0
25,9751,0.986,1,4,2,2,12,0.83,0.714,38.44,0.792,1.0,1
7,9752,0.749,2,3,0,3,11,0.708,0.847,31.54,0.796,0.836,0
28,9753,0.885,2,4,1,1,5,0.738,0.78,35.2,0.764,0.868,1
69,9754,0.501,2,3,2,2,14,0.717,0.651,45.93,0.768,0.715,1
67,9755,0.852,1,4,0,3,11,0.702,0.762,35.1,0.756,0.818,1
95,9756,0.696,0,2,2,2,6,0.679,0.696,39.35,0.76,0.717,1
20,9757,0.883,2,0,2,2,6,0.985,0.834,23.19,0.943,0.923,1
83,9758,0.807,0,1,0,2,10,0.753,0.668,35.3,0.687,0.873,1
11,9759,0.47,0,4,2,1,13,0.751,0.639,59.84,0.685,0.826,0
67,9760,0.459,1,2,1,1,9,0.798,0.736,40.78,0.734,0.761,0
87,9761,0.941,2,5,2,2,9,0.731,0.715,42.86,0.856,0.948,1
7,9762,0.86,3,3,0,2,8,0.877,0.894,41.39,1.0,0.934,1
23,9763,0.722,0,5,1,1,3,0.692,0.778,43.25,0.703,0.679,0
61,9764,0.88,2,9,1,1,8,0.749,0.624,52.4,0.878,0.861,1
71,9765,0.647,2,2,3,3,13,0.771,0.726,38.97,0.813,0.887,0
34,9766,0.611,3,5,1,2,14,0.747,0.697,42.53,0.864,0.739,1
19,9767,0.531,2,1,0,2,10,0.843,0.736,32.92,0.775,0.717,1
58,9768,0.524,3,3,1,2,5,0.857,0.66,28.85,0.87,0.871,1
9,9769,0.865,2,4,1,3,7,0.845,0.675,31.18,0.833,0.941,0
48,9770,0.506,2,3,0,2,12,0.777,0.756,34.83,0.794,0.818,1
82,9771,0.84,2,4,0,3,10,0.649,0.763,30.08,0.783,0.815,1
41,9772,0.923,3,7,3,2,2,0.701,0.663,37.61,1.0,0.92,0
48,9773,0.838,2,4,0,3,4,0.948,0.723,35.02,0.814,0.809,1
45,9774,0.71,2,3,2,2,4,0.821,0.782,32.11,0.913,0.933,1
25,9775,0.58,1,6,1,3,8,0.715,0.809,49.61,0.67,0.658,0
78,9776,0.63,2,6,1,1,10,0.63,0.677,43.14,0.734,0.837,1
25,9777,0.691,2,5,2,3,7,0.643,0.883,44.29,0.854,0.717,0
19,9778,0.257,2,4,0,2,8,0.711,0.899,50.45,0.675,0.662,0
39,9779,0.726,2,3,0,1,5,0.675,0.662,36.61,0.77,0.961,0
79,9780,0.382,1,6,1,2,7,0.713,0.748,58.78,0.548,0.822,0
80,9781,0.767,2,2,1,2,4,0.854,0.7,36.45,0.823,0.847,1
27,9782,0.752,1,4,2,2,6,0.808,0.821,41.23,0.8,0.882,0
74,9783,0.742,0,5,2,2,7,0.663,0.725,48.17,0.636,0.855,0
63,9784,0.639,3,4,1,3,8,0.805,0.79,31.15,0.898,0.831,1
68,9785,0.618,0,5,1,3,1,0.746,0.711,46.8,0.607,0.762,0
19,9786,0.71,2,0,1,3,9,0.804,0.613,20.48,0.864,0.929,1
28,9787,0.638,3,2,2,3,4,1.0,0.84,36.83,0.694,0.874,1
85,9788,0.663,0,4,1,2,5,0.569,0.699,46.41,0.695,0.751,1
78,9789,0.729,1,0,0,2,4,0.789,0.652,33.15,0.817,0.83,1
33,9790,0.925,2,1,0,2,10,0.726,0.753,24.29,0.879,1.0,1
10,9791,0.635,0,2,1,1,1,0.686,0.696,37.26,0.733,0.89,0
83,9792,0.858,3,6,1,2,5,0.923,0.755,48.62,0.899,0.898,1
30,9793,0.931,0,6,0,2,6,0.733,0.577,49.23,0.801,0.943,0
22,9794,0.729,3,3,0,2,2,0.887,0.864,32.71,0.933,0.84,1
3,9795,0.836,0,3,1,2,12,0.782,0.637,44.94,0.74,0.914,0
82,9796,0.522,3,2,2,1,5,0.833,0.717,33.04,0.685,0.8,1
75,9797,0.444,3,2,2,2,9,0.824,0.835,28.17,0.717,0.714,1
48,9798,0.636,2,0,1,1,14,0.778,0.768,30.12,0.805,0.74,1
2,9799,0.645,2,4,1,2,5,0.813,0.816,34.2,0.875,0.889,0
76,9800,0.75,0,3,3,2,8,0.656,0.837,32.25,0.624,0.827,1
54,9801,0.822,1,1,1,2,12,0.847,0.87,30.58,0.78,0.885,1
6,9802,0.757,1,3,0,2,8,0.725,0.737,36.86,0.77,0.876,1
40,9803,0.921,2,0,2,2,11,0.926,0.843,12.42,1.0,1.0,1
93,9804,0.568,3,2,3,2,1,0.818,0.874,42.19,0.819,0.868,0
94,9805,0.668,2,4,1,2,6,0.751,0.665,34.65,0.876,0.769,1
2,9806,0.643,2,4,3,2,7,0.909,0.706,40.92,0.911,0.781,0
73,9807,0.786,2,4,1,2,11,0.755,0.654,42.47,0.923,0.964,1
2,9808,0.536,3,1,0,3,14,0.857,0.768,31.13,0.9,0.79,1
93,9809,0.941,2,2,3,1,8,0.833,0.753,23.44,0.899,0.943,1
97,9810,0.352,3,2,0,2,1,0.776,0.813,33.85,0.76,0.676,1
74,9811,0.857,0,7,1,2,13,0.707,0.659,57.6,0.667,0.785,1
98,9812,0.681,1,1,2,3,6,0.808,0.91,34.29,0.684,0.811,1
55,9813,0.829,3,2,0,2,12,0.812,0.801,21.06,0.935,0.967,1
72,9814,0.489,2,1,1,3,2,0.736,0.699,32.54,0.693,0.854,0
60,9815,0.838,1,5,0,2,14,0.904,0.824,34.54,0.907,0.917,1
97,9816,0.641,3,5,1,3,2,0.719,0.559,36.35,0.894,0.84,1
6,9817,0.598,3,2,2,3,12,0.845,0.803,31.74,0.925,0.849,1
19,9818,0.953,0,2,2,2,8,0.918,0.697,36.48,0.74,1.0,1
96,9819,0.977,3,4,0,3,1,0.812,0.691,22.86,0.92,0.975,1
27,9820,0.874,2,0,1,2,4,0.825,0.696,20.65,0.919,0.889,1
1,9821,0.514,1,2,0,2,3,0.758,0.829,38.55,0.783,0.757,1
33,9822,0.671,2,3,1,3,7,0.738,0.688,36.87,0.666,0.852,1
40,9823,0.835,3,4,4,3,8,0.864,0.741,32.13,0.775,0.921,1
32,9824,0.863,2,2,1,3,8,0.957,0.889,29.36,0.971,0.941,1
69,9825,0.719,3,2,0,2,5,0.82,0.838,36.95,0.805,0.803,1
17,9826,0.428,0,0,1,2,3,0.595,0.717,45.52,0.558,0.697,0
8,9827,0.29,2,3,2,2,3,0.752,0.811,43.07,0.769,0.7,0
57,9828,0.663,1,1,3,2,14,0.819,0.745,34.04,0.73,0.797,1
42,9829,0.716,0,5,2,2,9,0.561,0.743,50.97,0.721,0.694,1
98,9830,0.774,2,3,0,2,8,0.742,0.78,44.4,0.836,0.846,1
9,9831,0.624,2,2,1,2,4,0.808,0.826,31.67,0.802,0.944,1
87,9832,0.89,2,2,0,2,5,0.917,0.872,33.38,0.807,0.976,1
35,9833,0.707,3,5,2,2,1,0.772,0.809,33.14,0.852,0.98,1
71,9834,0.868,2,3,1,2,12,0.856,0.764,29.4,0.762,0.94,1
79,9835,0.509,1,2,3,2,2,0.787,0.816,33.72,0.655,0.8,0
53,9836,0.928,3,3,1,2,10,0.923,0.944,29.05,0.895,0.918,0
54,9837,0.596,1,4,2,2,8,0.683,0.793,51.5,0.712,0.837,1
84,9838,0.821,2,2,2,2,9,0.746,0.676,29.48,0.838,0.928,1
25,9839,0.814,1,2,1,3,1,0.762,0.597,34.51,0.884,0.896,1
67,9840,0.603,3,3,1,2,3,0.841,0.686,33.59,0.823,0.827,1
62,9841,0.883,1,7,1,3,13,0.636,0.463,49.17,0.817,0.814,0
55,9842,0.729,2,1,1,2,5,0.767,0.719,33.9,0.763,0.808,0
46,9843,0.917,2,2,1,1,4,1.0,0.792,33.24,0.993,0.934,1
24,9844,0.761,1,1,1,2,12,0.645,0.784,35.95,0.755,0.848,0
98,9845,0.714,2,4,1,3,12,0.771,0.768,32.19,0.855,0.912,1
46,9846,0.653,1,4,1,2,2,0.753,0.576,39.58,0.617,0.815,1
22,9847,0.622,3,4,2,1,3,0.878,0.73,33.04,0.926,1.0,1
11,9848,0.729,3,0,1,1,1,0.939,0.823,26.58,0.847,0.877,1
48,9849,0.831,3,5,1,2,4,0.82,0.6,34.17,0.791,0.931,0
8,9850,0.87,2,4,3,2,12,0.889,0.642,43.75,0.897,0.939,1
39,9851,0.732,0,3,1,2,7,0.695,0.697,37.26,0.754,0.931,0
35,9852,0.769,0,6,2,3,8,0.677,0.684,55.05,0.713,0.684,1
49,9853,0.719,2,1,1,3,11,0.745,0.651,34.55,0.803,0.828,1
46,9854,0.871,2,2,0,3,7,0.924,0.834,34.63,0.913,0.949,1
38,9855,0.922,3,3,2,2,5,0.945,0.796,24.89,0.977,0.909,0
8,9856,0.483,2,0,1,3,4,0.772,0.827,27.1,0.736,0.788,1
54,9857,0.805,3,1,4,2,5,0.97,0.866,21.18,0.838,0.902,1
37,9858,0.906,2,1,2,2,5,0.828,0.59,17.72,0.753,0.839,1
91,9859,0.746,2,4,0,3,12,0.739,0.741,36.81,0.784,0.828,1
92,9860,0.295,1,3,3,2,5,0.514,0.625,43.23,0.707,0.707,0
40,9861,0.891,1,1,0,3,12,0.737,0.727,24.96,0.763,0.913,1
34,9862,0.662,2,5,1,2,1,0.699,0.732,43.66,0.761,0.799,1
96,9863,0.925,2,4,1,1,11,0.733,0.748,32.43,0.787,0.942,1
79,9864,0.597,1,2,2,2,12,0.683,0.73,40.74,0.619,0.705,0
17,9865,0.535,1,4,1,1,7,0.671,0.711,47.28,0.68,0.677,1
33,9866,0.764,1,4,1,3,4,0.812,0.757,41.56,0.677,0.776,0
47,9867,0.496,0,6,1,2,12,0.743,0.752,57.41,0.536,0.82,0
52,9868,0.633,2,2,0,2,5,0.779,0.78,33.12,0.749,0.852,1
80,9869,0.571,1,2,5,1,14,0.754,0.736,41.37,0.581,0.747,0
93,9870,0.527,1,3,1,2,1,0.74,0.712,46.38,0.72,0.774,0
9,9871,0.666,2,7,1,3,9,0.714,0.633,63.6,0.795,0.882,1
33,9872,0.635,2,0,1,2,10,0.813,0.686,27.2,0.803,0.879,1
60,9873,0.809,2,2,1,2,7,0.818,0.653,23.3,0.855,0.907,0
93,9874,0.706,2,4,1,3,1,0.828,0.72,48.17,0.953,0.751,1
77,9875,0.518,2,3,1,1,2,0.833,0.789,46.89,0.775,0.826,1
21,9876,0.501,3,1,2,1,8,0.635,0.732,31.46,0.721,0.713,1
58,9877,0.869,2,3,1,1,11,1.0,0.874,34.56,0.802,0.871,1
85,9878,0.489,2,3,0,2,8,0.765,0.542,38.85,0.763,0.859,1
69,9879,0.906,3,2,1,2,2,0.751,0.712,21.38,0.904,0.773,1
10,9880,0.656,1,5,1,3,7,0.703,0.739,43.18,0.734,0.785,1
6,9881,0.643,2,3,2,3,10,0.791,0.6,46.81,0.68,0.905,1
13,9882,0.67,2,1,1,2,1,0.753,0.745,31.29,0.671,0.79,0
65,9883,0.695,3,3,1,2,6,0.873,0.828,30.56,0.905,0.82,1
20,9884,0.942,2,4,0,3,2,0.734,0.739,28.34,0.925,0.932,1
57,9885,0.782,1,4,0,2,9,0.662,0.625,30.86,0.793,0.841,1
46,9886,0.753,1,2,2,1,6,0.88,0.71,33.6,0.78,0.866,1
8,9887,0.262,3,2,1,3,12,0.642,0.655,34.34,0.672,0.684,1
10,9888,0.599,2,1,1,3,1,0.816,0.832,29.84,0.709,0.894,0
73,9889,0.441,0,5,2,2,4,0.609,0.78,43.29,0.614,0.688,0
67,9890,0.652,2,1,3,1,6,0.762,0.821,24.42,0.78,0.801,1
11,9891,0.648,0,4,0,2,2,0.601,0.784,48.35,0.617,0.822,0
12,9892,0.495,1,4,0,2,10,0.711,0.639,53.55,0.714,0.614,1
10,9893,0.905,2,0,2,2,7,0.966,0.827,12.28,0.799,0.867,1
25,9894,0.886,2,6,1,2,10,0.97,0.727,39.84,0.858,0.958,1
49,9895,0.449,3,6,1,1,5,0.803,0.738,45.57,0.734,0.732,1
49,9896,0.683,2,4,1,2,3,0.828,0.882,38.02,0.841,0.767,1
89,9897,0.752,3,0,2,1,8,0.983,0.882,25.67,1.0,0.894,1
11,9898,0.436,3,2,1,1,6,0.587,0.828,28.91,0.73,0.734,1
62,9899,0.956,1,2,2,2,14,0.801,0.656,38.79,0.783,1.0,1
36,9900,0.333,3,4,0,2,9,0.73,0.644,40.85,0.898,0.709,1
39,9901,0.712,3,4,4,3,3,0.856,0.617,38.17,0.839,0.824,0
53,9902,0.73,3,6,1,3,10,0.734,0.679,43.39,0.807,0.913,1
90,9903,0.494,0,6,1,1,6,0.662,0.492,56.01,0.592,0.63,0
78,9904,0.777,3,3,2,2,7,0.717,0.677,22.92,0.822,0.859,1
56,9905,0.495,0,2,0,2,1,0.662,0.752,44.91,0.716,0.691,1
1,9906,0.568,2,5,0,2,7,0.648,0.611,45.04,0.728,0.689,1
56,9907,0.669,2,2,0,1,1,0.799,0.683,38.76,0.81,0.793,1
4,9908,0.709,3,1,1,1,10,0.831,0.797,16.34,0.89,0.85,1
30,9909,0.863,2,3,0,2,11,0.733,0.736,25.74,0.768,0.874,0
12,9910,0.746,2,1,1,2,4,0.758,0.865,39.03,0.768,0.916,0
35,9911,0.747,2,4,1,2,3,0.899,0.728,26.99,0.805,0.901,1
77,9912,0.628,0,2,0,2,8,0.735,0.71,38.94,0.582,0.921,0
52,9913,0.815,2,1,0,2,3,0.893,0.848,33.08,0.871,0.892,1
31,9914,0.877,2,2,0,2,8,0.869,0.801,28.62,0.919,0.884,1
87,9915,0.864,2,4,1,1,12,0.804,0.624,36.93,0.665,0.852,1
68,9916,0.637,0,3,2,2,12,0.632,0.668,38.37,0.657,0.781,1
52,9917,0.589,0,3,2,2,4,0.666,0.698,38.15,0.637,0.687,1
80,9918,0.566,1,3,2,1,10,0.759,0.727,46.09,0.862,0.751,1
7,9919,0.69,3,1,4,2,6,0.941,0.898,19.1,0.859,0.894,1
22,9920,0.741,1,3,1,2,8,0.627,0.695,41.81,0.835,0.85,1
93,9921,0.553,2,4,2,2,13,0.725,0.8,41.19,0.699,0.696,1
75,9922,0.511,1,2,3,1,10,0.67,0.796,41.97,0.734,0.809,0
56,9923,0.655,2,2,1,3,8,0.793,0.835,31.27,0.757,0.826,1
97,9924,0.763,1,6,0,2,13,0.725,0.687,47.87,0.778,0.829,1
58,9925,0.827,0,1,4,2,8,0.721,0.711,37.62,0.73,0.823,0
93,9926,0.773,1,2,3,1,11,0.83,0.817,40.79,0.767,0.905,1
64,9927,0.888,2,4,0,3,11,0.858,0.65,27.64,0.949,0.978,1
12,9928,0.903,3,2,1,1,3,0.837,0.777,25.76,0.993,1.0,1
7,9929,0.704,0,3,0,2,6,0.791,0.816,46.13,0.629,0.797,1
55,9930,0.82,3,4,3,2,8,0.859,0.755,27.1,0.929,0.847,1
62,9931,0.517,0,2,2,2,8,0.774,0.696,43.08,0.765,0.811,0
90,9932,0.744,1,3,1,2,7,0.694,0.737,47.29,0.725,0.801,1
73,9933,0.447,0,1,1,2,12,0.688,0.785,37.62,0.611,0.758,0
98,9934,0.36,3,4,0,2,6,0.786,0.765,41.66,0.817,0.707,0
77,9935,0.772,2,1,0,2,8,0.784,0.749,26.34,0.794,0.759,1
55,9936,0.71,1,1,2,2,9,0.707,0.743,28.14,0.744,0.847,1
36,9937,0.922,1,3,3,2,9,0.771,0.794,34.96,0.723,0.85,1
89,9938,0.828,2,4,2,1,4,0.854,0.825,42.3,0.897,0.973,1
24,9939,0.82,0,4,1,1,6,0.553,0.691,41.68,0.733,0.865,1
44,9940,0.407,1,1,0,1,4,0.682,0.685,44.65,0.681,0.732,0
17,9941,0.849,3,1,1,2,3,1.0,0.833,21.91,0.929,0.948,1
2,9942,0.349,1,4,1,1,13,0.504,0.576,54.2,0.583,0.733,1
13,9943,0.98,2,3,0,3,7,0.808,0.77,31.49,0.981,0.877,1
31,9944,0.633,1,2,1,2,9,0.84,0.629,38.45,0.748,0.896,0
93,9945,0.72,0,5,1,2,7,0.585,0.643,60.47,0.572,0.78,0
28,9946,0.892,3,6,0,2,10,0.898,0.725,35.07,0.89,0.934,1
60,9947,0.97,3,3,0,2,4,0.965,0.857,20.67,0.836,0.929,1
27,9948,0.702,2,1,1,3,10,0.749,0.727,22.24,0.781,0.799,1
15,9949,0.602,2,3,2,2,4,0.818,0.695,37.08,0.857,0.821,0
95,9950,0.506,2,6,1,1,9,0.595,0.641,53.58,0.775,0.82,0
79,9951,0.813,2,2,0,2,13,0.899,0.751,30.79,0.81,0.905,1
33,9952,0.901,2,4,1,1,6,0.85,0.684,37.0,0.822,0.947,1
20,9953,0.622,2,5,1,2,9,0.81,0.797,43.0,0.781,0.828,1
42,9954,0.785,3,4,0,2,11,0.775,0.792,30.1,0.826,0.808,1
12,9955,0.587,2,3,2,3,2,0.811,0.648,33.45,0.785,0.854,1
73,9956,0.636,3,2,0,1,11,0.666,0.762,37.74,0.888,0.757,1
23,9957,0.858,1,2,2,3,2,0.9,0.837,34.78,0.781,0.955,1
72,9958,0.604,0,2,1,3,7,0.605,0.621,44.36,0.642,0.807,0
96,9959,0.807,2,3,2,2,14,0.904,0.863,28.44,0.94,0.904,1
14,9960,0.762,1,3,1,1,9,0.835,0.541,44.7,0.895,0.983,0
91,9961,0.86,2,1,1,3,7,0.805,0.818,26.6,0.889,0.947,1
25,9962,0.939,2,2,1,3,12,0.776,0.801,32.18,0.839,0.912,1
77,9963,0.695,2,3,1,2,2,0.752,0.751,43.42,0.744,0.942,0
85,9964,0.927,0,2,0,3,6,0.814,0.79,37.11,0.796,0.979,1
31,9965,0.82,3,4,0,2,3,0.937,0.755,28.53,0.914,0.867,1
54,9966,0.865,0,2,0,2,2,0.875,0.877,36.02,0.696,0.837,1
5,9967,0.637,3,2,1,2,2,0.927,0.722,30.59,0.831,0.841,1
13,9968,0.907,0,1,1,3,6,0.79,0.825,31.44,0.823,0.936,1
28,9969,0.946,2,2,0,3,14,0.764,0.697,30.72,0.911,0.953,1
43,9970,0.906,3,2,2,2,13,0.981,0.807,19.15,0.858,1.0,1
89,9971,0.959,3,2,0,2,6,0.889,0.889,22.51,0.95,0.931,0
99,9972,0.772,3,1,2,3,7,0.815,0.746,22.84,0.927,0.892,1
47,9973,0.741,3,5,1,1,10,0.841,0.679,46.33,0.837,0.964,1
71,9974,0.737,2,1,1,1,7,0.795,0.765,24.16,0.79,0.86,1
38,9975,0.533,2,0,1,3,10,0.73,0.811,25.56,0.733,0.869,0
96,9976,0.935,2,1,4,2,10,1.0,0.924,18.61,0.919,0.93,1
67,9977,0.676,3,2,1,1,5,0.846,0.729,32.74,0.865,0.819,1
62,9978,0.754,3,2,2,2,4,0.918,0.778,33.4,0.896,0.946,1
39,9979,0.862,2,3,1,3,14,0.791,0.801,36.11,0.825,0.873,1
37,9980,0.716,2,4,1,1,14,0.885,0.777,33.74,0.857,0.868,1
86,9981,0.802,2,4,1,1,5,0.783,0.713,37.4,0.748,0.848,0
8,9982,0.512,3,4,1,3,2,0.664,0.783,38.93,0.734,0.703,0
81,9983,0.409,1,1,2,2,13,0.691,0.732,45.92,0.633,0.694,1
52,9984,0.655,1,2,1,3,1,0.792,0.722,39.54,0.699,0.803,0
91,9985,0.301,3,4,1,2,9,0.697,0.64,41.8,0.804,0.689,0
33,9986,0.706,2,5,2,1,5,0.833,0.727,45.84,0.909,0.812,1
81,9987,0.724,2,2,2,2,3,0.886,0.758,38.97,0.943,0.809,1
42,9988,0.77,3,6,1,2,10,0.827,0.967,40.27,0.912,0.836,1
76,9989,0.642,3,1,1,2,10,0.922,0.934,39.61,0.888,0.829,1
27,9990,0.883,1,5,2,1,10,0.732,0.675,38.06,0.914,0.881,1
8,9991,0.449,1,2,3,2,14,0.617,0.762,46.56,0.769,0.752,0
23,9992,0.536,2,0,2,3,1,0.688,0.703,33.19,0.777,0.764,0
64,9993,0.625,2,2,0,2,4,0.831,0.727,26.52,0.679,0.756,1
93,9994,0.641,1,4,1,1,2,0.603,0.62,41.86,0.723,0.828,0
20,9995,0.966,3,1,0,2,7,0.969,0.789,27.46,0.932,0.93,1
16,9996,0.413,2,1,3,1,9,0.878,0.659,39.2,0.803,0.931,1
17,9997,0.47,2,4,4,2,8,0.704,0.745,39.83,0.62,0.751,0
80,9998,0.856,3,2,2,2,7,0.964,0.894,19.23,0.828,0.94,1
19,9999,0.786,2,0,1,1,14,0.717,0.923,31.58,0.786,0.914,1
8,10000,0.673,1,4,1,2,8,0.732,0.608,43.18,0.67,0.783,0
